comment_id,model_relatability
UggsRHNq_ERog3gCoAEC,Relatable
UggX1NsxmYKlUHgCoAEC,Neutral
UghmgUlSETxr5HgCoAEC,Relatable
UghRj_1u1xYiMngCoAEC,Relatable
Ughx7QwHZvzMNXgCoAEC,Neutral
Ugj5lTg-fOfcvXgCoAEC,Neutral
UgjqZV02AEaFGXgCoAEC,Neutral
Ugw_1oR7llmj79nCaP94AaABAg,Relatable
Ugw_2L9AcI-GKZtD0rB4AaABAg,Neutral
Ugw_3jL65WrHft8VNLl4AaABAg,Neutral
Ugw_4sqMmYVq-h-o19t4AaABAg,Neutral
Ugw_7iHnIiACFZmgdBZ4AaABAg,Neutral
Ugw_8jA-_XBVR3lIPDt4AaABAg,Neutral
Ugw_8qUbnsB1LVLjfgZ4AaABAg,Neutral
Ugw_BIMYVqRU0wdB61t4AaABAg,Neutral
Ugw_BNxhnwo3PcmYJtx4AaABAg,Relatable
Ugw_dBv2hSDr5yGxJ0N4AaABAg,Neutral
Ugw_EbymdE1aFePG-KR4AaABAg,Neutral
Ugw_F4It0nq37ZEP4Kd4AaABAg,Neutral
Ugw_ftWsREFozNCGShF4AaABAg,Relatable
Ugw_gz_3LgnWkA8hK654AaABAg,Neutral
Ugw_iFtv2KaO1UO2ReJ4AaABAg,Neutral
Ugw_jembSUEKhXTCKSB4AaABAg,Neutral
Ugw_KtFsWrZC5-h_3u54AaABAg,Neutral
Ugw_KyOtdHBRULzED2J4AaABAg,Neutral
Ugw_LoY1QTe7f6GFVKx4AaABAg,Neutral
Ugw_mmn4oeqr4NFeKJJ4AaABAg,Relatable
Ugw_MtsklBmbE5GMMFt4AaABAg,Relatable
Ugw_myuDUr7BiaeUIet4AaABAg,Neutral
Ugw_P-QRNUNYovcjzGp4AaABAg,Neutral
Ugw_qUqdtMfYDhnhD7V4AaABAg,Neutral
Ugw_r9tF_Qmzm-kRbt54AaABAg,Neutral
Ugw_Rgw13SuLpWaO8eB4AaABAg,Neutral
Ugw_sQR9d6VTpIwS9bl4AaABAg,Relatable
Ugw_SSQ4QjU3S_vn0UF4AaABAg,Relatable
Ugw_sUzlQISuJ_FJYgl4AaABAg,Relatable
Ugw_TVNsiagwxmDyjPt4AaABAg,Neutral
Ugw_UCY7hZqOq-OXqnt4AaABAg,Neutral
Ugw_vqhPmLLQysnNXpN4AaABAg,Neutral
Ugw_W92-dsyMImADEKl4AaABAg,Neutral
Ugw_WhiM1JuV4PDLMmN4AaABAg,Relatable
Ugw_WZhOejTZKhXFOnV4AaABAg,Neutral
Ugw_XAGLzPBSKzrgB894AaABAg,Neutral
Ugw_YBUkzLZupUj2M1h4AaABAg,Neutral
Ugw_yK7VbXHIz_EUjyR4AaABAg,Neutral
Ugw_yWwYLNxS_ldfvW54AaABAg,Neutral
Ugw_ZiBhMwtX8ZiBRJ14AaABAg,Relatable
Ugw_zRk3YtpTdGMBE-p4AaABAg,Neutral
Ugw-_oPa3BCvi5P2E5t4AaABAg,Relatable
Ugw--9qniW07GcETCl54AaABAg,Neutral
Ugw-01fRZGJhJd8Dwrt4AaABAg,Relatable
Ugw-1eX6IXXLStGj_Gx4AaABAg,Neutral
Ugw-1I63glHa_5jjg1V4AaABAg,Neutral
Ugw-1n038fGzL7MLmR14AaABAg,Relatable
Ugw-26l1yKAkEHFe9Vx4AaABAg,Neutral
Ugw-2QtowQPMqaKbi7x4AaABAg,Neutral
Ugw-459rmfDUTfIPqex4AaABAg,Neutral
Ugw-6sKbmi2Q0P1ZCGR4AaABAg,Relatable
Ugw-aoHi56_j3j80ADF4AaABAg,Neutral
Ugw-bgrPbfC0YN3Fy7B4AaABAg,Relatable
Ugw-gaMAEa1Fw02DsNN4AaABAg,Relatable
Ugw-hMTACf4ibztrFAZ4AaABAg,Neutral
Ugw-HNzJbxn2wlKoYu14AaABAg,Relatable
Ugw-I3Nd4AYhMn3MJMd4AaABAg,Neutral
Ugw-inIiMe9NAwEjf2d4AaABAg,Neutral
Ugw-IYVItu9de5cqgsN4AaABAg,Relatable
Ugw-j642hv1OmHr-RrF4AaABAg,Neutral
Ugw-JJjtKHVNw7SK-yJ4AaABAg,Neutral
Ugw-KoGkeA00sgvUU9J4AaABAg,Relatable
Ugw-nhpCR3mKf53snkF4AaABAg,Neutral
Ugw-OF1v1qCjJhziSHl4AaABAg,Relatable
Ugw-qLIAvE1__yhVmSx4AaABAg,Neutral
Ugw-s10f2ZceqxopXlV4AaABAg,Relatable
Ugw-tqNa1V1oC7iZXRB4AaABAg,Neutral
Ugw-u181fZoxNgth7jd4AaABAg,Neutral
Ugw-UryzbeuMMZ4ok5N4AaABAg,Neutral
Ugw-WfgrCBP6OxhPHsJ4AaABAg,Relatable
Ugw-xh0aF-igk5IXuTh4AaABAg,Neutral
Ugw-YBMexMU9fiwm0h54AaABAg,Neutral
Ugw03-JejR436p2mgB54AaABAg,Neutral
Ugw058mpP6vME-au2oN4AaABAg,Neutral
Ugw06hhKzysYm14s2LJ4AaABAg,Neutral
Ugw08biH4YGB8tC-oBB4AaABAg,Relatable
Ugw08KmlQXQkB71NETB4AaABAg,Relatable
Ugw08Q-jZkqa9qiuoIt4AaABAg,Neutral
Ugw0B7j-g-HG0DKduRp4AaABAg,Neutral
Ugw0CCgBGHYpsVu0kbR4AaABAg,Neutral
Ugw0cLIq3rs148fltiJ4AaABAg,Relatable
Ugw0CsvB5ChREVjgKX94AaABAg,Neutral
Ugw0h_ZZHwEQzr3Q29Z4AaABAg,Neutral
Ugw0HS08-Sp3VaaotTl4AaABAg,Neutral
Ugw0J3BLjzSMBA5V7qN4AaABAg,Relatable
Ugw0Jhcm2AZcc4jlE_R4AaABAg,Relatable
Ugw0jTfUm6EKp5mhxTV4AaABAg,Neutral
Ugw0Kjv8x1BnN3_i7sh4AaABAg,Neutral
Ugw0MBOb9ZnTBUlbOBd4AaABAg,Neutral
Ugw0mP0cE1v_F2DJjjh4AaABAg,Relatable
Ugw0mpSq3KJc-wKOAQl4AaABAg,Relatable
Ugw0nulHzDc2twa67cl4AaABAg,Neutral
Ugw0oj1bkL72dmbCbY94AaABAg,Neutral
Ugw0PEGLt_TUVD1JIzt4AaABAg,Neutral
Ugw0pnwOdfqciOVjxUl4AaABAg,Neutral
Ugw0Q1iQAerK0mjj19d4AaABAg,Relatable
Ugw0qnl_Y3fGP0TMFKd4AaABAg,Relatable
Ugw0RfkNNBAYr7-4MtJ4AaABAg,Neutral
Ugw0rmKjWvg3slJ5lsl4AaABAg,Neutral
Ugw0T41n23dFss4Och94AaABAg,Relatable
Ugw0T8m8q8CyUnJcGrh4AaABAg,Neutral
Ugw0tnWYMYeRqdJ4QdZ4AaABAg,Neutral
Ugw0TuQcL3aQijVm2gN4AaABAg,Relatable
Ugw0ui4K1rKQZskKmtd4AaABAg,Neutral
Ugw0VgUzpBdxcY0XyTt4AaABAg,Neutral
Ugw0x_GPsa7eWEYz-jZ4AaABAg,Relatable
Ugw0xatSc8ZLxB7Jxtt4AaABAg,Neutral
Ugw0XOSrMvGSSFkm1MV4AaABAg,Relatable
Ugw0Ze4TxuQmxyZ0fZp4AaABAg,Neutral
Ugw0ZyWVsYHHu7HtdP14AaABAg,Relatable
Ugw1-GHMr1XsNWYMfTt4AaABAg,Relatable
Ugw1-J9tjEtgdnV1zpR4AaABAg,Neutral
Ugw10wb2mlYg0YSWX1F4AaABAg,Neutral
Ugw13idtpuGyAwaJNNx4AaABAg,Relatable
Ugw15BUWYkKbbXAPwaJ4AaABAg,Neutral
Ugw15efhqf1Vit4W0Q14AaABAg,Neutral
Ugw18IUI1DOUAdkZ0zF4AaABAg,Neutral
Ugw18YCCqO_nQebQHJl4AaABAg,Relatable
Ugw19lkAcvoy9Jx1SRt4AaABAg,Neutral
Ugw1A50SJqv3kMlPPU94AaABAg,Relatable
Ugw1AMwlPIe4N2el-6B4AaABAg,Neutral
Ugw1BzO3gk3TgZwdnyJ4AaABAg,Relatable
Ugw1ftsz15gBQlokxzN4AaABAg,Neutral
Ugw1hRQK7Dsi0tu72p54AaABAg,Relatable
Ugw1INg-ZVHc6zv3UdV4AaABAg,Neutral
Ugw1iV60y0dqQGMOpY14AaABAg,Neutral
Ugw1JonNpDyuTHcmh2Z4AaABAg,Neutral
Ugw1K7HftP0rpzQU45h4AaABAg,Neutral
Ugw1kP451g84lGtM8nR4AaABAg,Relatable
Ugw1KvYbdkHwfSkKrtt4AaABAg,Neutral
Ugw1lUf8bVxwC0QPn5R4AaABAg,Relatable
Ugw1MxfOpV19xIIryDh4AaABAg,Neutral
Ugw1N5-6nb7zDhwn5VV4AaABAg,Neutral
Ugw1nRVcPXR3QI0xsTR4AaABAg,Relatable
Ugw1pqnkNZ06NunamLZ4AaABAg,Neutral
Ugw1RDgYN0K0RK4OfZl4AaABAg,Neutral
Ugw1ruexIh6sokkReVt4AaABAg,Neutral
Ugw1TGsO5J45TEZUuMB4AaABAg,Neutral
Ugw1wHMPayvYDFaV67N4AaABAg,Neutral
Ugw1yU_LHcTAlT1B77V4AaABAg,Neutral
Ugw1zLtouCKHXD6EwZx4AaABAg,Neutral
Ugw2_I_m80XDYFxd_UF4AaABAg,Neutral
Ugw21VNcmlYy9dnTdKV4AaABAg,Neutral
Ugw23dVG6vJYA5Z0EZp4AaABAg,Neutral
Ugw24pQdcgROevETm014AaABAg,Neutral
Ugw24Uk3rDalkn5Y4pd4AaABAg,Neutral
Ugw25LLyo1EfMMZdItp4AaABAg,Neutral
Ugw25naJlF_tKrDIv7d4AaABAg,Neutral
Ugw27nDxHcPjE9r6Mod4AaABAg,Neutral
Ugw2BULkI9GQJGAQyWV4AaABAg,Neutral
Ugw2cFH5SR5nf5b1_EV4AaABAg,Neutral
Ugw2DkTO1Qh89uAPSsR4AaABAg,Neutral
Ugw2dMJ-PUGgNGoYDAV4AaABAg,Neutral
Ugw2E6uYEOL7YAmFJlh4AaABAg,Neutral
Ugw2eIYC2pGRcP0H9JF4AaABAg,Neutral
Ugw2ej80P37fnYwWfAZ4AaABAg,Neutral
Ugw2EWwhqTIwQGZDR-J4AaABAg,Neutral
Ugw2fAzEbhxvmzVAZxB4AaABAg,Relatable
Ugw2fNP-FWHx-b-CpQd4AaABAg,Neutral
Ugw2GrfCcs23Q4hwIMl4AaABAg,Neutral
Ugw2gY-X5iMKCcZ_2DN4AaABAg,Neutral
Ugw2H11doSiZsOeFwsJ4AaABAg,Neutral
Ugw2h7lmc5FvW5LP2IF4AaABAg,Relatable
Ugw2HgjvjmXBRqvY5gF4AaABAg,Neutral
Ugw2IRiq5HgihRaK7sZ4AaABAg,Relatable
Ugw2KSDOk6k33Y3o_IV4AaABAg,Neutral
Ugw2lJ3pu69POS2k9pJ4AaABAg,Neutral
Ugw2m2kLZnzzvLiahEp4AaABAg,Neutral
Ugw2No0oUY2BAaRCGPh4AaABAg,Neutral
Ugw2pUryThIPB2fkBCd4AaABAg,Neutral
Ugw2pYaseOIyj_Wy-CZ4AaABAg,Relatable
Ugw2q8Bl-ysF6mdqGIV4AaABAg,Neutral
Ugw2qtjUYZymuUBFDSJ4AaABAg,Relatable
Ugw2tyqgeCeNqT6cjih4AaABAg,Neutral
Ugw2uUBTsPcjk1SuWdd4AaABAg,Relatable
Ugw2uZ5_POMoK6IExEZ4AaABAg,Neutral
Ugw2vDwl5oOPbrvvpQp4AaABAg,Neutral
Ugw2w_2gKFPiokr6W_Z4AaABAg,Neutral
Ugw2XIlpSW_As1KHq_V4AaABAg,Neutral
Ugw2XuR0tw4AYtZvbR94AaABAg,Neutral
Ugw2yFgdpMBXJUl__gh4AaABAg,Relatable
Ugw2YWUA-dulWjXfeN14AaABAg,Relatable
Ugw33UQjU2ajEpQpG7h4AaABAg,Relatable
Ugw34LU8eAZGR2mu-c94AaABAg,Neutral
Ugw37NqJjR5BBcVUbaB4AaABAg,Neutral
Ugw3C_1AQ_Am18K72vF4AaABAg,Neutral
Ugw3dZ7t_Jr2eGTMGid4AaABAg,Neutral
Ugw3gId0wAMFSUNc37p4AaABAg,Relatable
Ugw3H_nq32AcHsI5Hmd4AaABAg,Relatable
Ugw3HGJMy6C3Ty3vQ-p4AaABAg,Neutral
Ugw3ltaId534utk0P7p4AaABAg,Neutral
Ugw3m3Mq4uX_Vq5uord4AaABAg,Neutral
Ugw3N6H6puC_Ezhi1Dd4AaABAg,Neutral
Ugw3NoeSicX1roBx9eJ4AaABAg,Relatable
Ugw3O9UzqdwiH5odnJx4AaABAg,Neutral
Ugw3qpBBPk1ezrS3JBN4AaABAg,Neutral
Ugw3sFsU65QICrhCMQl4AaABAg,Relatable
Ugw3sij7DxAtDNNcsKV4AaABAg,Neutral
Ugw3SrdzKNLPe0Df7Cl4AaABAg,Neutral
Ugw3Tg4_uWFr-usy2SV4AaABAg,Neutral
Ugw3tj6KDJsmXo0OSVh4AaABAg,Relatable
Ugw3U_Y3TWxkvG4Ntw54AaABAg,Neutral
Ugw3UIQA5l4W_EbfjS94AaABAg,Neutral
Ugw3V6FOBSXFzwXlmpp4AaABAg,Relatable
Ugw3X-1W-vTJeaHKtut4AaABAg,Relatable
Ugw3YSnQTyrfgwOd2zN4AaABAg,Relatable
Ugw3zGr1cpSG4pQSlPV4AaABAg,Neutral
Ugw3zmw6eREFgSNeDqF4AaABAg,Relatable
Ugw4_EK0wK-1BVJ0Iv14AaABAg,Neutral
Ugw4_wu9rVLRxOE12N54AaABAg,Relatable
Ugw43AAHncifVTRAalR4AaABAg,Neutral
Ugw48yipDR3riYd5eEV4AaABAg,Relatable
Ugw4BbAMc2nyOn3xDRx4AaABAg,Neutral
Ugw4cOVE4tEdP43cDsF4AaABAg,Neutral
Ugw4Cr96eKOG_ZABqhh4AaABAg,Relatable
Ugw4eqE8JWNl5Yw3zL94AaABAg,Neutral
Ugw4gz4spS0qFaRH1v54AaABAg,Neutral
Ugw4I3zgrNB-S49W2lh4AaABAg,Neutral
Ugw4jPQ7fkYHFRC25k94AaABAg,Neutral
Ugw4KFNchE4OcbR9bQd4AaABAg,Neutral
Ugw4LzueW9oWRcE4i3h4AaABAg,Neutral
Ugw4m26VmEhSnAdmhhp4AaABAg,Neutral
Ugw4mhCSozCidAvpDPd4AaABAg,Neutral
Ugw4mJWGIOkY2a-jyQh4AaABAg,Neutral
Ugw4mT4fxPnXuTAsgHl4AaABAg,Relatable
Ugw4mVQ_J-lxXffNIVB4AaABAg,Relatable
Ugw4OgWxOh0xtcaXDNB4AaABAg,Neutral
Ugw4ovRZwz_XD-Mq5UB4AaABAg,Relatable
Ugw4OyhmL3lzvsakCAh4AaABAg,Neutral
Ugw4qmbj9TQ9SNBEvmJ4AaABAg,Neutral
Ugw4TJ_3-wXv1vrEk0F4AaABAg,Neutral
Ugw4UsVRJJ-5051GIQh4AaABAg,Neutral
Ugw4W_xn8TnpP3joPbN4AaABAg,Neutral
Ugw4WCv8uARdfJa2Hpp4AaABAg,Relatable
Ugw4wgHACdWVFvaeJ1F4AaABAg,Neutral
Ugw4x3vUHhNXMmY_9JR4AaABAg,Neutral
Ugw4XA7v98uGvvCTMZt4AaABAg,Neutral
Ugw4xg4vKsXmvhgNnuF4AaABAg,Neutral
Ugw4ZW4LdwpjHqeUBbJ4AaABAg,Neutral
Ugw5-fGgpeAAxXb0spd4AaABAg,Neutral
Ugw50iaUT1FfxnfhMi14AaABAg,Relatable
Ugw54stow1TsOwAHIFJ4AaABAg,Relatable
Ugw559Ga6BlRHob6CEV4AaABAg,Relatable
Ugw56iqkt-o0AFd81-J4AaABAg,Neutral
Ugw571Pj1MM_CgalT5l4AaABAg,Neutral
Ugw58jio0iv_dEofYu54AaABAg,Neutral
Ugw58NTjWIISpcmZq194AaABAg,Relatable
Ugw59Pa6FTF8vfkToQd4AaABAg,Neutral
Ugw5Bl20Au63dW807jR4AaABAg,Neutral
Ugw5bYnsXnYwDPerFlF4AaABAg,Relatable
Ugw5CXclkw5mxJ71boF4AaABAg,Neutral
Ugw5G0dqVanyLAOmION4AaABAg,Neutral
Ugw5HYrzyWhgF_TiPwR4AaABAg,Neutral
Ugw5jAmXP353-BKmoaN4AaABAg,Relatable
Ugw5JzQsg0t9pxfA44p4AaABAg,Relatable
Ugw5lRvnSlu0V9HUTfR4AaABAg,Relatable
Ugw5N3ZAIVWTuaiqj9N4AaABAg,Neutral
Ugw5OKUbe7xgT_mgfN54AaABAg,Neutral
Ugw5q0zBH6RLS26CIS94AaABAg,Relatable
Ugw5qvsw5PgM2wrkATx4AaABAg,Relatable
Ugw5rBHqFapDy9ZToM54AaABAg,Neutral
Ugw5smyOqZ1wAmjX_5p4AaABAg,Neutral
Ugw5SsdDsEuQmCbY65V4AaABAg,Neutral
Ugw5thJgghnOGXNAOBh4AaABAg,Neutral
Ugw5UPK4OpYWb9DMyBt4AaABAg,Relatable
Ugw5uwmo_5b6GydKIBl4AaABAg,Neutral
Ugw5vO5WOS51Ku4E1WN4AaABAg,Neutral
Ugw5W6dUmIRRXzngHEN4AaABAg,Neutral
Ugw5WYETRvsnjLeb75d4AaABAg,Relatable
Ugw5YWqz8QrcnaNaEiV4AaABAg,Neutral
Ugw5zvhKg_QHpq5i5tN4AaABAg,Neutral
Ugw5ZwVV6rYO3lK-DMN4AaABAg,Neutral
Ugw6_0Y_FVeCEAI7-Vt4AaABAg,Relatable
Ugw60hiqnkfENH7k8b14AaABAg,Relatable
Ugw63FOKDIReuexP8t94AaABAg,Neutral
Ugw68jLH9zSJa9gdGMN4AaABAg,Neutral
Ugw68U5SgQLJ1kl29up4AaABAg,Relatable
Ugw6aFTCBwXpwyEXOhZ4AaABAg,Neutral
Ugw6F4-esAsdQBuwS754AaABAg,Relatable
Ugw6FcnpJ1Y6AhD8gTN4AaABAg,Neutral
Ugw6G3KohE0jEbi9enB4AaABAg,Relatable
Ugw6gtc-ZYG0XDB7h5p4AaABAg,Relatable
Ugw6gUM7owFYsdk-mVl4AaABAg,Neutral
Ugw6H6CKgm786C05dPB4AaABAg,Relatable
Ugw6Kfy42v3kyBYpQ9B4AaABAg,Neutral
Ugw6L51qc__idZLnmiJ4AaABAg,Neutral
Ugw6NdqbIyJezcen9894AaABAg,Neutral
Ugw6NP_6YXHdH3cGVzF4AaABAg,Relatable
Ugw6PMf9HNbZiCU4Fyt4AaABAg,Neutral
Ugw6qc2OFST_EpYd5P54AaABAg,Neutral
Ugw6Qzh8WISm76JekQB4AaABAg,Neutral
Ugw6RaOwvJhmFDWZjU14AaABAg,Neutral
Ugw6sXN_ZOWYmeeOdDp4AaABAg,Neutral
Ugw6uUZBJ-qPLnYnNK94AaABAg,Neutral
Ugw6VWPy5p-XKvkRjmN4AaABAg,Neutral
Ugw6WjrNQqjJT2j2RGV4AaABAg,Neutral
Ugw6X_t_8CXxOL6o0O94AaABAg,Neutral
Ugw6x40xlZ_kpjCPYMF4AaABAg,Relatable
Ugw6YRXcb9hfX8FEkuN4AaABAg,Neutral
Ugw6z446YnJ3eeWzpzp4AaABAg,Neutral
Ugw6Znu4hAXvNNMxev54AaABAg,Neutral
Ugw6ZUTV5hpxhsE98U54AaABAg,Neutral
Ugw70g6Zw1jVfxciAjB4AaABAg,Neutral
Ugw74myCxYGtiSQNDo54AaABAg,Neutral
Ugw77WSNz7IcJwPdxLp4AaABAg,Neutral
Ugw78vDWYDma20WhQ3p4AaABAg,Relatable
Ugw7Bg3pjRhxJum6xJt4AaABAg,Neutral
Ugw7chb06kAqdvSX3Y54AaABAg,Neutral
Ugw7DD6ekrlmgeq2afd4AaABAg,Neutral
Ugw7DERufPVgZLHWlmR4AaABAg,Relatable
Ugw7eg6LcBMdQIqqt6x4AaABAg,Neutral
Ugw7ehlJHC6zyEWUz3J4AaABAg,Relatable
Ugw7FN-rGq_XuSxOfqx4AaABAg,Relatable
Ugw7h2-HjVWT6lRr8At4AaABAg,Neutral
Ugw7hvwWWx6bQkgWAS94AaABAg,Neutral
Ugw7I5Eyy0-2PGAgsbZ4AaABAg,Neutral
Ugw7IT2Jp0BPbIpN8tJ4AaABAg,Neutral
Ugw7J_ailwjXh_DT5454AaABAg,Neutral
Ugw7j_gh96cAOIpnXnF4AaABAg,Neutral
Ugw7lm8rLFlKNJIxmRl4AaABAg,Neutral
Ugw7Lpu6dpaJWWa7tch4AaABAg,Neutral
Ugw7lRFt8LQZe4Q4L_h4AaABAg,Relatable
Ugw7mpuRMr2gNY9T_Fd4AaABAg,Relatable
Ugw7noA8Nhv-rQXumax4AaABAg,Relatable
Ugw7nvvGDqyZkSW3z4d4AaABAg,Relatable
Ugw7Od6nzzgQvg0y8Np4AaABAg,Relatable
Ugw7OkchLFUuLZVd2QV4AaABAg,Neutral
Ugw7pr-2fIb9Qu-BKP14AaABAg,Neutral
Ugw7qDMdmWkA23zMBRt4AaABAg,Relatable
Ugw7R1LI4ZJD5mrw9mB4AaABAg,Relatable
Ugw7SzM6ikpbjoJ1Gmx4AaABAg,Neutral
Ugw7u0SQWxT4aXUxXh94AaABAg,Relatable
Ugw7urITlnDD512OcMt4AaABAg,Neutral
Ugw7vkeIza0rCpv0vUp4AaABAg,Relatable
Ugw7wjv4lZey60QtFkR4AaABAg,Relatable
Ugw7yuyP8IcpO4yWw0h4AaABAg,Neutral
Ugw7Zln4gX4Go1evMft4AaABAg,Relatable
Ugw7ZPfFC8qepbYydI94AaABAg,Neutral
Ugw8-878OmtwV-J6h7F4AaABAg,Neutral
Ugw8-ucTd5F85WRsA0F4AaABAg,Neutral
Ugw80DwxPjXieu8oC0l4AaABAg,Neutral
Ugw81W1fZm1bC4iq8Qh4AaABAg,Relatable
Ugw82gElXGZnBH41w114AaABAg,Relatable
Ugw82vFzSSNtJBhC9Xt4AaABAg,Neutral
Ugw85xwezAUARpqrg494AaABAg,Neutral
Ugw87tJs6NpIwof2uIV4AaABAg,Neutral
Ugw88jZhdNbz1VtluIJ4AaABAg,Neutral
Ugw88N6pvjvYcnOIffx4AaABAg,Relatable
Ugw8Bhtz0YKDNW4Pe1Z4AaABAg,Relatable
Ugw8bJEch86CUhyvFT94AaABAg,Neutral
Ugw8bzeELU7rOS79cHB4AaABAg,Neutral
Ugw8c4D22M06z6SDkrl4AaABAg,Neutral
Ugw8ch8SAZK63r8s1JR4AaABAg,Relatable
Ugw8DCKfzTIp6Zb4nph4AaABAg,Neutral
Ugw8DlhlSKRObkRDmQ94AaABAg,Neutral
Ugw8DQH1TdZ-HO-GNA54AaABAg,Neutral
Ugw8dZN85xRSGJWkyPx4AaABAg,Neutral
Ugw8EgJTmJSiTqogimp4AaABAg,Relatable
Ugw8fxA1MSCwRLM6hjN4AaABAg,Neutral
Ugw8G520oeXFrfanQER4AaABAg,Neutral
Ugw8gnIyXl5rqupSX3V4AaABAg,Neutral
Ugw8gv_AmZxzkOiRtnR4AaABAg,Relatable
Ugw8IADppSMAXP70Wqd4AaABAg,Relatable
Ugw8ij9VhB7VXtdXCuB4AaABAg,Neutral
Ugw8jsGSVLCtKFB6x7J4AaABAg,Neutral
Ugw8JyQalOJ6NZsF-dx4AaABAg,Neutral
Ugw8LlCQ74l5ZZWkEDl4AaABAg,Neutral
Ugw8ms_Wc9QsoSFWwGB4AaABAg,Neutral
Ugw8NazYxIVytYpW-254AaABAg,Relatable
Ugw8nHZ_-ydnXSmcNVZ4AaABAg,Neutral
Ugw8nQLhdcbk8PBBIih4AaABAg,Neutral
Ugw8omAD0iqHfaWaT4x4AaABAg,Neutral
Ugw8oOB5RjFP2zlCtH14AaABAg,Neutral
Ugw8OYUx0o3CJjeJ_IV4AaABAg,Neutral
Ugw8qBneLGokuYUTiVd4AaABAg,Relatable
Ugw8uA_vu-z4XQQJ9p94AaABAg,Neutral
Ugw8UAb9MysGEBJXRyd4AaABAg,Relatable
Ugw8Uf_UnmDqmwKZnGR4AaABAg,Neutral
Ugw8V9tjIfiMmJP6UkJ4AaABAg,Neutral
Ugw8vep_rtSeytomttV4AaABAg,Relatable
Ugw8vKXRxmDycwZKWEZ4AaABAg,Relatable
Ugw8w5ZYbpowlDSecld4AaABAg,Relatable
Ugw8WCRLQfVTGuhCVrB4AaABAg,Relatable
Ugw8WGjComw6nM0pPll4AaABAg,Neutral
Ugw8wsz6sOJ878vRYVZ4AaABAg,Neutral
Ugw8x0ixOh3g9txqjF54AaABAg,Neutral
Ugw8xAyZhyX4dVaKmct4AaABAg,Neutral
Ugw8XkCIUCRKNlWjxv54AaABAg,Neutral
Ugw8YFiIVoxp-Ya8yCV4AaABAg,Relatable
Ugw8Zk41vGcCvCJLCz14AaABAg,Neutral
Ugw8ZLntRqfbCCWvcoV4AaABAg,Neutral
Ugw8zUHTS6h7Yk84vq14AaABAg,Neutral
Ugw90CLWaWN2Z1DEfSB4AaABAg,Neutral
Ugw93zwr8-KAY7aRFGB4AaABAg,Neutral
Ugw9A1yWSGw8dLKigcp4AaABAg,Relatable
Ugw9a6JfvNmide43wj14AaABAg,Neutral
Ugw9aPkOsOkn46vPGt94AaABAg,Neutral
Ugw9aQ4mS3W-RIWg5rF4AaABAg,Neutral
Ugw9dd9nZGvxr7ecIqF4AaABAg,Relatable
Ugw9dtSIrN0_fuDca3F4AaABAg,Neutral
Ugw9e8lxIC1Z5Y-gxOp4AaABAg,Neutral
Ugw9FHqN5v-U809lYZV4AaABAg,Neutral
Ugw9GkgwfU7y2s6MKXR4AaABAg,Neutral
Ugw9hAW86pWu6EWkYJt4AaABAg,Neutral
Ugw9Hqqaj8mXlo-voIV4AaABAg,Neutral
Ugw9KmmxbtkRd8sNliF4AaABAg,Neutral
Ugw9kR77bk1RWidS25l4AaABAg,Relatable
Ugw9Mke_2vKrN30d5o94AaABAg,Neutral
Ugw9NB-t3eUuNK5WDAt4AaABAg,Neutral
Ugw9o7_7_QOH0r9YdQ94AaABAg,Neutral
Ugw9OB6UCLqxXNAvpFd4AaABAg,Relatable
Ugw9R0V6JZ3AA4I-kPZ4AaABAg,Neutral
Ugw9RzcykFNBu9fCrVt4AaABAg,Neutral
Ugw9syaTez_nfWLuAxl4AaABAg,Relatable
Ugw9t1044dDPmnJgLyJ4AaABAg,Relatable
Ugw9TVXQNsdDBR8xIZ94AaABAg,Neutral
Ugw9u6LA6fZOh1nmXMF4AaABAg,Neutral
Ugw9yI7GztyxSAU7FYl4AaABAg,Relatable
Ugw9YRXESqTKSviyyXx4AaABAg,Neutral
Ugw9zS74Wt7jUfx354Z4AaABAg,Neutral
UgwA-lpAPCrlQCJ9lRd4AaABAg,Neutral
Ugwa1iKUINPB_jm8Yy14AaABAg,Relatable
Ugwa2RPjlbaYjj8lU4R4AaABAg,Neutral
Ugwa3pbzxR8GTrEOS3F4AaABAg,Neutral
UgwA4cT8KyEsWh8JZvF4AaABAg,Relatable
Ugwa5PhfIhlktP_I_Xd4AaABAg,Neutral
UgwA5uzqI9Fec1HhiE14AaABAg,Relatable
UgwA6_qHj_pl9DN9inR4AaABAg,Relatable
Ugwa6p2523TPzgVPV9B4AaABAg,Neutral
Ugwa7dUPsjhauFr7gZ14AaABAg,Neutral
Ugwa7xzk0APFPrq1bPB4AaABAg,Neutral
UgwA9k0f9o72wYnK4LJ4AaABAg,Relatable
UgwAAgep3EkItVicvUB4AaABAg,Neutral
UgwaAy1XvSaoj91zX594AaABAg,Neutral
UgwAckaqfTQs5olWFmd4AaABAg,Relatable
UgwaCL-AVSaXhmMostN4AaABAg,Neutral
UgwacRYLpJOyMOq4_KR4AaABAg,Neutral
UgwACyviYcQGAt6j0nF4AaABAg,Relatable
UgwAdirc7_uQdYwp_Dp4AaABAg,Relatable
UgwADnN4eCgUVi9tOJh4AaABAg,Neutral
UgwaECwfAo-MpupeXoh4AaABAg,Neutral
UgwAeMTWerrsPxS6XEV4AaABAg,Neutral
UgwAEqyde2hdw0yRVG54AaABAg,Neutral
UgwaFsZno_CAAYwBEil4AaABAg,Neutral
UgwAg_H6Aq1Ix2x7dId4AaABAg,Neutral
UgwagIBre6IVgm1nd5h4AaABAg,Relatable
UgwaGPXa6-zorEm2cIB4AaABAg,Neutral
UgwAgvhERC1-2xTM1Fp4AaABAg,Neutral
UgwaGYEeknQsbSBqEpd4AaABAg,Neutral
UgwaHL3Kq5MPbEKxzod4AaABAg,Neutral
UgwAiZTvTo9fP8VOmqh4AaABAg,Neutral
UgwajCX_xgD1ye-oq5V4AaABAg,Relatable
UgwajYkRhLLxn94ZHG94AaABAg,Neutral
UgwaKhmzQGZiUZENsCV4AaABAg,Relatable
UgwakszRwkuDBcRf8Ul4AaABAg,Neutral
Ugwal1jOYaBANLfJWB14AaABAg,Neutral
UgwALLSUR4_MOoHNRhl4AaABAg,Neutral
UgwALRhXTUi8WzrUZ5B4AaABAg,Neutral
UgwaM8cM_x4sAanpq9p4AaABAg,Neutral
UgwAMw_38sMRwakcQ0d4AaABAg,Neutral
UgwAn1-1p0qnsn_s_C94AaABAg,Neutral
UgwAnHIzdWeSQWMh4IR4AaABAg,Neutral
UgwaOd9_XastI7X5ATd4AaABAg,Relatable
UgwAoH4RDzoksbbmsOV4AaABAg,Relatable
UgwAOICw7efA-rmBuXR4AaABAg,Relatable
UgwaorAECeXruwLMX2l4AaABAg,Neutral
UgwAoWVA75WEQSl04NF4AaABAg,Neutral
UgwAoyM8HLSDkYV-NbN4AaABAg,Neutral
Ugwap_v83-OgBuCBr5h4AaABAg,Neutral
UgwAP3WXt_Gr2RVWI_54AaABAg,Neutral
UgwaPhj5GPiPbZz9gvt4AaABAg,Neutral
UgwAqeNwEsoJIPoG1_J4AaABAg,Relatable
UgwAqlXTw_B18LU0Xd54AaABAg,Relatable
UgwareMA_OOd2VCuaUN4AaABAg,Neutral
UgwarITh8sIIXY1WgAd4AaABAg,Relatable
UgwASf9nLLvfMU854Ix4AaABAg,Relatable
UgwAsG3H_Z6wpu5tR7l4AaABAg,Relatable
UgwASJbTDQSFwQgyCop4AaABAg,Neutral
UgwAskfjjvf0h90qrcl4AaABAg,Neutral
UgwasmA8kCspJW-cPkd4AaABAg,Neutral
UgwasTqVeCaOP3R4oOp4AaABAg,Neutral
UgwAtiv5T8bKgGXyMsp4AaABAg,Relatable
UgwAUHqkKKhWXVPdmwB4AaABAg,Neutral
UgwaWkQ-Jk-1bVQZ1DZ4AaABAg,Neutral
UgwaWZnUFZB9nDHdSld4AaABAg,Neutral
UgwAXs9oWLH5a4R-pWd4AaABAg,Relatable
Ugway1Ig_ZFQF2xTf494AaABAg,Neutral
UgwAyqF0I0lEvfeNG_Z4AaABAg,Neutral
UgwaZ6DDsVPB354bDlB4AaABAg,Neutral
UgwaZVlU4e6OXiUo0f94AaABAg,Relatable
UgwAzvxfxeJWj2KCPgF4AaABAg,Neutral
UgwB_UQBh_zhSu_qa794AaABAg,Neutral
Ugwb-_L0tNLKXIaa3od4AaABAg,Neutral
UgwB1fr0Pbx0fz3AfCF4AaABAg,Relatable
Ugwb1O4JTunElFdSgCx4AaABAg,Neutral
Ugwb1vyX_nOqNPMuI8R4AaABAg,Neutral
Ugwb2EBXy9orTJpjJEZ4AaABAg,Neutral
Ugwb2Us-uXLEm2oz_Id4AaABAg,Neutral
Ugwb3foBf4M2VHWiJeV4AaABAg,Relatable
UgwB3vL0GYhDW-ZSd_94AaABAg,Neutral
Ugwb4O1twgg-cVtrr8Z4AaABAg,Neutral
UgwB57T35GRMqIFRKNV4AaABAg,Neutral
UgwB5FVGZMIBuBlIGit4AaABAg,Neutral
Ugwb5Y6C-OV_Sbux0BV4AaABAg,Neutral
Ugwb61v5uZGaGXZBO3F4AaABAg,Neutral
UgwB66okaJ5WO-ILNUF4AaABAg,Neutral
Ugwb8aa5E0L66ZdQsi54AaABAg,Neutral
Ugwb8ox3ITT7emT-CGR4AaABAg,Neutral
Ugwb9qDIj1EequBgoXJ4AaABAg,Relatable
UgwB9qVX8fKPVjOYTg14AaABAg,Relatable
UgwbA3mbBVI_vMHYB6p4AaABAg,Neutral
UgwBaGVtwx1Yex91dIp4AaABAg,Relatable
UgwBazSxoEHGpIjcp7R4AaABAg,Neutral
UgwBb7PJWpOejU--qmx4AaABAg,Neutral
UgwbBJjdiKds3xkyVBJ4AaABAg,Neutral
UgwbbT61Avck4GykEp94AaABAg,Relatable
UgwBC32NNWx5ol4q9sF4AaABAg,Neutral
UgwBCF2xOyAg7pDqbnB4AaABAg,Relatable
UgwbChOYBegqK2hCqwx4AaABAg,Neutral
UgwbdQl63Ruf86QzVs14AaABAg,Relatable
UgwBEAbLrVXCZhtT1Vx4AaABAg,Relatable
Ugwbeg0OiGScXScfsit4AaABAg,Neutral
UgwBEspu_yGDHEC0-M54AaABAg,Neutral
UgwBf6Vz13l70bqPeo94AaABAg,Neutral
UgwBfcqQo_8ztolA9uJ4AaABAg,Relatable
UgwbFvm1Du9PYbgKnER4AaABAg,Neutral
UgwBFZqO0c3fW1F6cHl4AaABAg,Relatable
UgwbG_Drrh06OghhdbJ4AaABAg,Neutral
UgwBgvz0Ww_-4amETHh4AaABAg,Neutral
UgwbHbOoPPuejVUeAgd4AaABAg,Neutral
UgwBHZ1kM9SDrxIgAuN4AaABAg,Neutral
UgwbIazOLhYDI_366dF4AaABAg,Relatable
UgwbInyzbdRfOMRVc_94AaABAg,Neutral
UgwbITmPvmdFZbqCWTx4AaABAg,Neutral
UgwBj30AoUQHjJ3gB5l4AaABAg,Neutral
UgwbJfsUzjTk2_mw4Xl4AaABAg,Neutral
UgwBK4OZiaafEbu5B3l4AaABAg,Neutral
UgwBkcFBGZj64Noa6cl4AaABAg,Neutral
UgwbKI3FYHnlp9jUmjp4AaABAg,Neutral
UgwbLn8Pc_KGBqJlt7J4AaABAg,Neutral
UgwbmjA8Rx7S6pJvyOx4AaABAg,Neutral
UgwBMKITLVlDr4RxO7l4AaABAg,Relatable
UgwBmNf-5znmwKVGBkt4AaABAg,Relatable
Ugwbmr73Nh9sJwCl67h4AaABAg,Relatable
UgwbmRegh7FXfweOaLB4AaABAg,Relatable
UgwbMylfaywPCUgpp-N4AaABAg,Neutral
UgwBnwFD7MrVzT0p5wJ4AaABAg,Neutral
UgwBoDkrcEjoyw0BKmZ4AaABAg,Relatable
UgwbOte_LyhbD3PSojV4AaABAg,Neutral
UgwBpNoiCfmNt0yqZk94AaABAg,Neutral
UgwBpsgsvHdIPgkHKO54AaABAg,Relatable
UgwBq_OnNhX3ThxZabR4AaABAg,Neutral
UgwbrMWdfj5yKCGPJ4V4AaABAg,Neutral
UgwbrsrgYetbgMD9y2Z4AaABAg,Relatable
UgwbRuoHb5h99ZynfkB4AaABAg,Neutral
UgwbShwCThuu8kVkyOB4AaABAg,Neutral
UgwBsS82Vsjbv9nPiOd4AaABAg,Neutral
UgwbT8bay5qDhtOC0w54AaABAg,Neutral
UgwbtKGbN5ViYlOucy54AaABAg,Neutral
UgwbTLCKi7Lx3j5BMPJ4AaABAg,Neutral
UgwBu5gugBTRzUdDVYh4AaABAg,Relatable
Ugwbur5Q9n4Nvt1PMa54AaABAg,Neutral
UgwbW1JuzauHE9HjR654AaABAg,Neutral
UgwBXhoWfWyFiVLRI994AaABAg,Relatable
UgwbY0yVz8zc75NFh1h4AaABAg,Neutral
UgwbyLz6UGGUvixAn3d4AaABAg,Neutral
Ugwbz0-bfT5cSMsG0r14AaABAg,Relatable
Ugwbz6EHzvtWjyynnpx4AaABAg,Relatable
UgwbzOwQdWqOF04XQC14AaABAg,Relatable
UgwBZpFwzDZa8eGo0bV4AaABAg,Neutral
UgwC_LS1KV8QDyv-7SR4AaABAg,Relatable
UgwC0bPgDXCQ885CXjl4AaABAg,Relatable
UgwC0lwthw_AVwH9-9p4AaABAg,Neutral
UgwC2BSYxZPB8a-PuM94AaABAg,Relatable
Ugwc2DHsiPMtgAhjmdp4AaABAg,Neutral
UgwC2gtLlJ3XlehDI6R4AaABAg,Neutral
Ugwc3U29dtBmX71ZjoR4AaABAg,Neutral
UgwC6_9GDvsTEAV94ux4AaABAg,Neutral
UgwC7_xnEakvB1SRqaJ4AaABAg,Neutral
Ugwc7FqdXfnt3mkAEQx4AaABAg,Neutral
Ugwc7lHA_8MHxn9bFKx4AaABAg,Relatable
Ugwc7nKnodN6HhRs18J4AaABAg,Relatable
UgwC7UuYr-4gIeeSFEN4AaABAg,Neutral
UgwC7z-HWTEGVqW8_BV4AaABAg,Relatable
UgwC9l-Qzn1-6EP811Z4AaABAg,Neutral
Ugwca-Wwg6KxnYhMiK94AaABAg,Neutral
UgwCA1xLY_h94xZT82Z4AaABAg,Relatable
UgwCA5FtmSlWtk2ZN394AaABAg,Relatable
UgwCcDQqB_2WPWgzArh4AaABAg,Neutral
UgwccGe3o7OjN_r5ZUZ4AaABAg,Neutral
UgwCCk6gA7jT2CeF8PR4AaABAg,Neutral
UgwCD0U00ZA_b8MBJSN4AaABAg,Relatable
Ugwcdv_J2fpeib98vid4AaABAg,Neutral
UgwCF7HZlJnJ3jwoci54AaABAg,Neutral
UgwCFCjF7M8twPw2CCR4AaABAg,Neutral
UgwCFEWP-CRSP8LhCap4AaABAg,Relatable
UgwCGbKeAB7-4G9dJjB4AaABAg,Neutral
UgwcgDfGBOpOTqff3hJ4AaABAg,Neutral
UgwchFNu_3HTIWWY5VZ4AaABAg,Relatable
UgwcHm53PXlDIyQzgHh4AaABAg,Neutral
UgwCi0peJaSCsQ8Lm8N4AaABAg,Neutral
UgwcJlah3UOtM2048hp4AaABAg,Neutral
UgwcJTxJRKfdRpOIO114AaABAg,Neutral
UgwClnfceM4y3TSy0o54AaABAg,Neutral
UgwCm3lagG2L4wPyeO54AaABAg,Relatable
UgwcmeR4mtNpa1MdKv54AaABAg,Neutral
UgwCmTuk-vyj1rA2lLV4AaABAg,Neutral
UgwcnJcNXCZ_Xynlqdd4AaABAg,Neutral
UgwCNkywzSxL5xZA0uV4AaABAg,Neutral
UgwCNpR8ssRzeD3SqRh4AaABAg,Neutral
UgwcOj9U89eVP3JhOA14AaABAg,Neutral
UgwcoSqk9aG1PG4Zpg54AaABAg,Neutral
UgwCPjtbtdQI3qLQBt94AaABAg,Neutral
UgwCPvPCucH1-a9FLSx4AaABAg,Neutral
UgwCq6l_PdtqiJpkOfh4AaABAg,Neutral
UgwCR7fX4Xx7fSNjVFR4AaABAg,Relatable
UgwcrO596Chx_tbZEuJ4AaABAg,Relatable
UgwcrTUgasTDv253vsV4AaABAg,Neutral
UgwCrwlrANz7cGxnj8l4AaABAg,Relatable
UgwCRY8JaTJEF8SOsCd4AaABAg,Neutral
UgwCsIzQQcVxSxKjxTR4AaABAg,Neutral
UgwcTk3KMbIuuHagCo14AaABAg,Neutral
UgwcucL2cAY0ASo9s3N4AaABAg,Neutral
UgwCUgtAZRy20SxmvJ94AaABAg,Relatable
UgwCuJ6nAVO8Eh-o3gN4AaABAg,Relatable
UgwCUTJGLdfCmxozC694AaABAg,Neutral
Ugwcv8-fFmOU5pU89_x4AaABAg,Neutral
UgwcvV9CrHy4yTrTQ7l4AaABAg,Neutral
UgwCWwGgM1YDqsBNsO54AaABAg,Neutral
UgwcXZCLjvOh5oPrrpN4AaABAg,Neutral
UgwcYuRE2KKFw_BT0Wl4AaABAg,Neutral
UgwCyzN2-jZuxt8VX794AaABAg,Neutral
UgwcZ6Fmk7JWPjvmmrV4AaABAg,Neutral
Ugwd_kCMR6dmrRjevdd4AaABAg,Relatable
Ugwd1PIzhQeRXzxxkLF4AaABAg,Relatable
UgwD1Vi7UhkakaItvxR4AaABAg,Neutral
UgwD22v_bBR7lcJzdIB4AaABAg,Neutral
UgwD4bjFdAZhbkYelUd4AaABAg,Relatable
Ugwd4brt60tAJDi5tQZ4AaABAg,Relatable
Ugwd4U9kGI3IeGyg9dd4AaABAg,Neutral
UgwD6bITisbbRIfVe6B4AaABAg,Neutral
Ugwd7B1FxacsNJ7UYNV4AaABAg,Neutral
UgwD7RlZNymM0Ll4XsN4AaABAg,Neutral
UgwD8tfMRHIWpolWl9R4AaABAg,Neutral
Ugwd8V0ETzj3XZRl_Ft4AaABAg,Neutral
Ugwd9-7A638JOYTQrTB4AaABAg,Neutral
Ugwd9E7Ajh1VWXEPOZt4AaABAg,Neutral
Ugwd9MN14nZCGRG--T54AaABAg,Neutral
Ugwdb00V5a_y74bwm9t4AaABAg,Relatable
Ugwdb8dKupZG_3-KPYx4AaABAg,Neutral
UgwdbB6DrWH843-WnRB4AaABAg,Neutral
UgwDBtAg_3krKwoqPY94AaABAg,Neutral
UgwdBxRbjS_PsJ9j4l14AaABAg,Neutral
UgwDC5TfdRjlEvhqAMp4AaABAg,Neutral
UgwdCuuaalMD6Wd746h4AaABAg,Relatable
UgwDDCR-uDObmpvpyEd4AaABAg,Neutral
UgwDdgPzjst5ze5u3h14AaABAg,Neutral
UgwddKiAFBjcFr0ggAZ4AaABAg,Relatable
Ugwde3zXk7jvtrO7HVN4AaABAg,Relatable
UgwdEfKikbD3lV5u8CR4AaABAg,Neutral
UgwdeQOsAS7I-Ju0oEV4AaABAg,Neutral
UgwDFbnbhCxOvrBQP9R4AaABAg,Neutral
UgwdFeduSd-bQ7diOAt4AaABAg,Neutral
UgwDfrBVnYYMfnRVhIl4AaABAg,Neutral
UgwDfs-fa8szvIK67_p4AaABAg,Neutral
UgwDg94CtSUs9OVNiwd4AaABAg,Relatable
UgwDgfKU5yXvp-IgdGJ4AaABAg,Neutral
Ugwdh0-6bwzmxsOI84l4AaABAg,Relatable
UgwdhGU0zsGH-P3j44p4AaABAg,Relatable
UgwdhuPxci6ZYN1u0Fp4AaABAg,Relatable
UgwdI0Y45fYz4ujiG-R4AaABAg,Neutral
UgwdIM_5mx4IDMHWc4p4AaABAg,Neutral
UgwdJ-J3bFwbk8JFN4t4AaABAg,Neutral
UgwdKU-9ijyiNwGvY-h4AaABAg,Relatable
UgwdMAFrDYE2gI6Kmip4AaABAg,Neutral
UgwdmDOzckIyBsoLdEp4AaABAg,Neutral
UgwDMl03SgAmyeJZqNF4AaABAg,Neutral
UgwDn5yO-pRZLRWkSW94AaABAg,Relatable
UgwdP-H4MkRAg22bekB4AaABAg,Neutral
Ugwdpjvev31M8EtSpPR4AaABAg,Neutral
UgwDPud3d1blH4gQKI54AaABAg,Neutral
UgwDQ_UudWM6cg3QbE54AaABAg,Neutral
UgwDQfrmlP_xRJoyCLF4AaABAg,Relatable
UgwdrwlzJt_6FwGHkBd4AaABAg,Neutral
UgwdSuCPp5UIhp0W_MR4AaABAg,Relatable
UgwDt5v_RwTpQOxNFKt4AaABAg,Neutral
Ugwdthz3Uj7MYG_6NSR4AaABAg,Neutral
UgwdW7bhqqYI0Jz7YgR4AaABAg,Neutral
UgwdxRFjq0LnekFiG9p4AaABAg,Neutral
UgwDYca8HYo3u4EVB6p4AaABAg,Relatable
UgwDYdKD8bYTluCOp854AaABAg,Neutral
UgwDYI2Q3vTM02fR2FZ4AaABAg,Relatable
UgwDyU1-NXDEsig93HJ4AaABAg,Relatable
Ugwe_9CUPNS0r450kON4AaABAg,Neutral
UgwE_aV_kwrQUX3QAT14AaABAg,Neutral
UgwE_fHoNfLOOgbmpr94AaABAg,Neutral
UgwE_Q9zmWmywGC92Up4AaABAg,Neutral
UgwE-TV3-j2rSTbcHFJ4AaABAg,Relatable
UgwE19GSSPfoGYGazMF4AaABAg,Neutral
Ugwe1DMtzmttLYIVt8N4AaABAg,Neutral
UgwE2BgU8jsGCjhsbFJ4AaABAg,Neutral
Ugwe2mTGAL_JA53Q2494AaABAg,Relatable
UgwE2pyrWGwNwfPupdd4AaABAg,Neutral
UgwE3m1sEWUXRSFQNV14AaABAg,Relatable
UgwE3TENfJxt33dv6-d4AaABAg,Neutral
UgwE4pNdMJO55kGWWeJ4AaABAg,Neutral
Ugwe51V6IBJM1ckLFBF4AaABAg,Neutral
UgwE5EascOOAF5KG-q94AaABAg,Neutral
UgwE5Iqdo3OhQ26msYl4AaABAg,Relatable
UgwE6fZtS2kwuIAb7WV4AaABAg,Relatable
Ugwe8XwNSb2ddera5tN4AaABAg,Relatable
UgwE91FWPwutV6s-rwZ4AaABAg,Relatable
UgwE9nAPaoV-FxU3KZx4AaABAg,Relatable
UgwEa0BLpRClUtf1IJV4AaABAg,Relatable
UgweaE99CF1HpQ75sut4AaABAg,Neutral
Ugweaime8bcb3Y-q7bt4AaABAg,Neutral
UgweApN2ETMvnbv2iVd4AaABAg,Neutral
UgwEavadQGLVtwKD6wl4AaABAg,Neutral
UgwEAWXHwHEvzvq15lt4AaABAg,Neutral
UgwEbJMl_F9Iu3kPudd4AaABAg,Neutral
UgwEbNWEwmNHCtYgqbZ4AaABAg,Neutral
UgwEcjiaynMKMPEYb994AaABAg,Neutral
UgweCM3IFn2n-iUqpcV4AaABAg,Neutral
Ugwecw4pS8fDnY_wP954AaABAg,Neutral
UgwECWe7jfddtrivFMt4AaABAg,Neutral
UgwEEhkdnBxxyWM77P54AaABAg,Neutral
UgwEf58dAWMwBgyl_Jt4AaABAg,Neutral
UgwefoDjVDlTzVRQmXZ4AaABAg,Neutral
UgwegDrHygYVB4AiIDV4AaABAg,Neutral
UgwEGKqkTnAqb5yXMC54AaABAg,Neutral
UgwegyGajEJt6YIbhIR4AaABAg,Neutral
UgwEH47v1Nl2BJMTe0l4AaABAg,Neutral
UgwEHdSvGilNckA8yr14AaABAg,Neutral
UgwEimM1pnObap2jLnB4AaABAg,Neutral
UgwejHuaxFifNb_bpll4AaABAg,Relatable
UgweJoMBgF6AvFc72hF4AaABAg,Neutral
UgwEjZdvjfxd8KEPPAZ4AaABAg,Relatable
UgwEKsyAcAw8dTCkUwB4AaABAg,Neutral
UgwEkVe7qIgzDAMTpPt4AaABAg,Neutral
UgweLMpKFWxin8dqXOd4AaABAg,Neutral
UgwelV9t2k3I0iEEBEB4AaABAg,Relatable
UgweLViWp2JyZBZWVfl4AaABAg,Neutral
UgwemIpO-rD7kCZCGTJ4AaABAg,Neutral
UgwEMrRrhNvaHMJU_Bx4AaABAg,Relatable
UgweNA-ifl8e9u768BV4AaABAg,Neutral
UgwEnlFvUKOl3RpJo6B4AaABAg,Relatable
UgweOjfsmtse60ImNjB4AaABAg,Neutral
UgweOzdkLzjXYq0MSTd4AaABAg,Neutral
UgwEP8miR7-eYO7bVG54AaABAg,Relatable
UgwepoNZlHx3FecsEaV4AaABAg,Neutral
UgwePS_VuNi0uCiKbnV4AaABAg,Neutral
UgwEQD7GpmwIiOAMrYF4AaABAg,Neutral
UgweQOpuTP_7JECZ1KZ4AaABAg,Relatable
Ugwer6jFshDtkKEJYst4AaABAg,Neutral
UgwerAMh2VEYrW769VB4AaABAg,Neutral
UgweRfo-dVtKpP6A0ZN4AaABAg,Neutral
UgweRLS92B_Ke5rQbV14AaABAg,Neutral
UgweRlViY43ulrqgFaJ4AaABAg,Relatable
UgwERNaNVabXuCEoxHZ4AaABAg,Neutral
UgweRUOP7hnfPvYmmBJ4AaABAg,Relatable
UgwESbEr_3MQ6CyvQH94AaABAg,Neutral
UgwEsIZOXTdCKWc24Yx4AaABAg,Neutral
Ugwesl-qJ3RSqeIHxIt4AaABAg,Neutral
UgwEsXcHTMgbldexF-Z4AaABAg,Neutral
Ugweu-jLz0rj10KI2xJ4AaABAg,Relatable
Ugweu9nAIfgHT_Du19t4AaABAg,Neutral
UgweuAfOI_wroQOerNt4AaABAg,Neutral
UgwEUydYla22jzpN4mB4AaABAg,Neutral
UgwevmfH5Iz5nbng7zB4AaABAg,Neutral
UgwevzJ85s_TZ1CAm8Z4AaABAg,Neutral
UgwewdTRwrDXD96hIXV4AaABAg,Neutral
UgweWS-CD1GAg_kwFVp4AaABAg,Relatable
UgwEWvtoYsH5S9vhAP94AaABAg,Neutral
UgweXi9NIbFo68be4dB4AaABAg,Relatable
Ugwexl2CfioMZZ98-zh4AaABAg,Neutral
UgwEYaREjOP_4Ej_wcl4AaABAg,Neutral
UgwEYgxmL9fcPgIsYPh4AaABAg,Relatable
UgweZ2Q8zdCpQgrt7bV4AaABAg,Relatable
UgwEZ7muRcj4LwzUEHN4AaABAg,Relatable
UgwezKYTq0YtByGCTU14AaABAg,Neutral
Ugweznq3kPsKm9uEGct4AaABAg,Neutral
UgwEZWscdOrk-YDGvAZ4AaABAg,Relatable
UgwF_5xq9zmbMz0w-M14AaABAg,Relatable
UgwF-uoMy5JGNPvjY4B4AaABAg,Neutral
Ugwf0GLhyzAC8HtsiWR4AaABAg,Relatable
UgwF0hX5u0MJH-VWbWh4AaABAg,Neutral
UgwF0qmIz_8uT0QwInN4AaABAg,Neutral
UgwF0qvjTcu4k-a0mSR4AaABAg,Neutral
Ugwf1lqO3HQ8vC4wylt4AaABAg,Neutral
UgwF1wMWuXIS8xoPaJ54AaABAg,Neutral
UgwF2GarOVGRE9TzqCh4AaABAg,Relatable
Ugwf2gUPUUh9-Svp-lh4AaABAg,Neutral
Ugwf2VEAbuLUov0Iue14AaABAg,Relatable
UgwF3KPGp99x0-LXePF4AaABAg,Neutral
UgwF3tye0CckDBIAGsZ4AaABAg,Neutral
Ugwf4QRR00bIIL9OtWB4AaABAg,Neutral
Ugwf5q-srGfn5NfA53B4AaABAg,Relatable
UgwF7yhrzOaqND2YKCd4AaABAg,Neutral
UgwF8v7zRXbjO-uC4j14AaABAg,Neutral
UgwF8vzVyxrQl5lxiid4AaABAg,Relatable
UgwFAAF4ahdrwtpF-D14AaABAg,Relatable
UgwFAnmmNHagZc17WSF4AaABAg,Neutral
UgwfBRtYaMYvdloWQTV4AaABAg,Neutral
UgwFDbIfGN4qSrBZ3s94AaABAg,Neutral
UgwFdRlsqLIrdvyiIKZ4AaABAg,Relatable
UgwfdSocyuOr3kOtKtR4AaABAg,Neutral
UgwFDydCGBBaLWyOqHx4AaABAg,Neutral
UgwfE0EmLwyo52Kgpbd4AaABAg,Neutral
UgwFEbyuqYenwwtd15p4AaABAg,Relatable
UgwfGIz8EUhzCfI5ppp4AaABAg,Neutral
UgwFgKZPi0SY7hXn-u54AaABAg,Relatable
UgwfGmKK040JRDeh3YV4AaABAg,Relatable
UgwfHgZ8RaxVQZwyPIB4AaABAg,Neutral
UgwFiX6KI3ovZrKv0z14AaABAg,Neutral
UgwfIYlVB0kOnFngiBJ4AaABAg,Relatable
UgwfJ1_3pwuOc8K4vhp4AaABAg,Relatable
Ugwfj9F3uP-Gd-fIRkl4AaABAg,Relatable
UgwFJk-EtIJX6AXjQ-J4AaABAg,Neutral
UgwFJst4iv0kItOn4c94AaABAg,Relatable
UgwfJU6ttI_yQEtxiRp4AaABAg,Neutral
Ugwfl6Eg1qTJnFrVYN94AaABAg,Relatable
Ugwflotc6J3adz0aqE94AaABAg,Relatable
UgwFLu67N4W7Z_XfoBF4AaABAg,Relatable
UgwflzuwJTpbE96pMN54AaABAg,Neutral
Ugwfm9bKIXYwZxQviQB4AaABAg,Neutral
UgwfMLhEVKoM8sg2JT94AaABAg,Neutral
UgwFMnzP9qXsOLF7TTZ4AaABAg,Neutral
UgwFN5Bfrvu5ibAwYAN4AaABAg,Neutral
UgwfNEoYNr7mPrUfAFR4AaABAg,Neutral
UgwfNL33Dr_7oExvGeN4AaABAg,Relatable
UgwfojWRktBdoK5_0CZ4AaABAg,Neutral
UgwfokpcHgpOrfMtTtJ4AaABAg,Neutral
UgwfpacuY9Qu99twKTh4AaABAg,Neutral
UgwFQVRXXXKLPOFp2rR4AaABAg,Neutral
UgwFQz-FUORYUZgbS6p4AaABAg,Relatable
UgwFRFREEb1Uslvekb94AaABAg,Relatable
UgwFrxIytolsF0LDneV4AaABAg,Neutral
UgwFS162EV5OPjyewHV4AaABAg,Neutral
UgwfSDmk5M4sktxjHzV4AaABAg,Neutral
UgwFsrgulRj34H1D8zN4AaABAg,Relatable
Ugwfu2mw2HhKLXwWMEt4AaABAg,Neutral
UgwfUM8a-481GkWvdwN4AaABAg,Relatable
Ugwfv-b2nyO3dj2ouBx4AaABAg,Neutral
UgwFvhVY-DvnErvuHSt4AaABAg,Neutral
UgwfvWB_tot_bhGg0lh4AaABAg,Neutral
UgwFwaU6RESNBzCqg_B4AaABAg,Neutral
UgwfxgzYbOLYsX2zzRl4AaABAg,Neutral
UgwFy0hRsD_5TSwU9LZ4AaABAg,Relatable
UgwFzdUgga9bpPupsm94AaABAg,Neutral
UgwFZF_TFLJVWXaJUr54AaABAg,Relatable
UgwFZmQ9gelQgXKkj9Z4AaABAg,Neutral
UgwfZqBsVNst0fatdnZ4AaABAg,Neutral
Ugwg-8nv7SVaX7AyeIB4AaABAg,Relatable
UgwG-u_nQJoe6dpa8SN4AaABAg,Neutral
Ugwg0c8_OkTEGLmlUfB4AaABAg,Neutral
UgwG2-bcA8TtIikMk8V4AaABAg,Neutral
UgwG4gBy5xQLOkeU8Mx4AaABAg,Neutral
Ugwg6HIjqyxlfQGWj3F4AaABAg,Neutral
Ugwg8wrO4D98owq62k94AaABAg,Relatable
UgwGA3e1FWzhuQfHxql4AaABAg,Neutral
UgwGAaOosbD9Hiph8DF4AaABAg,Neutral
UgwgagHCj0_u5R32GsN4AaABAg,Relatable
UgwgaMWcX6_gbYJdXwd4AaABAg,Neutral
UgwGBc6FsZ5-1Okv6ZN4AaABAg,Neutral
UgwGBN4DzJGBttoxpgZ4AaABAg,Neutral
UgwGc_SHsXVIL_Jvmcl4AaABAg,Neutral
UgwgdFyrL3Rkb_VnilV4AaABAg,Neutral
UgwgdOhKT8n3topHaQt4AaABAg,Neutral
UgwGEA1mAn388itYFAl4AaABAg,Relatable
UgwgfPKJZT57G6GMlhd4AaABAg,Neutral
UgwGgi4CvpXqFHfTSVh4AaABAg,Neutral
UgwgGIa2djpTRudniDp4AaABAg,Relatable
UgwGhLhYOX_ckPRckDl4AaABAg,Neutral
UgwghLJlBmvgbLDL87d4AaABAg,Neutral
Ugwghw1KqaAdGmfiLSl4AaABAg,Neutral
UgwgIM_sURonTvflTgx4AaABAg,Neutral
UgwGJvWYsu-UmBGLuJR4AaABAg,Neutral
UgwgK84jnnzmbnI8AJ94AaABAg,Neutral
Ugwgl37yHk-EPH_lsA54AaABAg,Neutral
UgwgNm-o3vA90v2JnId4AaABAg,Neutral
UgwGOq7gXm_kwVGIROh4AaABAg,Neutral
UgwgQ1dEL1D2EUMNoaJ4AaABAg,Neutral
UgwGqagUDa9M1o350px4AaABAg,Neutral
UgwgqBJRrk9u-SjA4ul4AaABAg,Relatable
UgwGQdNo3-FZ6VxOByZ4AaABAg,Neutral
UgwgQW900AwcVPSoaW54AaABAg,Neutral
UgwGR-d1NneZqoBd8uJ4AaABAg,Relatable
Ugwgrh5odeM5ANElqkN4AaABAg,Neutral
UgwGSavYXU54FkzleYx4AaABAg,Neutral
UgwGsEI9XiMwsV184hl4AaABAg,Neutral
Ugwgsf7tPITeofSOCHZ4AaABAg,Neutral
UgwGsPc-_aBeU7ios854AaABAg,Neutral
UgwGt1UMtLnImK-jQYh4AaABAg,Neutral
UgwgTxKNjm7Cb6KYMDR4AaABAg,Neutral
UgwGU4rr0CXk3DwW7614AaABAg,Neutral
UgwGu7aWIBLIhl0YNZt4AaABAg,Neutral
UgwgUDaREjw6UMaOR3x4AaABAg,Neutral
UgwGUfRHyp34n8QZmQN4AaABAg,Neutral
UgwGVnm_tfI5yd8vEgx4AaABAg,Neutral
UgwGVO-q9vBLW42Ough4AaABAg,Neutral
UgwGwoffP3nLgqUWdlh4AaABAg,Neutral
UgwGwSAu7E4w7Dj3dX94AaABAg,Neutral
UgwgXDslU9xdUsgtL8d4AaABAg,Neutral
UgwGxGBKiJAlarHWJWx4AaABAg,Relatable
UgwGXh-O63oqkKI9Zqp4AaABAg,Relatable
UgwGxIqDHpLvj5djm0B4AaABAg,Neutral
UgwgxN1cWIDCPfvaOst4AaABAg,Neutral
UgwgyGxKLCKk2S5zz5J4AaABAg,Neutral
UgwGynka1cMryA_Y8J94AaABAg,Neutral
UgwGyPKMIG6cuUZzDmt4AaABAg,Relatable
UgwGyw9Wgxup9dhUR-p4AaABAg,Neutral
UgwGzY8lbrZcy3WjFmx4AaABAg,Relatable
Ugwh120l9TjWyRSdJYl4AaABAg,Neutral
Ugwh2JcNvv8UgRS3rad4AaABAg,Relatable
Ugwh2Ntsi5u9akBVlzF4AaABAg,Neutral
UgwH49Zw6wb8mw4EPTV4AaABAg,Neutral
UgwH4NdgMM70Ymr04O14AaABAg,Neutral
UgwH5aRo5szc5r-iAs14AaABAg,Neutral
Ugwh6ryjApayrrUWu7F4AaABAg,Neutral
Ugwh7aQmmuPeucMcHQB4AaABAg,Neutral
UgwH7DrSNhQbj-xh-ol4AaABAg,Relatable
UgwH866zvMVRyEBYr414AaABAg,Neutral
Ugwh8J5mDeWlP0M-pDJ4AaABAg,Relatable
UgwH8VjHk-iZK1M0hMd4AaABAg,Neutral
Ugwh8WVPfDa8hnglhSZ4AaABAg,Relatable
UgwH9vpC6RexVv5NIrF4AaABAg,Neutral
UgwHA_I3n634WY_FE7B4AaABAg,Neutral
UgwhAOtdFol061ejyJF4AaABAg,Neutral
UgwHATJs1k8zCc4OXfd4AaABAg,Neutral
UgwhB3Sbv0gf9E6Z1fp4AaABAg,Relatable
Ugwhb7J1ehAwrUUbbSZ4AaABAg,Neutral
UgwHbl288r67coW8DTd4AaABAg,Neutral
UgwhBlYECEpAjmDHs294AaABAg,Relatable
UgwhbTAyEq2eXR32wv94AaABAg,Neutral
UgwhCz5oYa_PxcnKogB4AaABAg,Neutral
UgwHd4qKNxP8bPHNUZF4AaABAg,Neutral
UgwHDH99iKEtuBmXCeN4AaABAg,Neutral
UgwHdiHImT2aYiLsX_N4AaABAg,Neutral
UgwhdY2CYbv5LW8pP6R4AaABAg,Neutral
UgwHDZ4vkULJaX2E0xl4AaABAg,Neutral
UgwHDZyVFnsWd-Wa0D54AaABAg,Neutral
UgwHEnbTqw1iFhQFW0d4AaABAg,Neutral
UgwHfjBrPCF6BBOJLuV4AaABAg,Neutral
UgwhG8f8UvpXIAZz8Ap4AaABAg,Neutral
UgwhGDWbq6B1Yi8KHaZ4AaABAg,Relatable
UgwHgikoz1atDQUa8j94AaABAg,Neutral
UgwhhdMD63jrRCyKP7B4AaABAg,Relatable
UgwHhfy6jjp966Wz_714AaABAg,Neutral
UgwhHzXLhqcGcCs9R4d4AaABAg,Neutral
UgwhI-8ziM1bnP815yR4AaABAg,Relatable
UgwHIwteElhgFl3JMvp4AaABAg,Relatable
UgwhkmkIZrirZArUGYl4AaABAg,Neutral
Ugwhl4fbhTGn2KE07IN4AaABAg,Neutral
UgwHlN69s0qst0d9eWB4AaABAg,Neutral
UgwHM4JPctqFR8xgCFN4AaABAg,Neutral
UgwhMA4sZnISlp6FSN94AaABAg,Relatable
UgwhMGzlCnMgFRnlF3B4AaABAg,Neutral
UgwhmhV7bN6aaH6_GlJ4AaABAg,Neutral
UgwhNyQcwTvc6DiOSZR4AaABAg,Relatable
UgwhOHCA55HQXn91Nkh4AaABAg,Relatable
UgwHPe2AFO7PKWRbzPZ4AaABAg,Relatable
UgwHPpia8SBefKvz5vJ4AaABAg,Neutral
UgwHR0joUniS7LxHkV54AaABAg,Relatable
UgwHrTNZAkZJwdVL2Eh4AaABAg,Neutral
UgwhRvmW2RWumTUJsUV4AaABAg,Neutral
UgwHrwaBpGmUNP8kpSp4AaABAg,Neutral
Ugwhrx9urGBFI5KnwQF4AaABAg,Relatable
UgwHRYzMoTnL0oGhQ6B4AaABAg,Neutral
UgwhSurP8NtqKfsvbm14AaABAg,Neutral
UgwhTC6TbQCkE8-9Cbl4AaABAg,Neutral
UgwHuFt7f4-_araOGqB4AaABAg,Relatable
UgwhuGxRaLwPAsDMTVt4AaABAg,Neutral
UgwHuwYcm9HPrCSrTZJ4AaABAg,Neutral
UgwHUxWrNaDdASw3egl4AaABAg,Neutral
UgwHuyml148Pl_khQ4l4AaABAg,Neutral
Ugwhwp6CfTJW1McwM-l4AaABAg,Relatable
Ugwhx6ywaEP-tXqwQTd4AaABAg,Neutral
UgwHxqnQrYUFpMiiIRF4AaABAg,Neutral
UgwhXX1pLKZgf01Bval4AaABAg,Neutral
UgwHY5WB7CS15K-wDaZ4AaABAg,Neutral
UgwI_qQGUD1Nk4Cc0Ut4AaABAg,Relatable
Ugwi-F0thfj8gAzzE-l4AaABAg,Relatable
Ugwi-hY5p0ANSbGnwBp4AaABAg,Relatable
UgwI-xBjFcRgqqXc8JR4AaABAg,Relatable
UgwI0-YKYPdnMYRzrXV4AaABAg,Relatable
Ugwi2dOJzaS0PMGWuRV4AaABAg,Neutral
Ugwi3Hkw_G-4K4kMpAN4AaABAg,Neutral
UgwI4v26HrS31cq9toB4AaABAg,Neutral
UgwI6hDU4pEb-a9ufj14AaABAg,Neutral
Ugwi6xBYh6o6aLnCK314AaABAg,Relatable
UgwI8jLmfD3CvYH2nWx4AaABAg,Neutral
UgwI9dMUalVPwOGzXRh4AaABAg,Neutral
UgwiaLTrjBODjfaANaN4AaABAg,Neutral
UgwiAo45n5GeL10uepx4AaABAg,Neutral
UgwiazXEZWbhRKmvJJJ4AaABAg,Relatable
UgwIBbOMN48F26u0a8J4AaABAg,Neutral
UgwibtAXYQzJOmGrE3t4AaABAg,Neutral
UgwiBZSZx7QGkN-KUhp4AaABAg,Neutral
UgwiC-gXZb-Jjp7Ujip4AaABAg,Neutral
UgwICs8LyKcXAt8HP014AaABAg,Neutral
UgwidAeTDP5K0yrRXJ14AaABAg,Neutral
UgwiDjjC9M9DPPdODYt4AaABAg,Relatable
UgwiDPIv0cIP5n4rNTt4AaABAg,Neutral
UgwidPprHV-Tk06gpIV4AaABAg,Neutral
UgwIE-OCzxnx61Y07SJ4AaABAg,Neutral
UgwieO7zCI6dny5ImC54AaABAg,Relatable
Ugwif4bY1zN24AQlp0h4AaABAg,Relatable
UgwifmvL2TVHMnuR18V4AaABAg,Neutral
UgwIfUXmiQwW7bxioVB4AaABAg,Neutral
UgwigSTIuQOuCbYXLaR4AaABAg,Neutral
UgwIHBgjudATRqIF_pl4AaABAg,Relatable
UgwIHcW5rjZkHavEk_x4AaABAg,Neutral
Ugwihu0ISkxOyeZdkQ54AaABAg,Neutral
Ugwiid7wL6tb7gPp0sB4AaABAg,Relatable
UgwIIi8Db6pBk-naU9V4AaABAg,Neutral
UgwiISGF1s_1QZ0jl194AaABAg,Neutral
UgwiJ4FZUE_HhAUuf3d4AaABAg,Neutral
UgwijGLqYQ47P3QasIJ4AaABAg,Neutral
UgwijuRQyyrSi_ibqpR4AaABAg,Relatable
UgwijWzMTED4Wpub0ip4AaABAg,Neutral
UgwIkAYS1eoLRj8fM1B4AaABAg,Neutral
UgwIKQgyMAodXx2TMlx4AaABAg,Neutral
UgwilvVZ8nKKFHqgNpl4AaABAg,Relatable
UgwiM45lMMrOtUfZJjZ4AaABAg,Neutral
UgwIM5Om1CtJAPAfzCx4AaABAg,Neutral
UgwiMjVXayaotBvIfep4AaABAg,Neutral
Ugwip2I7fWqD6603Lqx4AaABAg,Relatable
UgwIPUHfgs6ob9NKvp14AaABAg,Relatable
UgwIpZJnTKxINvAkrPl4AaABAg,Neutral
UgwiqfiRKdqX4iIuoHd4AaABAg,Neutral
UgwiQM-Dvwv3KnhuD-h4AaABAg,Neutral
UgwIqz1BdZ2LnSo1m7d4AaABAg,Neutral
UgwIRA2n0quVGpJHXaF4AaABAg,Neutral
UgwIt2Dm9QFtSnQjkJ94AaABAg,Neutral
UgwiT2WNi0atX23-DIl4AaABAg,Neutral
UgwitJwbi2tcrmZ6BOp4AaABAg,Relatable
UgwItLF4_WHkVFtMPQl4AaABAg,Relatable
UgwItsXwGLAyXS-L-Pd4AaABAg,Neutral
UgwivdnPG8fCHpXcdCd4AaABAg,Neutral
UgwIW8HuKyBB4Fl9J4F4AaABAg,Neutral
UgwIwBqO_UTsgHwr3m54AaABAg,Relatable
UgwIwsQ1nzj2_5EpErd4AaABAg,Neutral
UgwIxelvOb-v8prit1R4AaABAg,Neutral
UgwIxfmK6BiWl1HttFd4AaABAg,Neutral
UgwiYe4-ZIPF_h9NATZ4AaABAg,Neutral
Ugwiype9bMbADL0LUtN4AaABAg,Neutral
Ugwj_2PNm6CjAeBIPxB4AaABAg,Neutral
Ugwj07dAaNjOsPbwJjl4AaABAg,Neutral
Ugwj0SKlZ4OeDHJv5jl4AaABAg,Neutral
Ugwj1MY3WjtOKjd6rfx4AaABAg,Relatable
UgwJ1n2KCPhaLQ0nsAt4AaABAg,Neutral
UgwJ1S0maB1g6uAX6sB4AaABAg,Relatable
Ugwj1SJjj-XjtaTMx7N4AaABAg,Relatable
UgwJ4cp4HIInuKlT2sd4AaABAg,Neutral
UgwJ5n9IDdZPNCdAgjR4AaABAg,Relatable
UgwJ5nuySxOKutqdXWp4AaABAg,Neutral
UgwJ6fV5xF4yt7t3tkt4AaABAg,Neutral
UgwJ6p2fHr1Wy3S3ER54AaABAg,Neutral
Ugwj7aquvzUJqGTwv6t4AaABAg,Relatable
Ugwj7Auz9PhBmxIRRWB4AaABAg,Neutral
Ugwj7hXGVrJweQMFP7N4AaABAg,Neutral
Ugwj7LjBHBDaK77F-o54AaABAg,Neutral
UgwJ7qdEorXsmlzAmph4AaABAg,Neutral
UgwJ8lMS6L71HJxxk5x4AaABAg,Relatable
Ugwj8RUCUOSnT63Zfmd4AaABAg,Neutral
UgwJ9gwmUf2IxtVvdMl4AaABAg,Relatable
Ugwjakm_0RcKlwK2Lnd4AaABAg,Neutral
UgwjaVP4cGmVIiyQzuF4AaABAg,Neutral
UgwJB0pi7GzJxM-CIH14AaABAg,Neutral
UgwjbO-TLVNnBXd7Ynp4AaABAg,Neutral
UgwJBQDJBaVQFs8PQBJ4AaABAg,Neutral
UgwJbVlomo8zqhEWRW94AaABAg,Neutral
UgwjC-dKwqD2RIUMThV4AaABAg,Neutral
UgwjcBucCiuwKAvL51F4AaABAg,Neutral
UgwJcee5kHzJgJCcaxJ4AaABAg,Neutral
UgwJCIBgeKs_5BuZ0fZ4AaABAg,Neutral
UgwJd0yxEWBBAng9mcd4AaABAg,Neutral
UgwjD4oxKSTY3UQyaaR4AaABAg,Relatable
UgwjDAQhzleqU1_YiY54AaABAg,Neutral
UgwJdeok7wJHIbOnhG54AaABAg,Neutral
UgwJdUPsI3sjvxpdflF4AaABAg,Neutral
UgwjeDpE8ZDGPJJvxid4AaABAg,Neutral
UgwjeFryu7KdfJBArz94AaABAg,Neutral
UgwjFaXNFL5RQJMFbq54AaABAg,Relatable
UgwjfTjKprvquT0FQkd4AaABAg,Neutral
UgwjGh3pn-81efAxktZ4AaABAg,Neutral
UgwjgKaN08ULIgsQDvR4AaABAg,Neutral
UgwJGqGXr9duT7FIRdN4AaABAg,Neutral
UgwJGSvhuhOiPOyAvHN4AaABAg,Neutral
UgwjgwO7kOZ-BPAjAwh4AaABAg,Relatable
UgwjhOpYmHwjhEPZAAt4AaABAg,Neutral
UgwJhVUdLoAqB42mDaJ4AaABAg,Neutral
Ugwji0r5xXpn6NkNeml4AaABAg,Neutral
UgwjiMNV_Tz1THZyWKJ4AaABAg,Relatable
UgwJImygEUskiaghxqV4AaABAg,Neutral
UgwjiUM3VNNNrJzADON4AaABAg,Neutral
UgwjJfzKMzG2pVqTTG54AaABAg,Neutral
UgwjKDkT27CLyHtRF-V4AaABAg,Relatable
UgwjKPbRcRNfuWlKS_Z4AaABAg,Neutral
UgwjKuxHQivBEj06GhR4AaABAg,Neutral
UgwJL9fz1VZsUVkpzaB4AaABAg,Neutral
UgwjLJldoLkrZ8Tpjix4AaABAg,Neutral
UgwJLRP5xIhIMOAZJr14AaABAg,Neutral
UgwJlVKFjzj7996xGEx4AaABAg,Neutral
Ugwjm-gWm3L2MFSsZJZ4AaABAg,Relatable
UgwJmkZo9ENXpuKf23F4AaABAg,Neutral
UgwJmX6YEExKMlgw45p4AaABAg,Neutral
UgwJNJW5tEZIXSkequx4AaABAg,Neutral
UgwJnKQygro1VASriDR4AaABAg,Neutral
UgwJnSITbgSB9ZebeyZ4AaABAg,Neutral
UgwJNWMhFqMbhDYpxsx4AaABAg,Neutral
UgwjOD2_saOvefUnxmh4AaABAg,Relatable
UgwjpAIvKOHO29Bodzd4AaABAg,Neutral
UgwJQ44VhWYoyW2rhzR4AaABAg,Neutral
UgwjRCyKv0TnjW-SQy94AaABAg,Relatable
UgwjrkaT1T-Fp5unciJ4AaABAg,Relatable
UgwJTiNasqTCIBc7c0Z4AaABAg,Neutral
UgwJTTASL2LEffuGdNV4AaABAg,Neutral
UgwJU_raEbdC88EJLih4AaABAg,Neutral
UgwJuDTT9ZaH7e7LnRt4AaABAg,Neutral
UgwJUFb3wZfJkOLOdGF4AaABAg,Neutral
UgwJuXcfzU759Gr0JBJ4AaABAg,Neutral
UgwJWdyOZyDGXPZjqEJ4AaABAg,Neutral
UgwjwTZs-lx2W-GxLlh4AaABAg,Neutral
UgwJXozQ2-kvdBJDRYZ4AaABAg,Neutral
UgwJyJCO_Ei4lhkqtoB4AaABAg,Neutral
UgwjYSFcjWqID1YTB3d4AaABAg,Neutral
UgwjzLQ6WVVLScPqayl4AaABAg,Relatable
Ugwjzt9X4Txpj83-a_V4AaABAg,Relatable
UgwK-vtJ2MqKuqPkLZJ4AaABAg,Relatable
Ugwk17n3B0Q3n549K2V4AaABAg,Neutral
Ugwk1LEf1mPMgQobyvx4AaABAg,Relatable
Ugwk4MLdkWZhLpFDx2F4AaABAg,Relatable
Ugwk4UbfXTZeaimGKf94AaABAg,Neutral
UgwK6BNsb6iSVqKeGFt4AaABAg,Relatable
Ugwk6UOtjWt6RyC2kTB4AaABAg,Neutral
UgwK7Q87ctr-_nZNZ3F4AaABAg,Relatable
UgwK7RRiFs1oUKbVsOl4AaABAg,Relatable
UgwkA0KP3IpO68lO5lN4AaABAg,Neutral
UgwkAQH3uDK8ZhpnMFB4AaABAg,Neutral
UgwkBN_FU7-cf3siyLB4AaABAg,Neutral
Ugwkc2f2uy0Av6G0bFd4AaABAg,Relatable
UgwKcb8SFaFfr9fegNl4AaABAg,Neutral
UgwKDFg5uksfGeCGa1p4AaABAg,Neutral
Ugwkdmt1Sf06WR4djZZ4AaABAg,Relatable
UgwkDV5uqhQrluJT24h4AaABAg,Relatable
UgwKDZoGT1OHCPuJKn14AaABAg,Neutral
UgwkEiN3V9uovjtRUGV4AaABAg,Neutral
UgwKErq1gScYuGqFI8N4AaABAg,Neutral
UgwKf3INq9ITSD90pUl4AaABAg,Neutral
UgwkfWwtYA_N4cgJR_B4AaABAg,Neutral
UgwKG9wDbApuOk43nod4AaABAg,Relatable
UgwkgIAhaVTFwPWwdD94AaABAg,Neutral
UgwkGPynjiJMKG5Ddtt4AaABAg,Neutral
UgwKH64fSbfP2k32Qz14AaABAg,Neutral
UgwKI0Ojm6rcac259qx4AaABAg,Neutral
UgwkIlrf8EMRft2f9DJ4AaABAg,Neutral
UgwKjfZHI2cV8yjYkzJ4AaABAg,Neutral
UgwKjjtldxRGc2Hee7Z4AaABAg,Relatable
Ugwkk6UTPUgdfB4afFR4AaABAg,Neutral
UgwkKbllgRECyB3C7nt4AaABAg,Neutral
UgwKKn3ynHCPveCipjR4AaABAg,Neutral
UgwkKPQyQe7nIhfz4114AaABAg,Relatable
UgwKL_-mFT3TIMQxiGd4AaABAg,Neutral
UgwkM5WzHu6UqWwQQw54AaABAg,Neutral
UgwknilhelkfxcHj7yF4AaABAg,Neutral
UgwkO2LbSXCHOjypvN54AaABAg,Neutral
UgwKoPPk8ZY0lt-cnuh4AaABAg,Relatable
UgwkP3x-7sZHBdEhhK14AaABAg,Neutral
UgwkPll8P8OeQpd_zCR4AaABAg,Relatable
UgwkPXd-KtJTQGf3A7l4AaABAg,Neutral
UgwKqh5bLoe6N3GFFJ54AaABAg,Neutral
UgwKQoRN72XvkeSyqqN4AaABAg,Neutral
UgwkrbQTk8gU-8-m1M54AaABAg,Neutral
UgwkRFG5QyBh2Fg-Yhl4AaABAg,Relatable
UgwKs3eWbuufWS_oHYx4AaABAg,Relatable
UgwKscgxYXEC2S-ixcV4AaABAg,Neutral
UgwkSMEXniP0VUleYCF4AaABAg,Neutral
UgwkSQI6g0m_mfO_aZt4AaABAg,Neutral
UgwKt0cZXfJC411nEOZ4AaABAg,Neutral
UgwKu3lyvStPIXqUJAJ4AaABAg,Neutral
UgwkuituGGVzUAsO9OZ4AaABAg,Neutral
UgwkV7LS8de03wOOPRx4AaABAg,Neutral
UgwkV8t53MnxqkFeMO94AaABAg,Relatable
UgwkVoR-0MVhEEkCUcx4AaABAg,Neutral
UgwkvRNDIUMFG5o5Ubd4AaABAg,Relatable
Ugwkw_8dAozSwF8ihVp4AaABAg,Neutral
UgwKWlMWZaFarBESxwJ4AaABAg,Neutral
UgwKwof6NO2D9LB6DJx4AaABAg,Neutral
UgwkXVT5Mxc58gMaCfN4AaABAg,Neutral
UgwKy9-vneaH97DJUxd4AaABAg,Neutral
UgwkyDVJThkyzqukf4F4AaABAg,Neutral
Ugwkyhbf6WyMRoEz-WF4AaABAg,Neutral
UgwkZNbGbinoiEF-XoZ4AaABAg,Neutral
UgwKzsQ7KgaguficEo94AaABAg,Relatable
Ugwl_GLzjLOrCwbnopx4AaABAg,Neutral
UgwL-YhfGCEEIRbQoAF4AaABAg,Relatable
UgwL1cm2xr6LmIJ9vit4AaABAg,Relatable
Ugwl25YDhRnUbjX9Lkh4AaABAg,Neutral
UgwL4aCVIsUwYJV8Iet4AaABAg,Neutral
UgwL6dtovtFZWye5MwZ4AaABAg,Neutral
Ugwl9lDV_kT8z80sfsV4AaABAg,Relatable
UgwL9X7wliERWUAXWb14AaABAg,Neutral
UgwLaEH-NwSMzj9C7jZ4AaABAg,Neutral
UgwlAiRvyC3--YCUy4F4AaABAg,Relatable
UgwlaLaNGq_a0cieKIZ4AaABAg,Neutral
UgwlargF6ZWmGPoGyVx4AaABAg,Relatable
UgwLB1Xk8wg0pwuDwoJ4AaABAg,Neutral
UgwlbB9PGhh-1AlIQzp4AaABAg,Neutral
Ugwlc-7Wy4ySsj1F1Dh4AaABAg,Neutral
UgwlC4OdvGorPs1vW_Z4AaABAg,Neutral
UgwLcGY-nYm1AdH_XMB4AaABAg,Relatable
UgwlCyAdYmiAvUd9yUd4AaABAg,Relatable
UgwlDlonWA7j_uu9pBJ4AaABAg,Neutral
UgwLfFviAOE5YP3zemF4AaABAg,Neutral
UgwLFVcYTS2mlznyOB54AaABAg,Neutral
UgwlGMeEw3NNU1mNCCZ4AaABAg,Relatable
UgwLGmkeLNLEGb8DdPx4AaABAg,Neutral
UgwlGtI68833FF6vk094AaABAg,Neutral
UgwlhoLyqjZ6zODcjFt4AaABAg,Relatable
UgwlI6U2eXC3qk-IJXh4AaABAg,Neutral
UgwlIBEihSvT82zEj3N4AaABAg,Neutral
UgwLIHBgW4L9zjAiM654AaABAg,Neutral
Ugwlj-2Ne3Fo-yN4Ev54AaABAg,Neutral
Ugwlj0B-EGJ7qrZaEbZ4AaABAg,Neutral
UgwLk595LOjPUU6T13d4AaABAg,Relatable
UgwlkPdlw2eVRFB1SRd4AaABAg,Neutral
UgwLKuD7SKYvG1-c5rJ4AaABAg,Neutral
UgwlLI8c4pdHpr7u_x54AaABAg,Neutral
UgwllOfNg4sOCjarQVZ4AaABAg,Neutral
UgwlLPhHthSEFvyWEH94AaABAg,Neutral
UgwlmcEG3uCq3oKK40t4AaABAg,Neutral
UgwLMVr5SBH_t3sAwVR4AaABAg,Relatable
UgwlngHTKwe-TuAiS1Z4AaABAg,Neutral
UgwLoYE8yrUuxbS1PIR4AaABAg,Neutral
UgwlpqiHrZopL2JyElB4AaABAg,Neutral
UgwlQLIVZR355i3TL8Z4AaABAg,Neutral
UgwLRMAsCfsFbtCzQdF4AaABAg,Neutral
Ugwlro0tSCeARDtxphh4AaABAg,Neutral
UgwlseVWHdyfH_oBPPB4AaABAg,Neutral
UgwlSNjCuBYdFKEJsJV4AaABAg,Neutral
UgwlUFMGXEaecbLFh6d4AaABAg,Neutral
UgwLuwpCOHrkWW621i54AaABAg,Neutral
UgwluZHYqdVKhaLk3AZ4AaABAg,Relatable
UgwlwC91lukMjpsBDSl4AaABAg,Relatable
UgwlX-UHNUezJDY6Uu54AaABAg,Neutral
UgwLx1U2AYhbvxRzviJ4AaABAg,Neutral
UgwlxIKhSOVHTekeVLN4AaABAg,Relatable
UgwlxjXuMLP1kK6K8d94AaABAg,Neutral
UgwlZ1cnMAjp_vhTBbZ4AaABAg,Neutral
UgwLZAzeqte2O6WCKRd4AaABAg,Relatable
UgwlzjjNW8M15_XYSN54AaABAg,Neutral
UgwlZKWNhYE9drm5Vqt4AaABAg,Neutral
UgwlzS8M6arM0AbmPMJ4AaABAg,Relatable
UgwM_b4ek6TTsYvUh4R4AaABAg,Relatable
Ugwm_C7gcxMVaBbLAmd4AaABAg,Relatable
UgwM-7PqU4r_-VV7m-V4AaABAg,Neutral
Ugwm0AOeej-h6lvDoH54AaABAg,Neutral
Ugwm0BXE6t4NgekqQlp4AaABAg,Neutral
UgwM0sWYcrFs3h6Jm8l4AaABAg,Neutral
Ugwm0UjksyUAR3cMvud4AaABAg,Neutral
UgwM1-t3s0ZrrlT4HuJ4AaABAg,Neutral
UgwM28b1QTqofZbhm7h4AaABAg,Neutral
UgwM398Hd6DV6eHUBKt4AaABAg,Neutral
UgwM3Bv6dpo77WGvUuZ4AaABAg,Neutral
Ugwm533-pnWyftd7Udx4AaABAg,Relatable
Ugwm56oF0kv0SK7vryh4AaABAg,Relatable
Ugwm56xS1QUfcgZWofN4AaABAg,Relatable
Ugwm6jhsSNE--vMxh154AaABAg,Neutral
UgwM7ebGY_a44AuH0ux4AaABAg,Relatable
Ugwm7JIfWwjV92Qq2YN4AaABAg,Relatable
UgwM8qW3bpPsbwbskiN4AaABAg,Neutral
UgwM8ZlSvPR2rpU4dcR4AaABAg,Neutral
UgwM9PURPlQYvSiTY5B4AaABAg,Neutral
UgwmaNDLnTs_fVHNT2p4AaABAg,Relatable
UgwMAOwf-da7_sY9SOF4AaABAg,Neutral
UgwmaU_zV6YQE1VsGyB4AaABAg,Relatable
UgwMau-_fRPR5mP8yaV4AaABAg,Neutral
UgwMbN3Y_cs4GuhYu5x4AaABAg,Neutral
UgwMBrZWE7gb9jw2FVt4AaABAg,Neutral
UgwmBSjbOKLQekvUc2Z4AaABAg,Neutral
UgwmCfpdANEJdhj8udF4AaABAg,Neutral
UgwmCGBUCTnuqwJ_5pt4AaABAg,Neutral
Ugwmcgzub92gLUvKgFx4AaABAg,Relatable
UgwMCZJmhSyqkWb9So54AaABAg,Relatable
Ugwme9sjKj9S8xIPqjJ4AaABAg,Neutral
UgwMFvRkvIaiELRkAEh4AaABAg,Neutral
UgwMGZ099U9S5b7MOiV4AaABAg,Relatable
UgwMhV36PW6RAQFRPBV4AaABAg,Relatable
UgwMHwg5RkwIZmdqazZ4AaABAg,Relatable
UgwmI-lXmFAsvujZy4N4AaABAg,Neutral
UgwMi735mu3adUF7hoN4AaABAg,Neutral
UgwmIPRL0-B-_Ip7ok54AaABAg,Neutral
UgwmISlcZ6xo23KnB3Z4AaABAg,Relatable
UgwmIUin2QORYeQiFF94AaABAg,Neutral
UgwMIWu7rUZgRbyAC8F4AaABAg,Neutral
UgwmJiQrCT624HxrQd54AaABAg,Neutral
UgwMju1HAj2m2VvuFVV4AaABAg,Neutral
UgwMksOXZCo0tFOFsGx4AaABAg,Neutral
UgwMLd9tO1FKoR_l2KZ4AaABAg,Neutral
UgwMlhMdu9gJLQPvmNd4AaABAg,Neutral
UgwMQ7gWNSnHc32Hdrl4AaABAg,Neutral
UgwmQcy_HN4R0cpKeMB4AaABAg,Neutral
UgwMqOvPOH952y4Ze3B4AaABAg,Neutral
UgwMr1KKOVPGDYeeeLh4AaABAg,Neutral
Ugwmr1OqGvT81K9lSdZ4AaABAg,Relatable
UgwMrfNrRbD6aOn0-SF4AaABAg,Neutral
UgwMrm7SmdIjFVnxWSJ4AaABAg,Relatable
UgwMrZO_4KDbC3twQdt4AaABAg,Relatable
UgwMs4hMf_t0eqVL0lR4AaABAg,Neutral
UgwMs7qylmGqsvZN1Td4AaABAg,Neutral
UgwMSBxv65NllFyPpiN4AaABAg,Neutral
UgwmSGI2LxgGVK9RnDh4AaABAg,Neutral
UgwmsjAAM-g88naxstJ4AaABAg,Neutral
UgwmsOQ-dhJjiAYL50F4AaABAg,Relatable
UgwMT0PMfeez7eVozRB4AaABAg,Neutral
UgwmTv3vAVBhqcB0Rd94AaABAg,Neutral
UgwMVBoQFvgs-7TGdo94AaABAg,Relatable
UgwmVotEP_z4WUeoy214AaABAg,Relatable
UgwMW1yMl1sMLaXFTZx4AaABAg,Neutral
UgwMWffUdaMcTEAOXIl4AaABAg,Neutral
UgwMWLekkA85D_qE_Pl4AaABAg,Neutral
UgwMwncnc7-3HRkp3jV4AaABAg,Neutral
UgwmWNdGJ9x5iwXbabN4AaABAg,Neutral
UgwmWTMapdDpylB0UAZ4AaABAg,Relatable
UgwMwwLaUZKB9gkt8U94AaABAg,Neutral
UgwMwXCKC5i09kbcvih4AaABAg,Neutral
UgwMxa6w40-v_A_t7BV4AaABAg,Neutral
UgwMxEOdGa4cYwFlETd4AaABAg,Neutral
UgwmxGBk3-yZI4J5J1d4AaABAg,Neutral
UgwMxTVcsEcKG1BmZG94AaABAg,Neutral
UgwMz3nEqTmsOewIuId4AaABAg,Relatable
UgwMzcrB00yG13rO7Fp4AaABAg,Neutral
UgwmZd7OLD2GTJEJM2p4AaABAg,Neutral
Ugwn-glj6k_9GFvHEyt4AaABAg,Relatable
UgwN2OGoxTZY0wwI1eh4AaABAg,Relatable
UgwN2pkyxtYgJRJ_Ixt4AaABAg,Neutral
UgwN3ieChd8HDBLOHT14AaABAg,Relatable
UgwN44ESCiAZ9ZGviRR4AaABAg,Neutral
Ugwn5SWkEW0M6zQBzSp4AaABAg,Neutral
UgwN647_BSfLAWRIRWx4AaABAg,Relatable
UgwN9aZJYBUmsRwPpph4AaABAg,Neutral
UgwNAA4508OIV52O4fd4AaABAg,Relatable
UgwNamNOfPkMbMykK8N4AaABAg,Neutral
UgwnblTv-vvRkS5-rzF4AaABAg,Relatable
UgwNbxSsY7rbfdnjg-N4AaABAg,Neutral
Ugwnc6wZJZRLs3E3Guh4AaABAg,Relatable
UgwnCUo9w5tqlNtkYFx4AaABAg,Neutral
UgwNczOe7tNpxEc6OQt4AaABAg,Neutral
UgwNDEOAJUB-0SBiqH54AaABAg,Neutral
UgwnDy98inhPdZzMG5p4AaABAg,Neutral
UgwnejrRFxQ9L5dGqP14AaABAg,Neutral
UgwnF0dB_iOBIrAajQh4AaABAg,Neutral
UgwNf0DVZXI8zAS7UkR4AaABAg,Neutral
Ugwnf4KHVxdTpm7ynTp4AaABAg,Relatable
UgwnFaSH1Jp1AjCK8jJ4AaABAg,Neutral
UgwNFdBNE1RPY7OXAz94AaABAg,Neutral
UgwnFdkydXSVesZMXWd4AaABAg,Neutral
UgwnfnjY5cMCaDzxpLZ4AaABAg,Relatable
UgwnGw48F7y_XMdJRB54AaABAg,Relatable
UgwnI2gqy06YYyqkwYh4AaABAg,Neutral
UgwNICbHWy7IOySB1NF4AaABAg,Neutral
UgwNIEsKlPbCK7uZPQ94AaABAg,Neutral
UgwniLlOJMfEiBiRLh14AaABAg,Neutral
UgwNIrzmxSXL4Fo9FCJ4AaABAg,Relatable
UgwnJQnC_yHTYFM5kFd4AaABAg,Relatable
UgwnKej9-RygJu4OF0p4AaABAg,Relatable
UgwNKOeE1UNeW94QPpB4AaABAg,Neutral
UgwnKqi37YGYrrb2mA14AaABAg,Neutral
UgwnlhHjCejT92f9RrZ4AaABAg,Neutral
UgwNmo4psB7bgUKun3p4AaABAg,Neutral
UgwNNl6VHCk78xj0rX54AaABAg,Neutral
UgwNO_ltqqoQvMcd5r94AaABAg,Relatable
UgwnO_rLYAKBEaNBRIt4AaABAg,Relatable
Ugwnoss1uOxeF3kSsQB4AaABAg,Neutral
UgwnOWG2RKgTBQ8Cl0F4AaABAg,Neutral
UgwNp7NKUhEjSaWTGpl4AaABAg,Neutral
UgwNPddkccvZ98YivFB4AaABAg,Neutral
UgwNpGRxUMCxS1tFUa94AaABAg,Neutral
UgwNpLTQzfVrPq5mPlV4AaABAg,Neutral
UgwNQQrqHbMLSljU5Np4AaABAg,Neutral
UgwNQy_YiPwHeSsGMLd4AaABAg,Neutral
UgwNst82nu6kZwtEAwV4AaABAg,Neutral
UgwnSuNa-T_7N2liJVF4AaABAg,Neutral
UgwNt1DNDRFhNyPuMxB4AaABAg,Relatable
UgwnT4Neqd8mZlUNYMp4AaABAg,Neutral
UgwntjQoG6b1InXv6Kd4AaABAg,Relatable
UgwNuIzAlIudhJfrhXl4AaABAg,Neutral
UgwNUwsVm7COV0YQW2l4AaABAg,Neutral
UgwnWdZoeE82lCnL30x4AaABAg,Neutral
UgwnwfJxE4aQ23C_-fZ4AaABAg,Neutral
UgwNwruJ1mccgz-g8El4AaABAg,Neutral
UgwNxeXX-uRjVuAionl4AaABAg,Neutral
UgwNxkgWbFtKUFtlVC14AaABAg,Neutral
UgwnxydMxVPKi0GYZoV4AaABAg,Neutral
UgwnygkdLAMQm58WVL54AaABAg,Neutral
UgwNYkrM2--amJswPBl4AaABAg,Relatable
UgwNyZY1UCKbiWmpuRl4AaABAg,Neutral
UgwNzg8ffxel-qgdme54AaABAg,Neutral
UgwnzXkSPzVdIgGSYNJ4AaABAg,Neutral
Ugwo_4ToKos401El9Ud4AaABAg,Neutral
Ugwo_b1JY5dkcyaEl1J4AaABAg,Neutral
Ugwo_bfRTWiqaLsCC3B4AaABAg,Neutral
Ugwo06z8Boj_y_L2hfN4AaABAg,Neutral
Ugwo3EHf6nXFR6iABB14AaABAg,Neutral
Ugwo3v-4HYjR6NihdTF4AaABAg,Neutral
Ugwo6SUwxPugoPzqolN4AaABAg,Relatable
Ugwoa4zeQeg9VwmPwkJ4AaABAg,Relatable
Ugwoau99wL1XDIQF55Z4AaABAg,Relatable
UgwobbXj0zA1MY3-A394AaABAg,Relatable
UgwocCnMYHXs4fFP_kZ4AaABAg,Relatable
UgwOcXiVTwHziiyceiJ4AaABAg,Neutral
UgwODbT3wtmWt43QIEl4AaABAg,Neutral
UgwOeaVlW1l-TzLOY_J4AaABAg,Neutral
UgwoeRF-fboBos4pH4V4AaABAg,Relatable
UgwoETMkO4gdGSR0Wx54AaABAg,Relatable
UgwOexv2o9g1BHpRC8R4AaABAg,Neutral
UgwOfA01Bo3kaUcH8MV4AaABAg,Neutral
UgwOFvFIWzhHnk6X1lZ4AaABAg,Neutral
Ugwofzxim6pXUqMOWI94AaABAg,Relatable
UgwoI-XnG2ZyBw-J65B4AaABAg,Neutral
UgwoIdKI1Hnu901fuFF4AaABAg,Relatable
UgwoIGV7qK9wTM2W9kF4AaABAg,Neutral
UgwOJDny7SwaDUbrdth4AaABAg,Relatable
UgwOjJi-e2Ss5CJBMsN4AaABAg,Relatable
UgwoK0jw2v1A6dFjXEl4AaABAg,Neutral
UgwOlftxJMyshZ0gU154AaABAg,Relatable
UgwOMKEzMp3sdodoEYl4AaABAg,Neutral
UgwomNpG1Avfh2hDu0p4AaABAg,Neutral
UgwomnTxK16jyhtkuqZ4AaABAg,Neutral
UgwOnLc3U8Lz-tWfItF4AaABAg,Neutral
UgwoNoKoCd65tnubruR4AaABAg,Neutral
UgwOnxRO-O78HEaWOKJ4AaABAg,Relatable
UgwOOh-VQ6iBmTuiZ3R4AaABAg,Relatable
Ugwooppd2rH1uQpkuAl4AaABAg,Neutral
UgwOpxM_9Ly0ILA5WKt4AaABAg,Neutral
UgwoQZkizq21XowkFDp4AaABAg,Neutral
UgwoRGVKJS_ppraxSYN4AaABAg,Neutral
UgworPoB9b-Zsp46RsB4AaABAg,Neutral
UgwOSLib04x6f8Vpx9B4AaABAg,Neutral
UgwOtbwb2gyDsP7WE7B4AaABAg,Neutral
UgwousRal5dTq1C2Yt94AaABAg,Relatable
UgwoUxacAv0XmuhSXQt4AaABAg,Neutral
UgwOVGXBP7KJfYnZhHV4AaABAg,Relatable
UgwOvnDCkr-XiTeeIJF4AaABAg,Relatable
UgwOvUMoZfs2tHrlIeV4AaABAg,Relatable
UgwoVUZbaeg1jWPnXZd4AaABAg,Neutral
UgwOw-PBfmJLWrF1qVd4AaABAg,Neutral
UgwOwH5mRGbNjVpjDY14AaABAg,Neutral
UgwOwiR--rDepVZ5IQx4AaABAg,Neutral
UgwoXcz-f0u0ve142I54AaABAg,Neutral
UgwoxxK0uGgsM_zJn014AaABAg,Relatable
UgwOYbvPL65u0D_YyOx4AaABAg,Neutral
UgwOyu2QRO3nwct-qyx4AaABAg,Relatable
Ugwoz9TbVRApgNS6Xdt4AaABAg,Relatable
Ugwp_irEnM9YuYMZGnh4AaABAg,Relatable
UgwP-78o6yFyp73fHFl4AaABAg,Relatable
UgwP-BKw854SPsNd-cF4AaABAg,Neutral
UgwP2_DWDEaaXUWezgl4AaABAg,Neutral
UgwP2NFeOGYiJUz9LE14AaABAg,Neutral
UgwP3hyGkrHacjwuYdF4AaABAg,Neutral
Ugwp3j_S2UQbuqgUf694AaABAg,Relatable
UgwP7rzuSxp8neaqO4d4AaABAg,Neutral
Ugwp8_iw2b5kybUQ9kR4AaABAg,Relatable
Ugwp8aCDFUtdwa3t7HZ4AaABAg,Relatable
UgwPAnQSuvqklIudrEt4AaABAg,Neutral
UgwPB6B5Ig20R8_58QN4AaABAg,Relatable
UgwpCcCt85xkexDr5NJ4AaABAg,Neutral
UgwPcFbyt3Z64zyjDpV4AaABAg,Relatable
UgwPCmbK6I6UzDrfGB54AaABAg,Relatable
UgwpDBbWhDP499dwhCt4AaABAg,Neutral
UgwPDeX353WGAo0OCct4AaABAg,Neutral
UgwpDj_c318tvurrKM94AaABAg,Neutral
UgwpdwjqQHixMRQ8qWR4AaABAg,Neutral
UgwperjCXLRJnbrYdbd4AaABAg,Neutral
UgwpFYhsTzcy3k6LaRp4AaABAg,Neutral
UgwpGYchBx6R2KAZ2g94AaABAg,Relatable
UgwPhb1bOTrxHDmbw214AaABAg,Relatable
UgwPhMaGmLRUebKZjJB4AaABAg,Relatable
UgwPhNCygGoSvtJoRhl4AaABAg,Neutral
UgwpIGLJp6CRwaEUh6x4AaABAg,Neutral
UgwpJt5Wq0_Vkfeyno54AaABAg,Relatable
Ugwpk_k4x7eZXxDNqSJ4AaABAg,Neutral
UgwPkg-D0oK3tZ9-CMR4AaABAg,Neutral
UgwPLV19pH36TUe_Ywt4AaABAg,Relatable
UgwpM2CP_u00I70Ujkp4AaABAg,Neutral
UgwPMkn0lawuN_YeRZR4AaABAg,Neutral
UgwpNo8diy8onjW7M6V4AaABAg,Relatable
UgwpNxVOUBG81ckzNMh4AaABAg,Neutral
UgwPouPWJcNRPWiuo7F4AaABAg,Neutral
UgwPoZU93BqNcx164H54AaABAg,Neutral
UgwPpjuWWrd6ns_GxL54AaABAg,Neutral
UgwPpmRJnYfFikdqJH14AaABAg,Neutral
UgwpQDgNPmPnI97YfoJ4AaABAg,Neutral
UgwPQYiyiRwfKl4dm0Z4AaABAg,Neutral
UgwprT6VxpzHFDxjFXN4AaABAg,Neutral
UgwpSYCp3KMZoi2uRVh4AaABAg,Relatable
UgwpTH7uhL0yrPg1Mf94AaABAg,Neutral
UgwpTJvwnSOxq7T57Zp4AaABAg,Neutral
UgwPtqd5A05sfZPustp4AaABAg,Relatable
UgwpTTDro9H7WTt5Hw14AaABAg,Relatable
UgwpuvQFjd84bjxUdNB4AaABAg,Relatable
UgwPvM1duGhW9Hnltxp4AaABAg,Relatable
UgwPWvrN8VvMy3XV4BR4AaABAg,Relatable
UgwPWX4h-q6yVyXwcmJ4AaABAg,Neutral
Ugwpx-RcMoY6swGgJ_F4AaABAg,Neutral
Ugwpz73_S-5UfwYUDjd4AaABAg,Neutral
UgwQ0CX7LLtcRNzReJ14AaABAg,Neutral
UgwQ1gvLyiibgjGpwrV4AaABAg,Neutral
Ugwq2LjSR1R_JYYXGgl4AaABAg,Neutral
UgwQ2Rdzj43w0HhQqNh4AaABAg,Relatable
UgwQ4Eqso5oV-kffhNt4AaABAg,Neutral
Ugwq5lOw7t3HoMpjhwd4AaABAg,Relatable
UgwQ7498WElZU2JZAyZ4AaABAg,Neutral
Ugwq8cAhLo_sfTi7RY54AaABAg,Neutral
UgwQ8D_J2ixOrSBYjb14AaABAg,Relatable
UgwQ8J5q5LPPVs9sg5B4AaABAg,Relatable
UgwQ8prcm5eNQIDbGC54AaABAg,Neutral
Ugwq9AEdl5T5mBejOw14AaABAg,Neutral
UgwQa_Kl_pZkC2bftVN4AaABAg,Neutral
UgwQcduMdbxeQlpiAkp4AaABAg,Neutral
UgwqcFweI0XBGE50dQd4AaABAg,Neutral
UgwqcjMEONCFPuHb2eZ4AaABAg,Relatable
UgwQdF5a3ZVCQaoJgRZ4AaABAg,Relatable
UgwqDZHAZ-na6ViAEBZ4AaABAg,Neutral
UgwqEeC-6ldQEDdLT094AaABAg,Neutral
UgwQEeoSD8aGbPVcWWh4AaABAg,Neutral
UgwQFNNKiprlvyootHd4AaABAg,Neutral
UgwqFnQRaiD2R8d8tIp4AaABAg,Neutral
UgwQFSWTf0IJ_MDQvuV4AaABAg,Neutral
Ugwqh_IRpLLoVz3WZKd4AaABAg,Neutral
UgwqI8TqTb-pZSVZG6R4AaABAg,Neutral
UgwQjbgzRUXj-AGnF4J4AaABAg,Neutral
UgwqjeQBAmjJh7tyImt4AaABAg,Neutral
UgwqJivJA_umq98PFWJ4AaABAg,Neutral
UgwQldt_9qpB6XGjT0R4AaABAg,Relatable
UgwqLvc_gXs5P-XPWW94AaABAg,Neutral
UgwqlwGM0zTOgY44ifJ4AaABAg,Neutral
UgwQmFSiozKX1iA_Q5l4AaABAg,Neutral
UgwqNNz-sN9K4sBeP3V4AaABAg,Neutral
UgwqOp-hs_XEMDPqN-94AaABAg,Neutral
UgwqOTW7i7yITHyVt2l4AaABAg,Neutral
UgwqPaimkh5C6flQXzZ4AaABAg,Neutral
UgwqpMsFwC-UrRszzSV4AaABAg,Neutral
UgwQpuSmKPU0lAjtJlF4AaABAg,Relatable
UgwqR1-O8t_Pou-fGKB4AaABAg,Relatable
UgwqRcnVxeR8jbgEbqJ4AaABAg,Neutral
UgwQRCt48HhowimIX2R4AaABAg,Neutral
UgwQrI87omsNTPscA4J4AaABAg,Relatable
UgwQRLF0pvKonCnU6IB4AaABAg,Neutral
UgwQRQriaeqxmeZfy_t4AaABAg,Neutral
UgwQRy6U0suqLtBdnex4AaABAg,Neutral
UgwqsBiIppHYwr89Gw14AaABAg,Neutral
UgwQScVnRQDKr-RiJaZ4AaABAg,Neutral
UgwQT1FmRKpL8Og9xtZ4AaABAg,Neutral
UgwQtVnk5C19NAdWX254AaABAg,Neutral
UgwQULgtZHv3zBoBVCN4AaABAg,Relatable
UgwQuOZSj3HcA7o6gT94AaABAg,Relatable
UgwQUPmdUxza2aZSKat4AaABAg,Neutral
UgwQupZfavC1F6BpXWN4AaABAg,Neutral
UgwqUU-PLgdgU24bQYJ4AaABAg,Neutral
Ugwqv57vI2ipD19PVFp4AaABAg,Relatable
UgwQvWxwGCj_LsjreJZ4AaABAg,Neutral
UgwQVxiixGA3FVFSSOh4AaABAg,Neutral
Ugwqw17t217FyFQ05IB4AaABAg,Relatable
UgwQw2OckQsvkOktwn14AaABAg,Neutral
UgwQwytO23i4o4nu3oR4AaABAg,Neutral
UgwQxcTquNLzHhKCbbl4AaABAg,Relatable
UgwqxLJplsCS6U1QJFR4AaABAg,Relatable
UgwQXyPYLfAXdxLK0bR4AaABAg,Neutral
UgwqYtliiamOjAZk0Yt4AaABAg,Relatable
Ugwqz0NnL_-MU1TUZ7d4AaABAg,Neutral
Ugwr_32-pyCcYLq0heJ4AaABAg,Relatable
Ugwr-dBKQ9F1gwHw1WV4AaABAg,Relatable
Ugwr-lWLXmPyQX1mgAR4AaABAg,Neutral
UgwR-RIQAbrF1VJj0FR4AaABAg,Neutral
UgwR058qtBvlpcBAHJl4AaABAg,Neutral
Ugwr2_yZtXTMyeoyVs94AaABAg,Relatable
Ugwr2KOXvwrbhEg-2ol4AaABAg,Neutral
Ugwr3zcTvjpcysNb1Vt4AaABAg,Relatable
UgwR4A5tQx94YxLZP4d4AaABAg,Neutral
Ugwr4GIcET99kk7rjs54AaABAg,Relatable
Ugwr5h9-RDjbk0ZZ0jB4AaABAg,Neutral
Ugwr62E5kgU5jPcLXaR4AaABAg,Neutral
Ugwr8IdfU_-g87wEjzl4AaABAg,Neutral
UgwrAlxhq_cT5fxi1E54AaABAg,Neutral
UgwRbbodG2AQFR7WYch4AaABAg,Neutral
UgwrcAP_eCTzwCxaHvx4AaABAg,Neutral
UgwrcBISt7MkvNp-c9N4AaABAg,Neutral
UgwRckBGR6WNesXHBwh4AaABAg,Neutral
UgwrCNHfBv7KOvxG_4N4AaABAg,Neutral
UgwRDl8iEyWGG0yIDaN4AaABAg,Neutral
Ugwrdo5SS4OUETrpNJJ4AaABAg,Neutral
UgwrDomm6IfSiCHTT0F4AaABAg,Relatable
UgwRDyNq5KDr3ruJgJd4AaABAg,Neutral
UgwRe1o2CPjEd2wxJix4AaABAg,Neutral
UgwRE9E2ltcFemS_ZOJ4AaABAg,Relatable
UgwRFZdfWN7UJgJL1Bl4AaABAg,Neutral
UgwRgkLyI-Wm6jirpXd4AaABAg,Neutral
UgwRGq8_akDGIy3RAWF4AaABAg,Relatable
UgwrHITfRKYoqVqH9814AaABAg,Neutral
UgwrkazNZmULbeDEmA14AaABAg,Neutral
UgwrkJXVKRNZZukSkzl4AaABAg,Neutral
UgwRlEQm6l-lS5s8deV4AaABAg,Relatable
UgwrlERJlHVob0ZaBYZ4AaABAg,Neutral
UgwrlfRPFhM8doWmtPl4AaABAg,Relatable
UgwrLPanusYaZbQQNEh4AaABAg,Relatable
UgwrLR1877qYhDU7K1t4AaABAg,Neutral
Ugwrn_tckakAOPeXpdt4AaABAg,Relatable
UgwRnBMt-UTegJmAnoJ4AaABAg,Neutral
UgwRNvqV7OMYFswOsXN4AaABAg,Relatable
UgwRNxPvMyCM3Fpfk2N4AaABAg,Neutral
UgwrowCUOizG3qk3ch54AaABAg,Neutral
Ugwrp3azBM-i7vw7kUF4AaABAg,Relatable
UgwrpVi3Pzq7GegGaw94AaABAg,Relatable
UgwRqojnsVip6sJEGVh4AaABAg,Relatable
UgwRr31xNSk9tpOfKF54AaABAg,Relatable
UgwrrrjDdSHVhsyjNuZ4AaABAg,Relatable
UgwRsAJx716-RcXOy314AaABAg,Neutral
UgwrSbfU_-ERV93ANh54AaABAg,Neutral
Ugwrsit72IFlXMuwxaV4AaABAg,Relatable
UgwrsNNN7q_1_spgQwR4AaABAg,Relatable
UgwrsV2ceiAI451U9lp4AaABAg,Neutral
UgwRTvOEjON3TfN4rNJ4AaABAg,Neutral
UgwrU2ti2LhUySn7jGx4AaABAg,Relatable
UgwRU7gsnY3zFKgaoch4AaABAg,Relatable
UgwrvkwpOiQV-UEDFFN4AaABAg,Neutral
UgwrWiO8Qtvpzmqb0EV4AaABAg,Neutral
UgwrwMl_3eapVTKk8cx4AaABAg,Neutral
UgwRx7OX4ng9mCCEiWl4AaABAg,Neutral
UgwrYa1QuKcNaMNB6H14AaABAg,Neutral
UgwryEtS3M0s7UrsfpN4AaABAg,Relatable
UgwrZk3X945iqveBooR4AaABAg,Neutral
Ugws-IXgnRJ8K60JTAJ4AaABAg,Relatable
UgwS2e250wwmMu586Md4AaABAg,Neutral
Ugws3_fGr4h8gtSjtmp4AaABAg,Neutral
Ugws5JRhJvfNvwEJBMR4AaABAg,Neutral
UgwS5MT8Ql0-Q74R6aB4AaABAg,Neutral
UgwS5UBBmIxH6F2GDYF4AaABAg,Neutral
UgwS6VmWu0BHMWqOjqN4AaABAg,Neutral
Ugws8aiOPSMIyA3HSyp4AaABAg,Neutral
Ugws8fyUygCMrUgb8BB4AaABAg,Neutral
UgwS9yLmAzzpWRyZiCx4AaABAg,Neutral
UgwsA5II8YI5-ESSjAN4AaABAg,Relatable
UgwSA5qSF84JcgccFyh4AaABAg,Relatable
UgwSAB3RYYNTxTonFaJ4AaABAg,Neutral
UgwsabQ4SB2RemU0Av94AaABAg,Relatable
UgwSAm2Th57YioTAv5V4AaABAg,Relatable
UgwsbcQ4PDyGA8-69hx4AaABAg,Neutral
UgwSbfXwj3bZAGQv1rB4AaABAg,Relatable
UgwSBYSZ6HmdenUl9f54AaABAg,Relatable
UgwSc9pzUsygOWueVBF4AaABAg,Neutral
UgwSCnR0QiAe1Ttsh454AaABAg,Neutral
UgwsDHhZgd7UYLyVlJp4AaABAg,Neutral
UgwsDUs4OQXryzv5B_R4AaABAg,Neutral
UgwSFfsVD17TbYB3a0d4AaABAg,Neutral
UgwsftfNizNALcVw_Pl4AaABAg,Relatable
Ugwsg82fs1J6euDoD-l4AaABAg,Neutral
UgwSGaAHdR-mafZUwtN4AaABAg,Neutral
UgwsHOVsyPM1xiasAhZ4AaABAg,Neutral
UgwsI063RpIgxMnMCN54AaABAg,Neutral
UgwSiHozUFvN_FDYtSd4AaABAg,Neutral
UgwSJ-knSuVjbyqn0It4AaABAg,Relatable
UgwSjqCXUMwu6FtUwLV4AaABAg,Neutral
UgwSJR3EEMkPEkN-DXN4AaABAg,Neutral
UgwSJxkyUu5cHJk44LB4AaABAg,Neutral
UgwSKrsu5-uepUhmvL94AaABAg,Neutral
UgwSLyuVDmVcx0A_oEd4AaABAg,Neutral
Ugwsm3sLb4swE3qIhx54AaABAg,Neutral
UgwSMLop5Cz9otiPK-t4AaABAg,Neutral
UgwSN7EOKSxoOGnGuMh4AaABAg,Neutral
UgwSowbdcZ64yNiJ-l94AaABAg,Neutral
UgwSQSpZvv3WYZSfJf14AaABAg,Neutral
UgwSquKSAEQuQtvGmuh4AaABAg,Relatable
UgwsRzYzHb7BkXuDQZt4AaABAg,Relatable
UgwSSJz7SCz6zBsm7c54AaABAg,Neutral
UgwSsnbj1K7AbpBQqvV4AaABAg,Neutral
UgwSsRH-6s1a4iNtwm94AaABAg,Neutral
UgwSt_XyIAlKEeuTdE14AaABAg,Neutral
UgwStc_5GyIpmJK5-LB4AaABAg,Neutral
UgwStn21nRnnw9ravf94AaABAg,Neutral
UgwSUhhOMqQpHLtxlTp4AaABAg,Neutral
UgwSutGn_2snj1T4Fz94AaABAg,Neutral
UgwSV88Yb0dnpCnOeW54AaABAg,Neutral
UgwSvkLCEGk-GB8wSb94AaABAg,Neutral
UgwSvO02bbloSMeH90d4AaABAg,Neutral
UgwswWq6L7QSn05DubN4AaABAg,Neutral
UgwsXfw0LTrPVUaTf7p4AaABAg,Neutral
UgwSxkYyDiRXFnT9xY14AaABAg,Relatable
Ugwsy4pAur4z-enpVRx4AaABAg,Neutral
UgwsYDTwOoUnWOlJoOp4AaABAg,Neutral
UgwsYfr1KJdn04bO9y14AaABAg,Relatable
UgwsyOt3CDI9b40cqY54AaABAg,Neutral
UgwSz0VE9DNRSRw1Qe54AaABAg,Neutral
UgwSZi4LdPUhEMD-QhF4AaABAg,Neutral
UgwsZKzUSwcGgDMbZvN4AaABAg,Neutral
UgwsZPaPMI1ADNVZwYB4AaABAg,Neutral
UgwT_HJni-EYQyHv6I14AaABAg,Neutral
UgwT08WkO5yGBuOasMl4AaABAg,Neutral
Ugwt10dv7rTgqCJ7PV54AaABAg,Neutral
UgwT2TQ3Lb4h_Z8PMK14AaABAg,Relatable
UgwT47uokJ24yUUxuJZ4AaABAg,Neutral
Ugwt4Uz4ipkExHT96ox4AaABAg,Neutral
Ugwt5BLi8SR5b39IoNN4AaABAg,Neutral
UgwT5xzkuMqLyi2otF94AaABAg,Neutral
Ugwt6fu3D-3xnkMCmqZ4AaABAg,Neutral
Ugwt6jMWB69mQ8Y0VrB4AaABAg,Neutral
UgwT6VM8DTSRHvmvnrR4AaABAg,Neutral
Ugwt7LJ4VD1aZc1czeV4AaABAg,Relatable
Ugwt8c5lJhKz4IXDJ8F4AaABAg,Neutral
UgwtAwbmdoh6j1vOD7Z4AaABAg,Relatable
UgwTaxvzZZC5xHEcNQV4AaABAg,Neutral
UgwTb-mCwegLHrh6evF4AaABAg,Neutral
Ugwtc0RzPkufrSGkRGl4AaABAg,Relatable
UgwtC6SvStbq8rk3aJx4AaABAg,Neutral
UgwTcBd9bUltYG-cszV4AaABAg,Neutral
UgwtcgfymO1P3VMGQxV4AaABAg,Neutral
UgwTcX-gavAADiy7fTx4AaABAg,Relatable
UgwTDGFOPFRGS8lECwV4AaABAg,Neutral
UgwtdSQBh3qGBUMBarx4AaABAg,Neutral
UgwTEHZTTcTbt5KdIPV4AaABAg,Neutral
UgwteQFgYn_SCHjI1kJ4AaABAg,Neutral
UgwtF29YIC9zZ1lHY2R4AaABAg,Relatable
UgwTFGk3JxPxXG_SsoJ4AaABAg,Neutral
UgwTgVOML_Ztjbd-u0p4AaABAg,Relatable
UgwTHxwXc6R-_Sntb5V4AaABAg,Neutral
UgwtHYZbg4bY0SWHVuZ4AaABAg,Neutral
UgwTInfd9vSVK9ZLGAd4AaABAg,Relatable
Ugwtjt7mmJh5awHviFN4AaABAg,Relatable
UgwTKwjS6z2qddzn2sB4AaABAg,Neutral
UgwTlHWhMoEoa4abk8d4AaABAg,Neutral
UgwtlwIUBBfX829M2iR4AaABAg,Neutral
UgwtmoRcn_YVqtUXxXp4AaABAg,Relatable
UgwTMy4IejTOKeuqoUJ4AaABAg,Neutral
UgwTN366Mh2ze5abj0d4AaABAg,Relatable
UgwtNfTQpjnTe9GqQFp4AaABAg,Relatable
UgwTnp4jk9y-1n1aJwB4AaABAg,Relatable
UgwtpVhCo2XwdRYHuaZ4AaABAg,Neutral
UgwTPzBS0CuOpFQ39j14AaABAg,Neutral
UgwTQ1ry-laHc1m9dvZ4AaABAg,Relatable
UgwTqeZx9ZVpQ4JCr-h4AaABAg,Neutral
UgwTriMoAJtq7fjE9XN4AaABAg,Neutral
UgwTtOSntTabgWb-6QZ4AaABAg,Relatable
UgwTTrWvkC7O6mXNf0J4AaABAg,Neutral
UgwTU0Ipg3tm7UHDTwt4AaABAg,Relatable
UgwTunQ8s1WBJJyafXh4AaABAg,Neutral
UgwTV5mlbf6nhCk_kmx4AaABAg,Relatable
UgwtvhuTSxbk1d94fHh4AaABAg,Neutral
UgwtvSbPyn-t-CFD1Fx4AaABAg,Neutral
UgwtW8SyAzSgYVxPyAt4AaABAg,Relatable
UgwtWi5mDE6zAnx39aJ4AaABAg,Neutral
UgwTy17TVKxiEnjYQKx4AaABAg,Relatable
UgwTY1KUmQr0Id13mkt4AaABAg,Neutral
Ugwtycq5l8nsF6M64F94AaABAg,Relatable
UgwTYNVxwxyoWiSLIJ94AaABAg,Relatable
UgwtZ1d4NybvVupjwYJ4AaABAg,Neutral
UgwTZ5d5tZaAf_AGfUN4AaABAg,Relatable
UgwTZc7xxx17CZjZ4BB4AaABAg,Neutral
Ugwtzp8jleS2No2Ppix4AaABAg,Relatable
UgwTzq8ubO0bwqQPEb94AaABAg,Relatable
UgwtZtQPojeFr6TaRT54AaABAg,Relatable
Ugwu_nV6d1BxESVF_Mx4AaABAg,Relatable
Ugwu_WxZ2DXjHbA1z954AaABAg,Relatable
UgwU-30qKQMuq6O7QEd4AaABAg,Neutral
Ugwu-eywWb_GeHoPpnN4AaABAg,Neutral
Ugwu01KVnOXCDcqYPtN4AaABAg,Neutral
Ugwu1gIoI6C84T9cW5Z4AaABAg,Neutral
UgwU2Ncr4vz4Q5reGNZ4AaABAg,Neutral
Ugwu2TCN39kA8ZmPu3F4AaABAg,Neutral
Ugwu2VWg9oCiTDX7FSF4AaABAg,Neutral
Ugwu38WG-4pK0M-xQKl4AaABAg,Neutral
Ugwu3h7-ZJwmSwCgsiF4AaABAg,Neutral
Ugwu3JnwvM-IRAD-cj14AaABAg,Relatable
Ugwu3KRXjVUUwcI8y8B4AaABAg,Relatable
UgwU5zsvGurljU3do3R4AaABAg,Neutral
Ugwu62zFLDElFOBLGxd4AaABAg,Neutral
UgwU6Kojj8HzjeRq03d4AaABAg,Relatable
UgwU6ZbIMfiMY7vfWHB4AaABAg,Neutral
Ugwu6zuPzVwCkPylLXZ4AaABAg,Relatable
UgwU759ZxkDIsaid8a94AaABAg,Neutral
UgwU7s64U9IIXD7beoN4AaABAg,Neutral
UgwU7SBy1vOfh0sIOMp4AaABAg,Neutral
UgwU7tGEJ8IJF2MyTmp4AaABAg,Relatable
Ugwu94gFEjMm0p-8bMN4AaABAg,Relatable
UgwuA2sPZXEFXCr4pzN4AaABAg,Neutral
UgwuAXTWT5vt2AG9muJ4AaABAg,Neutral
UgwuBbSXezk7fQIQoB54AaABAg,Neutral
UgwuBmTK54jSIDbAErx4AaABAg,Neutral
UgwUCIHQ4iGiOdOBLvR4AaABAg,Neutral
UgwUCy1mBEYOr6owm2h4AaABAg,Neutral
UgwuD803HYNhTIK4u8h4AaABAg,Relatable
UgwudqNiSxAPsjwAuGx4AaABAg,Relatable
Ugwue2LQHgqPllW74O14AaABAg,Neutral
UgwUeJ3JVAGRHVRT3ZJ4AaABAg,Neutral
UgwUf74Ar6TZjmsJNlt4AaABAg,Neutral
UgwUG35_XkVvDmznPpN4AaABAg,Neutral
UgwugDh3_hU-3BfyeCt4AaABAg,Neutral
UgwuGK_KWdXAZzQbRS14AaABAg,Relatable
UgwuhEputt2RjI3ysqZ4AaABAg,Neutral
UgwUI95rNWLwWfFap6J4AaABAg,Neutral
UgwUiLzF0p6NzZQ-dw54AaABAg,Neutral
UgwUIoNUIjDeTomcUJh4AaABAg,Neutral
UgwuIPBN3msQJcLynKV4AaABAg,Neutral
UgwUiPdvOzv9WD8aLKt4AaABAg,Relatable
UgwujLHg0rtVSMNimpF4AaABAg,Neutral
UgwUjTXk6Q4gHlQqb654AaABAg,Neutral
UgwUKDjiJqZXQaFli4B4AaABAg,Neutral
UgwuKdxnsZTz7T9wqf14AaABAg,Neutral
UgwuNHXWbYHxfhdoln54AaABAg,Neutral
UgwuOj80cRfRRzYVS9t4AaABAg,Neutral
UgwUOu4T6L2vizj5JI54AaABAg,Relatable
UgwUpab4GFwfCCbkEQx4AaABAg,Neutral
UgwuqKbzZwqGaqBf2VR4AaABAg,Neutral
UgwUQnf2D_qUYwJrDFJ4AaABAg,Neutral
UgwURKtlhymijFgiLuh4AaABAg,Relatable
UgwusR2ZysTjr2C2m3V4AaABAg,Relatable
UgwUT-MMGz-4HSRs4N94AaABAg,Neutral
UgwUtjnrm5vrSMdCEAp4AaABAg,Neutral
UgwuTK2bOwGpvp7lYth4AaABAg,Relatable
UgwutlOXgAlgHq1avU54AaABAg,Neutral
UgwUTT-EoluWJw6BXw94AaABAg,Relatable
UgwuTUevjmNG3sbEJol4AaABAg,Neutral
UgwuuLZ1lw27hc7jdmF4AaABAg,Neutral
UgwuUqiB42UyLiVCT4Z4AaABAg,Neutral
UgwUVCEmgNDe1AeNSux4AaABAg,Neutral
UgwUwAurd9aCoErHFAV4AaABAg,Neutral
UgwuWMvuIHm7r9msatF4AaABAg,Relatable
UgwUWVQK9eeMXScJ00B4AaABAg,Neutral
Ugwux5cl94RmqyEeNZB4AaABAg,Neutral
UgwuxjQq7epIPJa9pGp4AaABAg,Neutral
UgwUY13xFkdWedyPm5V4AaABAg,Neutral
UgwUy5tWl3VLFFCIq0l4AaABAg,Relatable
UgwuyEuxR-Do1uKyS414AaABAg,Neutral
Ugwuyfhq_yjQs6ndEzZ4AaABAg,Relatable
UgwuzIW-_5LUXJZ6CnF4AaABAg,Neutral
UgwUzJluYiEgLr3arNN4AaABAg,Neutral
UgwUZsozg_ovEhZgmeB4AaABAg,Neutral
UgwuzUkgv1I2lvlA30p4AaABAg,Relatable
UgwV-y79a7k4DelcS8l4AaABAg,Relatable
Ugwv-y79C0Iv5rJHYrV4AaABAg,Relatable
UgwV36pgNRCiWwx9ts94AaABAg,Neutral
UgwV3NPB0H-ED3vFgRp4AaABAg,Neutral
UgwV4PonX_m41sXWf1N4AaABAg,Neutral
Ugwv6NWFJ2UP2pjz4LJ4AaABAg,Neutral
Ugwv78WshrBr9jtD2hF4AaABAg,Relatable
Ugwv7lDUYaMvnjgqwfR4AaABAg,Relatable
UgwV8Mr7RyK82t9NPr14AaABAg,Neutral
Ugwva2VyRs7z2lYlzcJ4AaABAg,Neutral
UgwvaDkxaKsnjm9Zd4l4AaABAg,Neutral
UgwVBEtgeDS-2YYnJTt4AaABAg,Neutral
UgwVBp7Eu8Bzc2eGEoN4AaABAg,Neutral
UgwvcHMmqo-HzQXZElF4AaABAg,Neutral
UgwVcYwUevHAPgTOgyp4AaABAg,Neutral
UgwvdEte8PIRryVkT_J4AaABAg,Neutral
UgwvdhPM0wUetH0BzhB4AaABAg,Relatable
UgwvDvouUlO1A5D2z3d4AaABAg,Neutral
UgwVE3_Od_6p_J50Wt14AaABAg,Neutral
UgwvEhWTHBpO7aZ12rN4AaABAg,Neutral
UgwVEmjzhWfaKJ5OQX94AaABAg,Neutral
UgwveuwtU0kKn3T68jV4AaABAg,Neutral
UgwvGaPyXAGpPsx-qC14AaABAg,Neutral
UgwVgcPxJAqD1j25UZJ4AaABAg,Neutral
UgwVggV92Sjj5TNVv694AaABAg,Neutral
UgwvgH-RJdX9VIDCalV4AaABAg,Relatable
UgwVhY2SMJdqDwJiTDR4AaABAg,Relatable
UgwVi26XU0m8kCcVZAR4AaABAg,Neutral
UgwvIa4GnzKIC72KS094AaABAg,Relatable
UgwViCsetKVUeh-lfKR4AaABAg,Neutral
UgwviLhkhji4qoFkrOt4AaABAg,Neutral
UgwvJe8MO1Uaa_5SaYx4AaABAg,Neutral
UgwvJWm_46w8dpTqwpZ4AaABAg,Neutral
UgwvjzaeBfUyW9Le5KB4AaABAg,Relatable
UgwVkBvriQtBc6bBVA54AaABAg,Relatable
UgwVKDIsMIO_3jUkmiB4AaABAg,Neutral
UgwvKDNUExxeWlrHKU14AaABAg,Neutral
UgwVkJvrijA2MxYmUy94AaABAg,Neutral
UgwvLcVVjghruIRO63V4AaABAg,Neutral
UgwvMafu0bINgZ2B0Ux4AaABAg,Neutral
UgwVme351O3BGEG94o14AaABAg,Neutral
UgwVmrQaOACpl0wJQOp4AaABAg,Neutral
UgwvMVp5iEAtIaY555l4AaABAg,Neutral
UgwvMzqfNAMtOp4bphZ4AaABAg,Relatable
UgwVn2Cl-s43xCGuk1p4AaABAg,Neutral
UgwVnpmDLtmerNGOA0N4AaABAg,Neutral
UgwVnpNwde9y3mmUi-14AaABAg,Neutral
UgwvnQ0texOgrEWvHt54AaABAg,Neutral
UgwVNT4CdsU_-2j4dYx4AaABAg,Relatable
UgwVNxPNx9L2LRZVdjl4AaABAg,Neutral
UgwVO9oTY23MIUxnted4AaABAg,Relatable
UgwvOvBGUzq32Ln7_al4AaABAg,Neutral
UgwVOyIeJlRm2Bl-zFN4AaABAg,Neutral
UgwVPP0_APgJZJ3ckJh4AaABAg,Neutral
Ugwvq6w8aIoIQpRfOH94AaABAg,Neutral
UgwvqmEf5z2bO5ceuj94AaABAg,Neutral
UgwvrIAhRrWj5ydloFZ4AaABAg,Neutral
UgwvRl3BiXCA0VjAa5J4AaABAg,Neutral
UgwvRmtNIH9qwBE0e4J4AaABAg,Relatable
UgwvRYrCthBAQthg5J94AaABAg,Neutral
UgwVSQR-AYHc94LBJud4AaABAg,Neutral
UgwVT-cVk-7YJezNjUV4AaABAg,Neutral
UgwvT0GrqeeVjnw4zTV4AaABAg,Relatable
UgwVt3ht795f0UfmucJ4AaABAg,Neutral
UgwvTL5LfNGU3-EZUNx4AaABAg,Neutral
UgwVtWITNTtKSJb2jRp4AaABAg,Neutral
Ugwvty0RohJKY7UIZbZ4AaABAg,Relatable
UgwVtYOQVM7SmAOAM-h4AaABAg,Neutral
UgwvUOQZWDvB_CGNAj14AaABAg,Neutral
UgwvutfWhpwU64pIDQR4AaABAg,Neutral
UgwVvrqIha0RlQYo-IV4AaABAg,Neutral
UgwVvyPWDUJ_eqcvgXt4AaABAg,Relatable
UgwvwN0vZEz0mePJrER4AaABAg,Neutral
UgwvWrJANMT0luskrf54AaABAg,Relatable
UgwVXIYu3GxNSOnqP314AaABAg,Neutral
UgwVZ-1xKROTk4_BE894AaABAg,Relatable
UgwvZP59MUgWtDktokV4AaABAg,Neutral
UgwVZsrr-A5Qbkvrs114AaABAg,Neutral
Ugww_43TRwPAN4sZy7J4AaABAg,Neutral
UgwW_jANobpmRdPnTOF4AaABAg,Neutral
Ugww-cQlT_BvtSqdh-J4AaABAg,Neutral
UgwW0MLYscEOEssnPNt4AaABAg,Neutral
Ugww1IgbaFX8TwTKsQx4AaABAg,Neutral
UgwW1MJhjW7WcsFspQh4AaABAg,Neutral
Ugww2rlAUsGw0pnDLsx4AaABAg,Neutral
Ugww2v8HDXopVcAp-wp4AaABAg,Neutral
UgwW3-WgCyxLQXHOOsV4AaABAg,Neutral
Ugww3X3GFfcqDrgaDTR4AaABAg,Neutral
UgwW4K8U0cn-kw_7qN14AaABAg,Neutral
Ugww77Xa1rukv1ySq314AaABAg,Neutral
UgwW7iPM1TWUEGp4u_54AaABAg,Neutral
UgwW7p_RYKpEhm_mhy14AaABAg,Relatable
UgwW7pwZTucWB9V1Npl4AaABAg,Neutral
UgwW96gq21na5Cnerml4AaABAg,Relatable
UgwW9A_E9LXg897BKfl4AaABAg,Neutral
UgwW9jZBRlo0zBIzGBd4AaABAg,Neutral
UgwW9QGvR7Bx4_E7vCx4AaABAg,Neutral
UgwWDD2lxgg1j6KRl6x4AaABAg,Neutral
UgwWDksxyaOE61oaBjB4AaABAg,Neutral
UgwwegrzsnVX9utEWiJ4AaABAg,Neutral
UgwWEOnL2WsH26FL8rp4AaABAg,Neutral
UgwWF8QPE9sPJWymlfp4AaABAg,Neutral
UgwWffTndfIG_O8-czd4AaABAg,Relatable
UgwWfR_CUBl-prhhA9V4AaABAg,Neutral
UgwwG1YTbQgA0BTD7Bh4AaABAg,Neutral
UgwWG6jAOdr6ZD5Mn_Z4AaABAg,Neutral
UgwWGtIO4Kj1fcg8jn54AaABAg,Relatable
UgwwgvZDc-mI0ZTx1PF4AaABAg,Relatable
UgwwgZOQbqK5X34ejsl4AaABAg,Neutral
UgwWIf4YH-cb4WBKo-d4AaABAg,Relatable
UgwWiPT99VEEB2Vy-9Z4AaABAg,Neutral
UgwWIWtl1Qse4_v3Yq14AaABAg,Neutral
Ugwwiz6eUst9w1H3tnp4AaABAg,Neutral
Ugwwj3QjZIfMA4ewHx54AaABAg,Neutral
UgwwJfQouWEMFRSPHJh4AaABAg,Neutral
UgwWJRtQyuMFmYKuODd4AaABAg,Neutral
UgwWK1wTbE47oh6suXJ4AaABAg,Neutral
UgwWKTxL8cSy4WkZHSN4AaABAg,Neutral
UgwWlMUk4dfO6itaK3N4AaABAg,Relatable
UgwWlnhL6AvU8bQKl-p4AaABAg,Neutral
UgwwlojA9BjZ8c467ml4AaABAg,Relatable
UgwwlQxL18IvpfTdT_V4AaABAg,Neutral
UgwWMB2JFmWdgUjmYu14AaABAg,Relatable
UgwwMb6uSXM_Iuf-G654AaABAg,Neutral
UgwwmzAVv6b0Sp7CZ7V4AaABAg,Neutral
UgwwnSCC0aCo5o4n96t4AaABAg,Neutral
UgwWNskOVlseDPCCcrd4AaABAg,Neutral
UgwWoKIJYyuoG0nUFUR4AaABAg,Neutral
UgwwoTilkkBKtvDAQBZ4AaABAg,Neutral
UgwWPCUmq_WH10P-M6d4AaABAg,Relatable
UgwwPFGVDF-jqv40t2h4AaABAg,Neutral
UgwwpI90y2nS7OmTw254AaABAg,Neutral
UgwWpS4BK1Q6nsUHdil4AaABAg,Neutral
UgwWQDu4V7bI3BV2DY14AaABAg,Neutral
UgwWqUGzdK5s6CaKoU94AaABAg,Neutral
UgwwR_mDwpYfXpIu2Gx4AaABAg,Neutral
UgwWR_TakxctdI0qA354AaABAg,Relatable
UgwwR3LO-1OxWV0EwXF4AaABAg,Neutral
UgwwrciB6vBIYXVSKh14AaABAg,Relatable
UgwWsLHtwNQsuUqdwXF4AaABAg,Neutral
UgwwSmjCoB6oFd8ac5V4AaABAg,Neutral
UgwwsPsOOXSbYC2BWrV4AaABAg,Neutral
UgwWswuoICwPCnsGV_R4AaABAg,Relatable
UgwwSx2ANyq90g5VOr14AaABAg,Relatable
UgwWtBaVhtFkyKksIkJ4AaABAg,Neutral
UgwwulF_v6efNRW7LAd4AaABAg,Relatable
UgwwupCUQEJrmCBu3hd4AaABAg,Neutral
UgwwWJgPJoS-X1vuzOV4AaABAg,Neutral
UgwwWkSCGAddTxO4rH14AaABAg,Neutral
UgwwWLzW8p5TnBNjxcp4AaABAg,Neutral
UgwWWnA1DAWPEJRTizh4AaABAg,Neutral
UgwWwnDE-xbGFtBz5iV4AaABAg,Neutral
UgwWxGb2uHiLZwk0pmF4AaABAg,Neutral
UgwWXj_eP8_rXU7ygqt4AaABAg,Relatable
UgwWXq4iRN0xvzNZFRl4AaABAg,Relatable
UgwWXXf5vQQOA3UfRe94AaABAg,Relatable
UgwWythtfNEJexN0XJF4AaABAg,Neutral
UgwWyUfNZPpAaCpw9eZ4AaABAg,Neutral
UgwWyuth4n8d9bqB9n94AaABAg,Relatable
UgwWzfua6_KQelndIAJ4AaABAg,Relatable
UgwwZlhxtRwEsefjEKp4AaABAg,Neutral
Ugwx_YJm1LKyv5OrV514AaABAg,Neutral
Ugwx0kFT1bNWOvbHW-J4AaABAg,Relatable
UgwX0mOEw2nQgsI3eJx4AaABAg,Neutral
UgwX1E0WO6W28yAtf-54AaABAg,Neutral
UgwX2nAzEGALmbaXsOx4AaABAg,Neutral
UgwX2oemTUFe6Zw9btR4AaABAg,Neutral
UgwX3_UAlvft2aJNAcF4AaABAg,Neutral
Ugwx3A7PTkQilOvMef94AaABAg,Neutral
Ugwx3LNGp-GL7-vqV0F4AaABAg,Relatable
Ugwx3pHZHV6BAIO9JcV4AaABAg,Neutral
UgwX4r0Zt23ZhcbmXdh4AaABAg,Neutral
Ugwx5mm8GkSSCm5DIft4AaABAg,Neutral
Ugwx6JHusP6oou20Nz14AaABAg,Neutral
Ugwx8wVQI9zU8tnpXFh4AaABAg,Neutral
UgwXa7Z81ahqiio71zd4AaABAg,Relatable
UgwXAAOtQk-DrL3SBkt4AaABAg,Neutral
UgwXapKPXdXMdggJHD14AaABAg,Neutral
Ugwxb0rISeTz4HRkPa14AaABAg,Neutral
UgwXBlcoXJx52Fn5PsR4AaABAg,Neutral
UgwxBlUwGl7FhDAlRJ94AaABAg,Neutral
UgwxbU6mv6zgPddlxCt4AaABAg,Neutral
UgwXci3rDKNBbIhSMw94AaABAg,Neutral
UgwXEcGsCzCZihVlBmJ4AaABAg,Neutral
UgwXEr5lj7a9aMbV9bB4AaABAg,Neutral
UgwXeTjLlZ67Jt4lB_94AaABAg,Neutral
Ugwxg64ygYfd9DTzXtJ4AaABAg,Neutral
UgwxH7bUtEPuh6-tdu14AaABAg,Neutral
Ugwxh7h3cXYyprtYEBd4AaABAg,Neutral
UgwXh82LG0aXnjMUC3Z4AaABAg,Neutral
UgwXha3mI9Yq-CSh3GR4AaABAg,Neutral
UgwXhgKQiAwqYYEQXHx4AaABAg,Neutral
UgwXIkbqO6Uk1CuMWfJ4AaABAg,Relatable
Ugwxja1CrWVMOeQfbxJ4AaABAg,Neutral
UgwxjeJIWsDlno9N0Tl4AaABAg,Neutral
UgwXjkQEXvNL9EUmaVd4AaABAg,Neutral
UgwXjpidlhz1P8HpY094AaABAg,Relatable
UgwXk5SKZPtJIqyM7zV4AaABAg,Neutral
UgwxkJ25B_N4BVm_LvJ4AaABAg,Relatable
UgwXkRTbKQwa3MPfdcB4AaABAg,Relatable
UgwxKxQE3Y0wQ-eF6LF4AaABAg,Neutral
UgwXldSf_Ms8cQIvT1l4AaABAg,Neutral
UgwxLl3H52SAEv3aDrh4AaABAg,Neutral
UgwxLO0ZNEtuAS9xvl14AaABAg,Relatable
UgwXLXo-A3WkvnMv69V4AaABAg,Neutral
UgwxmpAmP9w9nTCBXId4AaABAg,Relatable
UgwxNE2XII6gwi_V3SN4AaABAg,Relatable
UgwxNMOdH5-7L-uQmwJ4AaABAg,Neutral
UgwXnoEr2bEOSMmiQsN4AaABAg,Neutral
UgwxOVMQ9XFR_ANUzyl4AaABAg,Neutral
UgwxpDdtPCbSD9_bgih4AaABAg,Neutral
UgwXPfyVkNB5H9OPS7t4AaABAg,Neutral
UgwXPq40CoksUQDWJoJ4AaABAg,Neutral
UgwXqbGJgF8xGpz7iyx4AaABAg,Neutral
UgwXqI-K48STO1Jfm8p4AaABAg,Neutral
UgwXRE9UAMDi2JSo4dx4AaABAg,Relatable
UgwxRKZMqrQWD1r3TC14AaABAg,Neutral
UgwxROi-ROhieyGObkZ4AaABAg,Neutral
Ugwxrwu472jQfEiRGfV4AaABAg,Neutral
UgwxTaUegeiWGMMEYeV4AaABAg,Neutral
UgwxU870EsRDgI2zXnt4AaABAg,Relatable
UgwXUdjJn1dYaNuHNzJ4AaABAg,Relatable
UgwXUPZQgYBow_nN4iF4AaABAg,Neutral
UgwXV2yM0USaSrjCnHZ4AaABAg,Neutral
Ugwxvv6WBfrD8BvgF8h4AaABAg,Neutral
Ugwxwcu3bv2AoKCma-p4AaABAg,Neutral
UgwxwLT19tQvGZiYPDR4AaABAg,Relatable
UgwXX1RvdOtWnaz0lsp4AaABAg,Neutral
Ugwxy5dNsJ2PtLmNtth4AaABAg,Neutral
UgwXZ0grFNsyHIaYpSt4AaABAg,Relatable
UgwxZcZWAKwGXgQg3wt4AaABAg,Relatable
UgwxzELomEu3QObAqcR4AaABAg,Neutral
UgwxzKESqvsdxg7yfAh4AaABAg,Relatable
Ugwy_Pa6Ad7tpX9NvBB4AaABAg,Neutral
Ugwy-o8C6fXzTcohtex4AaABAg,Relatable
Ugwy-P0zwW1H0KPpzXZ4AaABAg,Relatable
UgwY-qIBlC990OTQyZZ4AaABAg,Relatable
UgwY-zxD-nzklI1c0i54AaABAg,Neutral
Ugwy0gfwr02_uCVYVc14AaABAg,Neutral
UgwY0ndXTT9Sodi94bp4AaABAg,Neutral
UgwY0TXoMCkHqULLwUh4AaABAg,Neutral
Ugwy14CXVg5LNnS0M9Z4AaABAg,Relatable
UgwY1oDqplot_XrfTtt4AaABAg,Neutral
UgwY2mr--WtAUBPWdd54AaABAg,Relatable
UgwY3zXnfJURoMDTAiR4AaABAg,Neutral
UgwY5FJBOv_Tfn96Ugx4AaABAg,Relatable
Ugwy5KVmNrRsnlZn-jF4AaABAg,Neutral
UgwY6L-lC0Hl4ZgS3Vt4AaABAg,Neutral
UgwY6tginEjPF_mndYN4AaABAg,Relatable
Ugwy7zw-Q21wktfP0rx4AaABAg,Neutral
Ugwy9YxfRuMMqvheSV54AaABAg,Neutral
UgwyaM6fhw5ukkvYSqp4AaABAg,Relatable
UgwYaVAKFIWCXVJQwVh4AaABAg,Neutral
UgwyaxX4sWAukepoj314AaABAg,Neutral
UgwYbkcjM63RG4lbCoB4AaABAg,Neutral
UgwyBrfV0-PlG8OPCgx4AaABAg,Relatable
UgwybRwojcSHy4pO39N4AaABAg,Neutral
UgwYbyzVSjserrua00B4AaABAg,Relatable
UgwyBZJ0HwD5mMwOR1N4AaABAg,Relatable
UgwyC3NG8QFUSTEyobJ4AaABAg,Neutral
UgwYCgYEqEmSATwrm7F4AaABAg,Relatable
UgwYd8CZnGahF0z0bSF4AaABAg,Relatable
UgwyDdGTwXVb336FSoV4AaABAg,Neutral
UgwYDpjVHjJ-EOaPmM54AaABAg,Relatable
UgwydznTHot8DHYoDsZ4AaABAg,Neutral
UgwYE1FVCN3SksauERd4AaABAg,Relatable
UgwYE5aYnym9NIDYLzp4AaABAg,Relatable
UgwyElw9-r482iRU9WR4AaABAg,Neutral
UgwyeM--rUqIAPhIxQp4AaABAg,Neutral
UgwYes-AbgerZf4bHMp4AaABAg,Neutral
UgwyFiIYphqR1FqKO8J4AaABAg,Neutral
UgwYFXF-wCJ7aJ1Lcjd4AaABAg,Neutral
Ugwyg7jgDFTk1UurwHd4AaABAg,Relatable
UgwYgaW2ErzJIVRqvTx4AaABAg,Neutral
UgwyGmv0GBVZIKPy14J4AaABAg,Neutral
UgwygzWzn5tk7o8fEt54AaABAg,Neutral
UgwyHSb7zW0BkxhOrEZ4AaABAg,Neutral
UgwYI8m1eLLGhq7YwQ94AaABAg,Neutral
UgwYJXNhbb5MOIc6koR4AaABAg,Neutral
UgwYk9l8ljUmiOoACB54AaABAg,Neutral
UgwykLJbmCVQWBbtUgh4AaABAg,Neutral
UgwYkVxSYrwNvy9YTo94AaABAg,Relatable
UgwYlBqwczFINABAOgB4AaABAg,Neutral
UgwylskXGwjFYLetKqx4AaABAg,Neutral
UgwYMAj27b8jjrpvVG54AaABAg,Neutral
UgwymiaJQ9XYITdWvzJ4AaABAg,Relatable
UgwymslVNfyhG3JdP6h4AaABAg,Neutral
UgwyMYNUOBK4P4So5bB4AaABAg,Relatable
UgwyNh2Ui0QNJop1zSl4AaABAg,Neutral
UgwYnPuwoijVQW3upqZ4AaABAg,Relatable
UgwYNwmTqQQ508rJWAh4AaABAg,Relatable
UgwYNy3RgLcGfJzu-zh4AaABAg,Neutral
UgwYnYKDs3MO3oxCsB14AaABAg,Relatable
UgwYoEbOC4JoKkqSdwR4AaABAg,Neutral
UgwyoGGAPPf68uL2Cp94AaABAg,Relatable
UgwyONNIWmTxDGZ2eTR4AaABAg,Neutral
UgwYOqzw0XZpw_999g94AaABAg,Neutral
UgwYP_OjxqD99Xbpd_V4AaABAg,Neutral
UgwypJtJU38YyQwOD3t4AaABAg,Neutral
UgwYq1B3Ygo7s9dPDRB4AaABAg,Relatable
UgwyQ8_gENIhr8STk7h4AaABAg,Relatable
UgwYqoNAr3VpjBPYkhZ4AaABAg,Neutral
UgwYqS5aJPNMTe8haM94AaABAg,Relatable
UgwyrjAhjQH2FF2tsld4AaABAg,Neutral
UgwYRJcvgH69Bjg45Px4AaABAg,Relatable
UgwyS0vocGYTBemORzN4AaABAg,Neutral
UgwyS8I65WAPd31vVEB4AaABAg,Neutral
UgwYsF2aeQYU6rRTVgx4AaABAg,Neutral
UgwytFpq8LSmPqDbTKF4AaABAg,Relatable
UgwYvDiFW0jZeNU15UB4AaABAg,Neutral
UgwyVfJTYSEYOeAEo794AaABAg,Neutral
UgwyVmNoV0jJVFc9lLt4AaABAg,Relatable
UgwYvReXuWbiu6tGrz14AaABAg,Relatable
UgwYWfiZ_j_5eaA06j14AaABAg,Relatable
UgwyWpB91vn97--VOUR4AaABAg,Neutral
UgwYXcVgV44K2-v4cyN4AaABAg,Relatable
UgwYXNU9zZcjjkYFXGp4AaABAg,Neutral
UgwYyiVZ7MFr0EVXB-94AaABAg,Neutral
UgwyZ99tAt9dxoYlkjR4AaABAg,Neutral
UgwyZ9P5L2DKj6k8Jx54AaABAg,Neutral
UgwyZaU5p3LFDlYH7NR4AaABAg,Relatable
UgwYZCDCwl2AV_HFkH94AaABAg,Neutral
Ugwyzfvv3gzIdBrH0iZ4AaABAg,Relatable
UgwyZJunuNM3hW49mFx4AaABAg,Neutral
UgwyzpadbxhNfr-uyqx4AaABAg,Neutral
UgwyzVza21235Hrdk714AaABAg,Neutral
UgwyZz9rYDqP_-nLaXV4AaABAg,Neutral
UgwZ_8RjYf_lFppi8l14AaABAg,Neutral
Ugwz_GWnvDaDQQqpSbB4AaABAg,Relatable
Ugwz_i9zH6DYU8p9afx4AaABAg,Neutral
Ugwz-TPZg0qW5pvKbKV4AaABAg,Relatable
UgwZ1CgOQAB5zCDi4tl4AaABAg,Neutral
UgwZ20xarVY8-UFcTFh4AaABAg,Neutral
Ugwz2mod2X-R9MFWnyJ4AaABAg,Neutral
Ugwz2oD4bSSpVc_mUiV4AaABAg,Neutral
Ugwz2TgppnIeZG_afeJ4AaABAg,Neutral
Ugwz3VsRObzaNyxonPR4AaABAg,Neutral
UgwZ4B7abIxWr9ARrch4AaABAg,Neutral
UgwZ5poDC9_zqedroOZ4AaABAg,Relatable
Ugwz6H7BQVvWX5MVDdd4AaABAg,Neutral
Ugwz6lKnFJjUn77Hpzx4AaABAg,Neutral
UgwZ6qg2mOuDJlbsCpd4AaABAg,Relatable
UgwZ6QGyRwUTC9uY2St4AaABAg,Neutral
Ugwz7XkkSsZEssXdWal4AaABAg,Relatable
Ugwz91p4KfCaAgoU-4N4AaABAg,Relatable
UgwzB9aea7764_qn66p4AaABAg,Neutral
UgwZc-JRCTrQtMkx0DB4AaABAg,Neutral
UgwzcbGdqWZmg5P6qh14AaABAg,Neutral
UgwzCfKSYx7heRqqtp54AaABAg,Relatable
UgwZeaKYlE890vjAFTZ4AaABAg,Neutral
UgwzF6ewTTd0ruKjsFd4AaABAg,Relatable
UgwzG2i4eJhRS5xHOZh4AaABAg,Neutral
UgwZg6qPOmqBG223w314AaABAg,Neutral
UgwZG8TTKm3WRYPmCeZ4AaABAg,Neutral
UgwzggwSD1skAhInhuF4AaABAg,Neutral
UgwZGthDoZ7UT4hBtER4AaABAg,Neutral
UgwzHyR3cDf8SuBo1al4AaABAg,Neutral
UgwziC5Wuc-TU1-0kst4AaABAg,Relatable
UgwZIcKzqx9f-rwImTJ4AaABAg,Neutral
UgwZj6i8fFNn68ApYxN4AaABAg,Relatable
UgwZJHcsdi_fHzmWTfZ4AaABAg,Relatable
UgwzJUAlerMkA-S1wnd4AaABAg,Neutral
UgwzKG47SmjQmFCom0R4AaABAg,Relatable
UgwzKOT6t-vg-Tuq2MZ4AaABAg,Neutral
UgwZMm0_NG4cUco23U14AaABAg,Relatable
UgwZMrmJoJFllPMR7KF4AaABAg,Relatable
UgwzN8uEDNYvV4HzgcZ4AaABAg,Relatable
UgwzNB1obj-51CLxH4x4AaABAg,Neutral
UgwZNKOuC6nCjZWOU3R4AaABAg,Neutral
UgwznlTpVhCFhgyRmI94AaABAg,Relatable
UgwZoJwynV8Pd8zeaEN4AaABAg,Neutral
UgwZOqx-dwPr3qKA0c14AaABAg,Neutral
UgwZOyTeT6WwVLQxs4h4AaABAg,Neutral
UgwzoziO9YZPb1b8uEF4AaABAg,Neutral
UgwzPaTrjhNkKJ7QOt94AaABAg,Neutral
UgwzPnhu8elaZ3h4Unh4AaABAg,Neutral
UgwZQgw8gGlEcU-HQWR4AaABAg,Relatable
UgwzRqC9jNJu2qsXPUt4AaABAg,Neutral
Ugwzshi5o_BATG7SoOR4AaABAg,Neutral
UgwzsHQDCt7M-olbzgp4AaABAg,Neutral
Ugwzta2W_N09zcOJ4dh4AaABAg,Neutral
UgwZTxU4d0UQek5dwxF4AaABAg,Neutral
UgwzUgFmhJH_sjAmG854AaABAg,Neutral
UgwZUPc7PRB8SGwwz5Z4AaABAg,Neutral
Ugwzvoq5j5Ya_4L2qE54AaABAg,Relatable
UgwzVPNQFDO23IrumaZ4AaABAg,Neutral
UgwZvX-Y7Qy7KQT5tPh4AaABAg,Neutral
UgwZw-055_ouMAJhPoh4AaABAg,Neutral
UgwZwcYXVgBcXzVDGvh4AaABAg,Neutral
UgwzwfDA1dWuYpjJxbl4AaABAg,Neutral
UgwZwgzsENrlxuPl3Ot4AaABAg,Neutral
Ugwzx8UKwA0C4qLy3Rh4AaABAg,Neutral
UgwzyAT6xbbUk10aMUJ4AaABAg,Relatable
UgwZyefAdD5SDetp83p4AaABAg,Neutral
Ugwzyo7MoAyEeEj0_QF4AaABAg,Relatable
UgwZz_rxK4UuP6Rs2et4AaABAg,Neutral
UgwZZKdx70NORBRkcHV4AaABAg,Relatable
UgwzzwB8Nw7KXSjgz0B4AaABAg,Neutral
Ugx_-BUgC19rLMnIzDp4AaABAg,Neutral
Ugx_-S_R4z54hGp-NHF4AaABAg,Relatable
Ugx_1DOBcSQjOqYmT9N4AaABAg,Neutral
Ugx_44m2SF5Z8pSpQ994AaABAg,Neutral
Ugx_6q1bWzI5Doprq6V4AaABAg,Neutral
Ugx_7D7EIM53LVA6hft4AaABAg,Relatable
Ugx_7D9eO7uIv1uN9AN4AaABAg,Neutral
Ugx_7nMvpyn_0ICDJKp4AaABAg,Relatable
Ugx_7ruYNcn6inV0jZZ4AaABAg,Neutral
Ugx_8p7GHay2M74bE994AaABAg,Relatable
Ugx_AawcjOTa2hlzWkR4AaABAg,Neutral
Ugx_ADPUgZBBsQoDk1B4AaABAg,Neutral
Ugx_aS-kbCt9B7cltIR4AaABAg,Neutral
Ugx_bnRdrLmgLHNMZFZ4AaABAg,Relatable
Ugx_CS4CcacqoZynpWd4AaABAg,Neutral
Ugx_F6zc4S1fZwWYAcx4AaABAg,Relatable
Ugx_Gzsu1gXKXmkbDhV4AaABAg,Relatable
Ugx_HAzfaVUdzY3i0394AaABAg,Neutral
Ugx_HppDVyJL4E2Y2Tx4AaABAg,Neutral
Ugx_Mok-IVZP6SqxmjJ4AaABAg,Neutral
Ugx_mzHOHbpKsRksaUp4AaABAg,Neutral
Ugx_N1a5S4UUzwMw1ZV4AaABAg,Neutral
Ugx_Nrw1b2jlCvK_VyN4AaABAg,Neutral
Ugx_OGsn8YynnH72U5d4AaABAg,Neutral
Ugx_P2qkcnizrSea3NV4AaABAg,Relatable
Ugx_QHb9ILzNi_KGKfZ4AaABAg,Relatable
Ugx_qSr89WBrAWTj3EZ4AaABAg,Relatable
Ugx_vdsr7KNBseBfqql4AaABAg,Neutral
Ugx_VWJe2NdsqKJIhz94AaABAg,Relatable
Ugx_wzHRAj0nNW9vmv14AaABAg,Neutral
Ugx_yXkd8NHypkzPmTJ4AaABAg,Neutral
Ugx_Zbo6gnelXINF9Bt4AaABAg,Relatable
Ugx-_4aO-5O6HoykyXJ4AaABAg,Neutral
Ugx-_IZiiSySDK3z-v14AaABAg,Relatable
Ugx-_jn1PngOeYH7wWZ4AaABAg,Relatable
Ugx-_Sd8lfWc_olQRJF4AaABAg,Neutral
Ugx--AV6s92GTrGvTsV4AaABAg,Neutral
Ugx-14r98QkHOT6ePBR4AaABAg,Relatable
Ugx-2OkuS2cO8irYwk14AaABAg,Neutral
Ugx-8M_O6zcu6IAzyrR4AaABAg,Neutral
Ugx-99hFErjIUOERyYd4AaABAg,Relatable
Ugx-9kxKUuU62iv0M_14AaABAg,Neutral
Ugx-AeYiwNGjeS2K3n94AaABAg,Neutral
Ugx-B5Z9ffqFrRfsqPV4AaABAg,Relatable
Ugx-BOKyy5wyBFksCoh4AaABAg,Neutral
Ugx-cKAcm78wfzHttyh4AaABAg,Neutral
Ugx-cZpLgUyYnUJ2TvZ4AaABAg,Neutral
Ugx-e9ClhRfEWqHwCmF4AaABAg,Relatable
Ugx-eSea2j4zO6k6rCt4AaABAg,Neutral
Ugx-f0_bdaFnPzYygep4AaABAg,Relatable
Ugx-F9Pbx4gkz2COCG14AaABAg,Neutral
Ugx-HGKALnSUnJaK2nJ4AaABAg,Neutral
Ugx-J12LVg4B3q3jfOF4AaABAg,Neutral
Ugx-jBO9MfTEKjegfdV4AaABAg,Neutral
Ugx-MMezeJ2TW4ZAgzB4AaABAg,Relatable
Ugx-r1YrNKM4qHuNNWl4AaABAg,Neutral
Ugx-SieA5cb0mN_FEvp4AaABAg,Neutral
Ugx-TeuZ_ByZXs_5tmp4AaABAg,Neutral
Ugx-UkODku24N_oEkch4AaABAg,Neutral
Ugx-Vg8pxfD0CponuYR4AaABAg,Neutral
Ugx-Vo24YGa4rKsy8r54AaABAg,Neutral
Ugx-Zq4XsBcFh-tvs_R4AaABAg,Relatable
Ugx0_juttAxffFCGV5R4AaABAg,Neutral
Ugx0-iBLJjGLDuUnZo54AaABAg,Relatable
Ugx01Le-jI9FUSO87ax4AaABAg,Relatable
Ugx03fSixcpGgxCIhwx4AaABAg,Relatable
Ugx06z5_EEBDJTl_WH14AaABAg,Neutral
Ugx07EEsvUJuUZJ6RdV4AaABAg,Neutral
Ugx0an6fMGv4ddrp8w54AaABAg,Relatable
Ugx0bXhH9bb_g0althl4AaABAg,Relatable
Ugx0dGi8nQ5DkLJ0UyF4AaABAg,Neutral
Ugx0e4_G04KKzE9iZkd4AaABAg,Neutral
Ugx0f1ccNh1xA98_3wJ4AaABAg,Neutral
Ugx0F4RsMmvYgXgCFGV4AaABAg,Neutral
Ugx0K4TrVXXipn1KLSB4AaABAg,Neutral
Ugx0Kf0fqISRptanY3h4AaABAg,Neutral
Ugx0Ph6kS4ZRXcKbKnl4AaABAg,Neutral
Ugx0PPlieI7UAMO1gl94AaABAg,Neutral
Ugx0q-T4W-e8Jo0eU1t4AaABAg,Neutral
Ugx0qN88hWgNvKzKmXF4AaABAg,Neutral
Ugx0SOweq5w559e68UN4AaABAg,Neutral
Ugx0VQmHh0upa33BzId4AaABAg,Neutral
Ugx0wZg31PhoxQ0Un694AaABAg,Neutral
Ugx0x7mDFX5VzUDtxLt4AaABAg,Neutral
Ugx0ye0mr-NkiKynntN4AaABAg,Relatable
Ugx0yR45v3x9T2d4D5l4AaABAg,Neutral
Ugx1-JRFXPCTAiBN5UB4AaABAg,Neutral
Ugx11zkzt2s_T4RrBp14AaABAg,Neutral
Ugx14SzMAZ-jLK8Z_Jl4AaABAg,Relatable
Ugx15nF-uuOjPHp950d4AaABAg,Neutral
Ugx1A3m-H2PmTk6RYzp4AaABAg,Neutral
Ugx1bLKsown0VqxYprV4AaABAg,Relatable
Ugx1D1vKnyQhifOmWLx4AaABAg,Relatable
Ugx1dpWDjQgl0whSH2l4AaABAg,Relatable
Ugx1g6P3y1Lvq3q30Fp4AaABAg,Relatable
Ugx1GBfRMDLMN-bV0cN4AaABAg,Neutral
Ugx1gTT4-7Ryet5knxl4AaABAg,Neutral
Ugx1GysCzf0gDFoF_bR4AaABAg,Neutral
Ugx1HCVlUos9CYYIUFx4AaABAg,Neutral
Ugx1J4dB8BmYE-B7oYF4AaABAg,Relatable
Ugx1JkVVu9VxxhY5T2J4AaABAg,Neutral
Ugx1JunquBnhcJDFBON4AaABAg,Relatable
Ugx1lfInCp3l15eZ0zl4AaABAg,Relatable
Ugx1Mc6fHEWSu-YXRxR4AaABAg,Neutral
Ugx1Ndc60itlg7wHIp54AaABAg,Neutral
Ugx1NQYwOu91xiYeZHV4AaABAg,Neutral
Ugx1oRX7G7NTH6ump1Z4AaABAg,Relatable
Ugx1PB1iYXu1ZY7qBVp4AaABAg,Neutral
Ugx1PMzeW4EUMsKQqnh4AaABAg,Relatable
Ugx1QDAp9Za6qAm016Z4AaABAg,Neutral
Ugx1RtEsVaKDzHrhvll4AaABAg,Neutral
Ugx1rxf0aT7OEFLkF9l4AaABAg,Neutral
Ugx1sCZBCfoLbJd1D4F4AaABAg,Neutral
Ugx1Sq7GArkZvm_AwyV4AaABAg,Neutral
Ugx1tjMYhOzk9dsWoGp4AaABAg,Neutral
Ugx1U7UR29zSj1xrRq54AaABAg,Neutral
Ugx1UXlnsD8H8AYCMDt4AaABAg,Relatable
Ugx1vj8i2l44GaCRhel4AaABAg,Neutral
Ugx1vqaV_gd3wWRwd094AaABAg,Neutral
Ugx1VsC5mMIpnzLUVpF4AaABAg,Neutral
Ugx1W0Lk2NE45yOnoTd4AaABAg,Neutral
Ugx1W470SYThjOvhMJF4AaABAg,Neutral
Ugx1wF3zxRs2chC4j2N4AaABAg,Neutral
Ugx1yQDiGwrJFlXplGt4AaABAg,Neutral
Ugx1ytNQUXe21PLDi1t4AaABAg,Neutral
Ugx1Z0uHOHsjiDDqZhx4AaABAg,Neutral
Ugx20sySx7y3Ncr-vdh4AaABAg,Neutral
Ugx22KR9hPIpOmfxrbF4AaABAg,Relatable
Ugx25-iF-beIGSTAG314AaABAg,Neutral
Ugx25h_mGeFcItCsBwh4AaABAg,Relatable
Ugx26nNBnK3HMoCILPt4AaABAg,Neutral
Ugx26XhfUJ_ascuFEWF4AaABAg,Neutral
Ugx2c6IFn8YqBOlLnvd4AaABAg,Relatable
Ugx2dxuaD1pGHPndHIt4AaABAg,Relatable
Ugx2EH84w3JG3DdCH014AaABAg,Relatable
Ugx2GxtbV5dWuySBnx14AaABAg,Neutral
Ugx2ihzHmDl8lgvEpNl4AaABAg,Neutral
Ugx2iUgYVlUHMXj8XJ54AaABAg,Neutral
Ugx2Jji-k8goFHjxIe14AaABAg,Neutral
Ugx2M15XcTV1JLLDWtt4AaABAg,Neutral
Ugx2Ny6HQOx8luGu9hh4AaABAg,Relatable
Ugx2OZrzsr5Hd1DTX9h4AaABAg,Neutral
Ugx2pDUjWQZmojvzDst4AaABAg,Neutral
Ugx2QdKPUxu5o0Q8zTt4AaABAg,Neutral
Ugx2qfPB9w5ASROIs9p4AaABAg,Neutral
Ugx2qS4eOSMRYrkbf-J4AaABAg,Neutral
Ugx2T3xuawtQFG9MuZ94AaABAg,Neutral
Ugx2tlGNUvrsNnaXWS94AaABAg,Neutral
Ugx2U-nfM-mzjXPNQcN4AaABAg,Neutral
Ugx2u7UCk55KV-BNlLR4AaABAg,Relatable
Ugx2V-x7BUGFP0ny84B4AaABAg,Relatable
Ugx2vQdfyVq2hy-CbpR4AaABAg,Neutral
Ugx2vrrWI7FY-iIEZ854AaABAg,Neutral
Ugx2xcKRR_tAE7NhdnZ4AaABAg,Neutral
Ugx2Z7EzPBz5ShH39f54AaABAg,Neutral
Ugx3_djwn1OwR1mPM5J4AaABAg,Relatable
Ugx30JOAxiQiAzbl_Hl4AaABAg,Neutral
Ugx32F_F2wEnFQu9jYd4AaABAg,Neutral
Ugx339QLFqDrijK5xdB4AaABAg,Neutral
Ugx33Jd5-WtKBv2La3B4AaABAg,Neutral
Ugx35aubfspYpayl5nB4AaABAg,Relatable
Ugx37_HV1kSAzB6MxCN4AaABAg,Neutral
Ugx37tdIvyuw3DKz_bB4AaABAg,Relatable
Ugx38o3Y7e1OMOzgIjp4AaABAg,Neutral
Ugx39e2pjK76CAokKF94AaABAg,Relatable
Ugx3AYzcVKuRJbfPuOZ4AaABAg,Neutral
Ugx3Bn5TCpsStMQdCkZ4AaABAg,Neutral
Ugx3CH5x6WfrxqO-WC54AaABAg,Relatable
Ugx3d0SzmyxSB6ESUOR4AaABAg,Relatable
Ugx3dDNQkELjJvC0HoB4AaABAg,Neutral
Ugx3DMVZf7uA0_FLbAt4AaABAg,Neutral
Ugx3FK9jlHS05FVAa9l4AaABAg,Neutral
Ugx3Fxo5GjaKtjxOYxV4AaABAg,Neutral
Ugx3ihAsmIUd5icZYRd4AaABAg,Neutral
Ugx3iK3SfKAvEQ9rOCV4AaABAg,Neutral
Ugx3JUhKh7sqvar09PZ4AaABAg,Neutral
Ugx3Ke84QqjEOgIeuG14AaABAg,Relatable
Ugx3kTu8iOHIhmqIWlx4AaABAg,Neutral
Ugx3mb4XFHn3vhiFs3F4AaABAg,Neutral
Ugx3nF9VqG5Xxp_5RRR4AaABAg,Neutral
Ugx3pRH_GXogbYQ7JwZ4AaABAg,Neutral
Ugx3qHAHgFyM1U4vmth4AaABAg,Neutral
Ugx3u-zCMGmpwfCNWVp4AaABAg,Relatable
Ugx3uIrt8D_LK9116al4AaABAg,Relatable
Ugx3VhSaEd2Ft4Wkuml4AaABAg,Relatable
Ugx3vvD_rAIXLZbqApF4AaABAg,Neutral
Ugx3w-cmq5dSRLc0NaV4AaABAg,Neutral
Ugx3X-MU3Lxe8cfZFVB4AaABAg,Neutral
Ugx4-Ds8S3fz-_DPNXt4AaABAg,Neutral
Ugx41sXiXYKuIZbBBGt4AaABAg,Neutral
Ugx42uzNRu5nBwFwKjh4AaABAg,Neutral
Ugx44gU2BAVVwJAwmch4AaABAg,Neutral
Ugx46twE2aiZXR4Df2R4AaABAg,Neutral
Ugx475mBiIkF_we2pLh4AaABAg,Neutral
Ugx49UGG8lLDFQsUfaR4AaABAg,Neutral
Ugx4A397yTTbE9tkt0F4AaABAg,Neutral
Ugx4BOC6rEaM8hKBX9Z4AaABAg,Relatable
Ugx4c1bj5iesJyJhQQB4AaABAg,Neutral
Ugx4cmpNyWcmkN3uc0F4AaABAg,Neutral
Ugx4EvQcqGTdatR30Ll4AaABAg,Neutral
Ugx4geU9v55DaEEp2kB4AaABAg,Neutral
Ugx4GLGyqhmB26ZMpYx4AaABAg,Neutral
Ugx4gT4BMWTvDSB92dt4AaABAg,Neutral
Ugx4GXuGN18m6bVL-3d4AaABAg,Neutral
Ugx4K1IdFhQ9vAOc7Ad4AaABAg,Relatable
Ugx4Kc6BkjmE6MPe3O94AaABAg,Neutral
Ugx4kYFj8YMLXO_-ZQF4AaABAg,Relatable
Ugx4kyQSSKY7dP3WWIJ4AaABAg,Neutral
Ugx4LwzTfZ2yMEB459B4AaABAg,Neutral
Ugx4nLBlSUuqeTAwbQN4AaABAg,Neutral
Ugx4QaVSfODn7KCarZx4AaABAg,Neutral
Ugx4smop1bsSm9k64qJ4AaABAg,Neutral
Ugx4SzGWJtvdYPdr3Bh4AaABAg,Neutral
Ugx4UWjDlXjG3UI_L8t4AaABAg,Neutral
Ugx4VDHtScw6iThOwad4AaABAg,Relatable
Ugx4x4xtJ1d1uFwesNp4AaABAg,Neutral
Ugx4ZVUC7SclfdnAaX14AaABAg,Neutral
Ugx5-MmxhY_pD_R6Hft4AaABAg,Neutral
Ugx57YPdpSKdaIKTw0J4AaABAg,Neutral
Ugx58BwbnE2ZUin24NR4AaABAg,Neutral
Ugx58tQVIrC4Rlf1zod4AaABAg,Relatable
Ugx5a02B9m2X3RpZHAh4AaABAg,Neutral
Ugx5aGYFBghSprxUb2d4AaABAg,Relatable
Ugx5BymJaI8irl2d4Oh4AaABAg,Neutral
Ugx5D_gLi36CK8lZmgJ4AaABAg,Neutral
Ugx5D1DOUupo_pDcmpF4AaABAg,Relatable
Ugx5dshyqyOleOK3OL14AaABAg,Neutral
Ugx5dZGu30H8eoemTpJ4AaABAg,Neutral
Ugx5Ep8aN4OkH3qyG194AaABAg,Neutral
Ugx5f-UYI2QHkX4y9TV4AaABAg,Neutral
Ugx5GVFo3wbbSWMrUxh4AaABAg,Relatable
Ugx5gZ6E2fZ3EZBbvLd4AaABAg,Neutral
Ugx5i_TXGuhiPaGb0RF4AaABAg,Neutral
Ugx5i-04dPF8EcBc_Hx4AaABAg,Relatable
Ugx5j6OtSpsf8r0RIEt4AaABAg,Relatable
Ugx5jQaHtzaej8Dhskh4AaABAg,Neutral
Ugx5js-CUlD2og2r45Z4AaABAg,Neutral
Ugx5knpvzYyWuufK3W54AaABAg,Relatable
Ugx5L8_DhQ2auN1Jz6h4AaABAg,Neutral
Ugx5LvIZf8tyl0VtjxZ4AaABAg,Relatable
Ugx5LvowYgq0_JzdSZx4AaABAg,Neutral
Ugx5MduxwRiI0tCHxBx4AaABAg,Neutral
Ugx5MSltyLqECR0ax5h4AaABAg,Neutral
Ugx5N2sg9V9qUm9nD754AaABAg,Neutral
Ugx5Ri30llA2ysL9iFR4AaABAg,Neutral
Ugx5rPkwwmA7q9tS3EJ4AaABAg,Relatable
Ugx5T30uS9MBUtX9jQR4AaABAg,Neutral
Ugx5tLiAJfoED7kHqoJ4AaABAg,Neutral
Ugx5vX9iHY9cKiVCMnZ4AaABAg,Neutral
Ugx5YIhNYGzWdaLLJZd4AaABAg,Neutral
Ugx5ZBSwqRs59DSY7cB4AaABAg,Neutral
Ugx5ZFQIVhjku4ahuhV4AaABAg,Neutral
Ugx6_tMv21ePoTUpVfJ4AaABAg,Relatable
Ugx60hCX6Iacq33NuNF4AaABAg,Neutral
Ugx60kpH4XRIq6CvKu94AaABAg,Neutral
Ugx62VkrW-v3dTGWVTR4AaABAg,Neutral
Ugx62WcmoAS9ByxzYIN4AaABAg,Relatable
Ugx63kSAEQj3MCzPRVR4AaABAg,Relatable
Ugx68FW-tGyoJnnoG4h4AaABAg,Neutral
Ugx68Jko8_rqhYFvM5p4AaABAg,Relatable
Ugx6an0AzX7jseFNmPt4AaABAg,Neutral
Ugx6C7Nq8adjY6aIqq14AaABAg,Neutral
Ugx6CCUT_qBmayDODxB4AaABAg,Neutral
Ugx6dMidHUti5gp5OSd4AaABAg,Neutral
Ugx6dSXna9atm5ReHY94AaABAg,Neutral
Ugx6en6BQWyMm96HiRd4AaABAg,Neutral
Ugx6eZ4HIgUGp1gyZAt4AaABAg,Neutral
Ugx6Hewl0dMMjvn-iON4AaABAg,Relatable
Ugx6hfdPBfzRe5fwfD14AaABAg,Relatable
Ugx6HiZq5asjOtFgC3d4AaABAg,Relatable
Ugx6Jpk83ixS8CNvm9V4AaABAg,Neutral
Ugx6k8B87N0jm-sc9pZ4AaABAg,Relatable
Ugx6lekEISOLeH1RvUR4AaABAg,Neutral
Ugx6lkpKRKtYjFBIl_x4AaABAg,Neutral
Ugx6n0XcexpNjWBqHeJ4AaABAg,Neutral
Ugx6nbJPrAXdkTDM8nR4AaABAg,Neutral
Ugx6oH4VawR84x854J94AaABAg,Neutral
Ugx6OpngBlFwX74Fj794AaABAg,Neutral
Ugx6OZ1d7hLAlxRrHn14AaABAg,Relatable
Ugx6PiGHEgYvUng6-w54AaABAg,Neutral
Ugx6s4poYKSatcHyIlV4AaABAg,Relatable
Ugx6Wa1avvICCWd5f0J4AaABAg,Neutral
Ugx6xRidKHLq_trp0bl4AaABAg,Neutral
Ugx7-vfGlB62mNiRWDd4AaABAg,Neutral
Ugx70e1Gx8tfyFrnNdB4AaABAg,Neutral
Ugx73Flz6xr3JfqvF2F4AaABAg,Neutral
Ugx76FxIJu2oNM1xq_F4AaABAg,Neutral
Ugx79gEMCDVjQVP87GN4AaABAg,Neutral
Ugx79LV5AzkbL1l_MJd4AaABAg,Neutral
Ugx7a26QfLWEO1ATbCp4AaABAg,Relatable
Ugx7bsInent_EylUIQh4AaABAg,Neutral
Ugx7cI2z6zRQWLNMFPd4AaABAg,Neutral
Ugx7d8Fl69lsbGsmieh4AaABAg,Neutral
Ugx7Ep21ztMmgP_-DFB4AaABAg,Neutral
Ugx7GXC-8frjE0hBisx4AaABAg,Neutral
Ugx7HcF6exL-DNr096p4AaABAg,Neutral
Ugx7HSI1s9bvx5_DlJt4AaABAg,Relatable
Ugx7iBO8wyxuFmedlFx4AaABAg,Relatable
Ugx7ihgclP4VV3-Z8ih4AaABAg,Relatable
Ugx7IOJorOcgEzeIYOp4AaABAg,Relatable
Ugx7IQagXDQjUP0EVP14AaABAg,Relatable
Ugx7iVHmskCHxbh3gp54AaABAg,Relatable
Ugx7j3KVVx_FI9eJ71V4AaABAg,Relatable
Ugx7JOlm72fV0XNSAVF4AaABAg,Neutral
Ugx7k-GyPb4xO_JL6SB4AaABAg,Neutral
Ugx7k5NfmjJXN2dNqAJ4AaABAg,Relatable
Ugx7kJ1IZWGnKdJW-FZ4AaABAg,Neutral
Ugx7MaEzLT9GWdtWeUt4AaABAg,Neutral
Ugx7mWRhil15-m67zyd4AaABAg,Neutral
Ugx7OIXm9ZmNu_942jJ4AaABAg,Neutral
Ugx7P5t50FIrxBzWFfN4AaABAg,Neutral
Ugx7PbY7z2cioyGBYu94AaABAg,Neutral
Ugx7PNA2-kabEZZtnJR4AaABAg,Relatable
Ugx7PxiQNq-Abb9h1Yh4AaABAg,Neutral
Ugx7QaC6Zko6wa9mRyt4AaABAg,Neutral
Ugx7qkm6nJ47NUdUp-d4AaABAg,Neutral
Ugx7taRM6yI8PQpycc94AaABAg,Relatable
Ugx7UuvpGB3Sb0MJK994AaABAg,Relatable
Ugx7UYn5KGxgN4xwL194AaABAg,Neutral
Ugx7vNRsk6HX65g3P8d4AaABAg,Neutral
Ugx7W21EUNPn2uVjrGF4AaABAg,Neutral
Ugx7wRpQRfIfqjTDdsB4AaABAg,Neutral
Ugx7XaVkppCWrIyQi294AaABAg,Neutral
Ugx7YgV1W5oW2beuAOx4AaABAg,Neutral
Ugx7zO89oaADZSqPkbp4AaABAg,Relatable
Ugx8_VMdePHbN-qsazB4AaABAg,Neutral
Ugx80joGG3kONQOxDrJ4AaABAg,Neutral
Ugx81NYfXMnsC8xKe1J4AaABAg,Relatable
Ugx82Ux3Oi6ANyblP4J4AaABAg,Neutral
Ugx83pMEEajU6H67lIV4AaABAg,Neutral
Ugx85O7-FW-HwdAQwLx4AaABAg,Relatable
Ugx8aMuicUQ0e2reiRV4AaABAg,Neutral
Ugx8bD-fqO3xdUaLnIV4AaABAg,Neutral
Ugx8C93cNGWc9z0MQk94AaABAg,Neutral
Ugx8CWAATT1C4PLgdWR4AaABAg,Relatable
Ugx8EAQVJUGn7325xNx4AaABAg,Neutral
Ugx8gloQ_jbUvSkPHBB4AaABAg,Relatable
Ugx8h9VqySBGD4WnWaJ4AaABAg,Neutral
Ugx8hrdSDrLMIa0JlvF4AaABAg,Neutral
Ugx8j-cYIVq5O2822zx4AaABAg,Relatable
Ugx8MKQU5b0x-nw0uxZ4AaABAg,Neutral
Ugx8nlEApiSXA8PLYKJ4AaABAg,Neutral
Ugx8O75LkMrQvjoMiFh4AaABAg,Neutral
Ugx8pA9Q6ZhDEA85W1V4AaABAg,Neutral
Ugx8QZ4OliwI3k5337R4AaABAg,Neutral
Ugx8tnrUj8nIIxhX2IN4AaABAg,Neutral
Ugx8U0RGhXRYFOmm1PJ4AaABAg,Relatable
Ugx8W29Ihq01fEfndRh4AaABAg,Relatable
Ugx8W3baarIQuaMfF9R4AaABAg,Neutral
Ugx8xbcESDBfpT5L3lF4AaABAg,Relatable
Ugx8YkX2PK_EzndTMHN4AaABAg,Relatable
Ugx8yRRfldvLdjgKe5F4AaABAg,Neutral
Ugx8yyb8qMwVSau3-Vt4AaABAg,Neutral
Ugx9_TZz1A20mls6Z0V4AaABAg,Neutral
Ugx9-EPYi2T7YjDBpm54AaABAg,Relatable
Ugx9-UmHMYgP0OGGRFR4AaABAg,Neutral
Ugx91kswC_g1AUTi2nF4AaABAg,Neutral
Ugx9846FuGFfdGz1bD94AaABAg,Neutral
Ugx98jzFOKGKMXsi5Sl4AaABAg,Neutral
Ugx9B9jx-EG_HW3Pna54AaABAg,Relatable
Ugx9Bhwl6XnsRn8MO1h4AaABAg,Neutral
Ugx9dCDPuyrBvIwlb4F4AaABAg,Neutral
Ugx9dsMbiev5NJn4Ufh4AaABAg,Neutral
Ugx9ELTMpFHBIqnGL_t4AaABAg,Neutral
Ugx9f2w-ji8m13xgVnh4AaABAg,Neutral
Ugx9gK2wRneZw0iIYKR4AaABAg,Neutral
Ugx9GZr-rt8cBsWyfGd4AaABAg,Neutral
Ugx9jf0s85Zn-o1y2Cd4AaABAg,Neutral
Ugx9jLfdSicvdsEF38h4AaABAg,Neutral
Ugx9jW9u1TqvDnFxxh14AaABAg,Neutral
Ugx9kboStzA5TxOGRSN4AaABAg,Neutral
Ugx9L0izOjLq3v4CRq94AaABAg,Relatable
Ugx9mYqjc9ysFRv-xh94AaABAg,Relatable
Ugx9NT5HtS1LPpQRE_Z4AaABAg,Neutral
Ugx9p8P8qD_Low0ldfN4AaABAg,Neutral
Ugx9pkSJfxjEuepJ5Kp4AaABAg,Neutral
Ugx9PxntAtULOac5P054AaABAg,Relatable
Ugx9qBHQzEFTwe-Fg2d4AaABAg,Relatable
Ugx9qtcJ51HWSgC16cd4AaABAg,Neutral
Ugx9QtrTpMA-8duTG994AaABAg,Neutral
Ugx9r1qzdgK3YG9Lbsl4AaABAg,Neutral
Ugx9RHHWBdh7jGllTPB4AaABAg,Neutral
Ugx9sxT7QaezZNg3y594AaABAg,Neutral
Ugx9t-Fqp7feM615uvt4AaABAg,Neutral
Ugx9tIm9qqVoIiyxoW94AaABAg,Relatable
Ugx9u5dMpM7VjRiHIdB4AaABAg,Relatable
Ugx9wbc7x89qynklDvV4AaABAg,Relatable
Ugxa_a2CJSTelFOc-sp4AaABAg,Relatable
Ugxa_hd01Kbzd_5j3mZ4AaABAg,Neutral
Ugxa_LhhlvbArR8ir2N4AaABAg,Neutral
UgxA-3aD3uNZ-Wc5DKp4AaABAg,Neutral
UgxA0BZ8jjkKv02UM494AaABAg,Neutral
Ugxa0VVkuFvf9VqtJQt4AaABAg,Neutral
UgxA1iUpIqVJMGu98-Z4AaABAg,Relatable
UgxA3l3-kFZ00dmGK254AaABAg,Relatable
Ugxa4UvTy0Os4ExDM-J4AaABAg,Neutral
UgxA4w2n0nE5XMO7chd4AaABAg,Relatable
Ugxa55jqPdSbk4HSrKd4AaABAg,Neutral
Ugxa5HV5M-WSwNFRGrJ4AaABAg,Relatable
UgxA5q0VOPyct_Cn9i54AaABAg,Neutral
Ugxa5v7itLdkENVgjiV4AaABAg,Relatable
Ugxa7Tr-nB4YU7kschJ4AaABAg,Neutral
UgxA92kvIQKQMJPukMF4AaABAg,Relatable
UgxAA8YFpVNlZoLAk9x4AaABAg,Neutral
UgxAaek2bGGmmWIOaKZ4AaABAg,Neutral
UgxAANa8B7HgKONs4E94AaABAg,Neutral
UgxaAZLtiLswS7f1aTl4AaABAg,Relatable
UgxaC0zApcd6Bo9NlkJ4AaABAg,Neutral
UgxADBsnevX2uFo5_zN4AaABAg,Relatable
UgxAddJXY2mIKn6Yh0t4AaABAg,Neutral
UgxadkO4nJRRNAnNjhh4AaABAg,Neutral
UgxADMwaHSWT8bU17vh4AaABAg,Neutral
UgxaDObdFR6RBufQK4Z4AaABAg,Neutral
UgxAEvedeGrWIUHEGRx4AaABAg,Neutral
UgxaEz_OV2DUaodeRaB4AaABAg,Relatable
UgxafOD-CWGmipsJF7B4AaABAg,Relatable
UgxAgCAzw9-iNi6BudZ4AaABAg,Relatable
UgxAGf4sa8xVDrhH6yh4AaABAg,Relatable
UgxAGFTvxQwpOBcWZhp4AaABAg,Neutral
UgxAHFRtBbzUCvMVN8B4AaABAg,Neutral
UgxahnNCSQrfJI117fB4AaABAg,Neutral
UgxaI_zxjqW0wmPjiDd4AaABAg,Relatable
UgxAI--tnspRsuHwWbB4AaABAg,Neutral
UgxaiBccvMdPZYE07PN4AaABAg,Relatable
UgxAifmMnbJLZGThL2V4AaABAg,Relatable
UgxaiZY_vpxAJwljEdt4AaABAg,Neutral
UgxAKbheVptyltRRu6x4AaABAg,Neutral
UgxaL4z1-2dH6giTwoZ4AaABAg,Relatable
UgxaL6B6-poMHm00BXp4AaABAg,Relatable
UgxAlgkiKy7FtZlERLd4AaABAg,Neutral
UgxAmjoQfQQG6WlmSEx4AaABAg,Neutral
UgxaMnW8nGvHqGCiGIh4AaABAg,Neutral
UgxAMp2Hhi_Jgs86Vg94AaABAg,Neutral
UgxAMTB-U2D8QJuBrfN4AaABAg,Neutral
Ugxan3baZRnKmWutVmV4AaABAg,Neutral
Ugxao4fcHFuFQzuGIxp4AaABAg,Relatable
UgxAogltBxG0CYZQmIJ4AaABAg,Neutral
UgxaPi7oAcfmy_qKN854AaABAg,Neutral
UgxAQoHHurREtGMMR8F4AaABAg,Neutral
UgxaQrf39fhanB4ullZ4AaABAg,Neutral
UgxaQxziHsqYv398fnJ4AaABAg,Neutral
UgxaRBFv9yLdDCDfb9R4AaABAg,Relatable
UgxarYtL63Ju46rcbXF4AaABAg,Neutral
UgxaSfmwgAtZ_BYHMBh4AaABAg,Neutral
UgxATf5H_vJeQa8HzdV4AaABAg,Neutral
UgxauhjdGxP_TStPf6Z4AaABAg,Neutral
UgxAVU4EQflkIzmXm1B4AaABAg,Relatable
UgxavYGKD8SZLb9HHfB4AaABAg,Neutral
UgxAwmgHAl62a5LtdK54AaABAg,Neutral
UgxaxgRYHTzbxkLt96R4AaABAg,Relatable
UgxaXqxPxLoTactaU-V4AaABAg,Neutral
UgxAxzm43PYE3pw6E7l4AaABAg,Relatable
UgxayT1LNJIweOxQsNt4AaABAg,Neutral
UgxAyY2tv4aUj7PDK3R4AaABAg,Neutral
UgxaYzXz72LMfUEC_Tp4AaABAg,Neutral
UgxaZLPWDDfrHAmymcp4AaABAg,Relatable
Ugxb-a8qtIiWDdbc1ml4AaABAg,Neutral
UgxB0a9tiHBs7_YXnH94AaABAg,Neutral
Ugxb0tc1JnD88654CwZ4AaABAg,Neutral
UgxB0zEzox8yRREzfX94AaABAg,Relatable
UgxB1euMa6MwzZVEWKx4AaABAg,Neutral
Ugxb1IMzUFs49ziKqL94AaABAg,Relatable
UgxB1o9fUbLEiYW2G6F4AaABAg,Neutral
Ugxb2dD7YDXuMAxVaRN4AaABAg,Neutral
Ugxb3gYlexvcw6X4dDt4AaABAg,Neutral
Ugxb4E2hgrf1E5hnKlJ4AaABAg,Relatable
Ugxb4Yrwou4JfJjpNd14AaABAg,Neutral
UgxB7J_If9TCOEt4NMh4AaABAg,Neutral
Ugxb7Xu9Dj6Nl5qEVwF4AaABAg,Relatable
UgxB8c9ZgRvSaV2tSkl4AaABAg,Neutral
UgxB8yDgjnXOUTKaeBR4AaABAg,Neutral
Ugxb9_bQK7O6U87W1dt4AaABAg,Neutral
UgxBa0I8N6NOG6TDxPJ4AaABAg,Neutral
UgxbbS81QKRkg6kUXZp4AaABAg,Neutral
UgxBbxG52EYKEe33L994AaABAg,Relatable
Ugxbc2esT4mBJ9tDXJN4AaABAg,Neutral
UgxBCgrArbutOrAtdEB4AaABAg,Relatable
UgxbCRaMjVvIOPibWnJ4AaABAg,Neutral
UgxbcRCpTcIhpICbLSh4AaABAg,Relatable
UgxbCTExhss3YSHoeil4AaABAg,Neutral
UgxBCTxeGyUJuEa-yYd4AaABAg,Relatable
UgxBcVrMe5TKbq8fhrx4AaABAg,Relatable
UgxBd6n6qfFjHcx8s_Z4AaABAg,Neutral
UgxBDqPwPT49bXpz2dd4AaABAg,Neutral
UgxbEQ4sTFOIvZUsGfN4AaABAg,Relatable
UgxBFpgOWIdExHWmvxB4AaABAg,Neutral
UgxBFq-o4IYi42VxO-F4AaABAg,Neutral
UgxbFTaXvNEIH9VDOhx4AaABAg,Neutral
UgxbgN1exFAUAgmtGod4AaABAg,Neutral
UgxBHCBeFsGOuOoJ4Dd4AaABAg,Neutral
UgxbHE0uunFG-oDiytR4AaABAg,Neutral
UgxBi_yyuNt3PcJB9Fh4AaABAg,Neutral
UgxbiAUe01wGqgebvhd4AaABAg,Neutral
UgxBIG8u8eTVa4zjWQN4AaABAg,Neutral
UgxBINLhTJRMqy0ncSd4AaABAg,Neutral
UgxBIsLzpLDiXBDTl1p4AaABAg,Neutral
Ugxbj5W9BugIwHUpG9x4AaABAg,Neutral
UgxbJDu6SyTizh9HaaF4AaABAg,Neutral
UgxbjPbQLp5-uDpDFV54AaABAg,Relatable
UgxbK-udCO-79SMUBOd4AaABAg,Neutral
UgxBkmGT94uNbY0oMct4AaABAg,Neutral
UgxBKnk5XuBWUR9CgZh4AaABAg,Neutral
UgxbLdqu0Qpx0_nP5op4AaABAg,Relatable
UgxBMwy1FQ1xiMhDgfF4AaABAg,Neutral
UgxbnTsfTBPZtcRZ7WF4AaABAg,Neutral
UgxBOak3dxYJ0WNGe1V4AaABAg,Relatable
UgxbodVHYMdjIOCi5bp4AaABAg,Neutral
UgxBQnLWVAbZNuJ1rhl4AaABAg,Neutral
Ugxbrcowrl_iaLoqQ354AaABAg,Neutral
UgxbrD5nwawKTOG6x414AaABAg,Relatable
UgxbRLLqSbACt3bAhlh4AaABAg,Relatable
UgxbrYUzP_bGDxXu-HJ4AaABAg,Neutral
UgxBtmQZHuppdSj7rmJ4AaABAg,Neutral
UgxbtonfXe6zcOz2uTh4AaABAg,Neutral
UgxbU-WFrxe-LIw1uOh4AaABAg,Neutral
UgxBUt_Kpoyd54cqpnJ4AaABAg,Neutral
UgxBv542eKs_JqyLPf94AaABAg,Neutral
UgxbWL6MFDgNg2OJBZ14AaABAg,Neutral
UgxBwWsqA3X9FpxBuX14AaABAg,Relatable
UgxbxB0ufamAcjq06KZ4AaABAg,Relatable
UgxBY12tF1lHKIZgEXF4AaABAg,Neutral
UgxBYs8xNXFymNloZWN4AaABAg,Neutral
UgxbZyxROkaVbQ6Y1o14AaABAg,Neutral
UgxC-db1ltCg_82Q8PJ4AaABAg,Relatable
Ugxc-hl98h8mxubB2uh4AaABAg,Neutral
Ugxc-l4dfFO5klWJPCd4AaABAg,Neutral
UgxC1TCM5--snR2BdQ14AaABAg,Neutral
Ugxc2eUHNWfIQEEcVqx4AaABAg,Neutral
Ugxc2iwRtxU829TYC394AaABAg,Relatable
Ugxc2MOk0Pomx5nt9uF4AaABAg,Neutral
UgxC4-o37Pvp6SwlfHZ4AaABAg,Relatable
UgxC4cOV2uAl-y7GhUh4AaABAg,Neutral
UgxC5EV4MyUyY2dd54p4AaABAg,Neutral
UgxC5M_ak_OoB_IESzF4AaABAg,Relatable
UgxC7mMk1VJFzphbrmZ4AaABAg,Neutral
UgxC8WuMviASEVozXTF4AaABAg,Neutral
UgxCa2f2uVREx6Y25QJ4AaABAg,Neutral
UgxcaAy5f0mjgqV85XZ4AaABAg,Neutral
UgxcAsiqNrMRFq2pjeV4AaABAg,Neutral
UgxcaXlSBjMoLx_LCml4AaABAg,Neutral
UgxCd-mMsAW93BUXQQd4AaABAg,Relatable
UgxCD1nJjJhFG3kHRwd4AaABAg,Neutral
UgxcDJN668JwZ9yF-TZ4AaABAg,Neutral
UgxCeaW_oEYxpbSkoal4AaABAg,Relatable
UgxcentHJQeA7HKjIER4AaABAg,Neutral
UgxCfLJUb6xxIAf4_b54AaABAg,Relatable
UgxcfY7-IXRHc44sxKB4AaABAg,Neutral
UgxCGOv8McvzyNCxdBB4AaABAg,Relatable
UgxcGpURXAAAdIqn91R4AaABAg,Neutral
UgxCIjPKpEsB8gDQAVp4AaABAg,Relatable
UgxciPrTGHsgvhd22RJ4AaABAg,Neutral
UgxCIWWN94-zSi-ra7V4AaABAg,Neutral
UgxcjIIzbLZ9fvhFr7p4AaABAg,Neutral
UgxCjZIZq4ks9ZSrq5Z4AaABAg,Relatable
Ugxck2koc1DSslYFZB14AaABAg,Relatable
UgxcKOTdd2e0YiUcBON4AaABAg,Neutral
UgxcLQ4pZaZOjhJ0hXx4AaABAg,Neutral
UgxClsIjya6TjQHN_Up4AaABAg,Relatable
UgxCLxQj3-iSF9cygIx4AaABAg,Neutral
UgxCnrlz3fFyVKcVWB54AaABAg,Relatable
UgxCNxkIPfKVtlD9xH14AaABAg,Relatable
UgxcoMnioC15eTtfa5V4AaABAg,Neutral
UgxCOStKwV-KQsG5pg14AaABAg,Neutral
UgxcPeJvvl-0NnekAfh4AaABAg,Neutral
UgxCQ5L6CY15kTXcTG54AaABAg,Neutral
Ugxcq7g7fx6zyScT3Yd4AaABAg,Neutral
UgxcQy8bbxdPgNTr3uR4AaABAg,Relatable
Ugxcr76uYDmR7jGMTX14AaABAg,Neutral
UgxCRhSEvayEfqUJ0YR4AaABAg,Neutral
UgxcSDqUhUflAa35cbR4AaABAg,Neutral
UgxcSk2dqIoj7gyamqB4AaABAg,Neutral
UgxCSZEiYIAVjZoSZd54AaABAg,Neutral
UgxCT0N85YXIutvhP5l4AaABAg,Neutral
UgxcT7WG6gu4aui_wTJ4AaABAg,Neutral
UgxCTWbsnfUENk2GyWx4AaABAg,Neutral
UgxcUC5nIg5PYVy3HbR4AaABAg,Neutral
UgxcUjKldKnGshK6Zzx4AaABAg,Neutral
UgxcuL3lqwbvVX38GGx4AaABAg,Neutral
UgxCUm0uLCBM8U1IHTZ4AaABAg,Neutral
UgxCVmqP9cTePDf-ul94AaABAg,Neutral
UgxCw2FPqlTTsU7KVMx4AaABAg,Neutral
UgxcWpt41tidrCUmWAB4AaABAg,Neutral
UgxCwrr4MYYL-aJXl2p4AaABAg,Neutral
UgxCWsQ2qBl2xptye5N4AaABAg,Relatable
Ugxcx_94d3wR4YIVQVp4AaABAg,Relatable
UgxCXhld_sAXvIISDed4AaABAg,Relatable
Ugxcz5tL6mhEXfq68814AaABAg,Relatable
UgxcZEILDx2PeND-iPl4AaABAg,Neutral
UgxcZu97ua5s6l0183Z4AaABAg,Relatable
UgxD_5V7F1edsRvIvr94AaABAg,Neutral
UgxD_FBfKsXUoua4lQp4AaABAg,Neutral
UgxD_HeLHymlYIrErUN4AaABAg,Neutral
Ugxd_Hx8vqcTG1X90wF4AaABAg,Relatable
Ugxd-2dbUDgNPU8pygx4AaABAg,Relatable
UgxD-Fwpdd2VCJf-rBV4AaABAg,Neutral
Ugxd0QIqkmK0rWPe14h4AaABAg,Relatable
Ugxd0XkTmvWCssjDsul4AaABAg,Neutral
UgxD11dUVga8r6PGo9l4AaABAg,Relatable
Ugxd2TZy0wkKAvXfyGN4AaABAg,Neutral
UgxD2usbJl_Qa6jMzLN4AaABAg,Relatable
UgxD2v709WnkTej150J4AaABAg,Relatable
UgxD2VrfmUmo-kiFlvl4AaABAg,Neutral
Ugxd3IaH88r3BHaoJGB4AaABAg,Relatable
UgxD3Wg7K63fAvhKSnt4AaABAg,Relatable
UgxD4cbqaR3OLUbynaV4AaABAg,Relatable
Ugxd4vL0QY1vY9AF_rZ4AaABAg,Neutral
UgxD4wXLnhJvAuxtsHp4AaABAg,Neutral
UgxD7SyN1fjV81HT20h4AaABAg,Neutral
Ugxda7rofn2ydpcryZB4AaABAg,Neutral
Ugxdae9VQHYqqOKeKqx4AaABAg,Neutral
UgxDAsOR3KmdmeEmZRp4AaABAg,Neutral
UgxDBLehsb8iigVY6QR4AaABAg,Neutral
UgxDbQmKTdQcTO7D5wt4AaABAg,Neutral
UgxDbrB_p7xC0SMmtE94AaABAg,Neutral
UgxdcKwgKLRWZgWPc-h4AaABAg,Neutral
UgxDcSjnQkn_ATjeUWJ4AaABAg,Neutral
UgxDDaBpV39orXG1EW94AaABAg,Relatable
UgxDeO-Cd4OJfWzYhlF4AaABAg,Neutral
UgxdEVgCxc2xFdQdDwh4AaABAg,Neutral
UgxDgeT615OYq2pN5yx4AaABAg,Neutral
UgxdGK_hAcRw6uYRA7B4AaABAg,Neutral
UgxdgumQxG_6ZQsJPyl4AaABAg,Neutral
UgxDHoSTdTlWgZ5G6z94AaABAg,Relatable
UgxDHTi4qzCQAbGiQFB4AaABAg,Neutral
UgxdHy60r_UvfBXz17V4AaABAg,Neutral
UgxDI61hT4KuETBCVWN4AaABAg,Neutral
UgxdIV3TiYVGV3h8cp94AaABAg,Neutral
UgxDJATBS7Du8-JpUjh4AaABAg,Neutral
Ugxdk0TGfw-2yqamRHh4AaABAg,Neutral
UgxdK4LwsxqK4LcpFJh4AaABAg,Neutral
UgxDK81Xioc7lzmiuB14AaABAg,Relatable
UgxDkXkU7tfZFuq3mqh4AaABAg,Neutral
UgxDkzaDuhHqmCrsCZJ4AaABAg,Neutral
UgxDlCDowB9msqKWH5F4AaABAg,Neutral
UgxDLKRo5IAeUCW82Xl4AaABAg,Neutral
UgxdM_SGqn0zD2qewlx4AaABAg,Relatable
UgxdmPH6xGsDfmXkmj54AaABAg,Neutral
UgxdmywFrPXNg50Thk94AaABAg,Neutral
UgxDn5XqfUhggfxQcAl4AaABAg,Relatable
UgxdNBf1w4R0m6Xqtvp4AaABAg,Neutral
UgxDNCeJZFHhldlQQ9h4AaABAg,Neutral
UgxDnQAILrKmPzJgNc14AaABAg,Neutral
Ugxdp8pcH7xwY2K-7Xh4AaABAg,Neutral
UgxDpc_we80m9ujM3Jt4AaABAg,Neutral
UgxdpghV-2jOmEBc8gx4AaABAg,Neutral
UgxdqafTJiPf3S-15kd4AaABAg,Neutral
UgxDqpIpzBe9H9EyzaZ4AaABAg,Neutral
UgxdqquQtRabLnXWHp94AaABAg,Relatable
UgxDR1gLb4ccLL8LsF14AaABAg,Neutral
UgxdrJJZROI-8I8UJLZ4AaABAg,Neutral
UgxdRVUFC585RADuUgR4AaABAg,Neutral
UgxDRXH8FuMpp9SbB2N4AaABAg,Neutral
UgxDtI2djH0HL3HGIu54AaABAg,Neutral
UgxDtLJqwmt6zlgKNix4AaABAg,Relatable
UgxDu-I1l-OCujqA1w94AaABAg,Neutral
UgxdUd1Sd5H-fbny3bB4AaABAg,Neutral
UgxdUguOtZ8GCVecamB4AaABAg,Neutral
UgxDUk_e3dgaKyw9iel4AaABAg,Neutral
UgxDUsLXIRLXlvZYvkR4AaABAg,Neutral
UgxDuTNHiNalcviXprF4AaABAg,Neutral
UgxdVG8w0khH5Kp4SqF4AaABAg,Neutral
UgxdVYhEkkmlwKOn1WR4AaABAg,Neutral
UgxDW8GYJ6F362DoLiR4AaABAg,Neutral
UgxdW8m0ANIoDGZQTKF4AaABAg,Neutral
Ugxdwo1OQduvB3D_YbR4AaABAg,Relatable
UgxDXIyoZqiTVvAFSa14AaABAg,Relatable
UgxDxOtlHDGCWstHrAx4AaABAg,Neutral
UgxDy_DFJpKuwyZCvyp4AaABAg,Relatable
UgxDY7GNdB72BonwsYV4AaABAg,Relatable
UgxDyYbmZDYo_KIv8kJ4AaABAg,Neutral
Ugxdz7fxtZjNO2j9sZN4AaABAg,Neutral
UgxDZK9m2zpgkBLzv-x4AaABAg,Relatable
UgxDZQkO4YspXGviQrl4AaABAg,Relatable
UgxdZRAoLY4vmVs7Kst4AaABAg,Neutral
Ugxe1dppH-c6ZTEOL094AaABAg,Neutral
UgxE1ED7tB1MSSswZ-t4AaABAg,Neutral
UgxE1f-dgpXCmyqO0BF4AaABAg,Neutral
UgxE29bsz8FKLMNQEuB4AaABAg,Neutral
Ugxe2i-X-VoGjHQprnB4AaABAg,Neutral
Ugxe3YkWA0BigxRdARx4AaABAg,Relatable
UgxE4IL3ZT5TvPS_XRZ4AaABAg,Neutral
Ugxe4WMicnVZuKpM-_t4AaABAg,Relatable
Ugxe51D1y8qWpUnJjgh4AaABAg,Neutral
Ugxe5G7om6SolsHR5ed4AaABAg,Neutral
UgxE5WlM2s5lCgEvb554AaABAg,Neutral
Ugxe61DiEJz6TMFPBlJ4AaABAg,Relatable
UgxE6czfoQMZ498qjEB4AaABAg,Neutral
UgxE87lPur9HSLZJNJZ4AaABAg,Neutral
UgxeA-E0uo5zwfhkniV4AaABAg,Relatable
UgxeBBAz_ZooykSq7s54AaABAg,Relatable
UgxebKHOypa8zhgdUUR4AaABAg,Neutral
UgxECU_MV0nVoxkcPg54AaABAg,Neutral
UgxEdEqX7Vxpqjf5ySp4AaABAg,Relatable
UgxegEfgZpQqasdd3894AaABAg,Neutral
UgxeGezSSo4SQbTmRx54AaABAg,Neutral
UgxEGHFfY4FoEkg_0TF4AaABAg,Neutral
UgxeGik72oyu4hN9J1t4AaABAg,Neutral
UgxeGwEYLb8D4nBJ4MR4AaABAg,Relatable
Ugxeh0scmRuLxsX012h4AaABAg,Neutral
UgxeiFHOzCgBPgZl2Yp4AaABAg,Neutral
UgxeiOVd4mGKl_T2iz54AaABAg,Relatable
UgxejAn7pzTFxnZWV-h4AaABAg,Neutral
UgxEJKTjKaslrbNDm7h4AaABAg,Relatable
UgxEjmjsc_kgl3AO4yx4AaABAg,Neutral
UgxeJpauS3viu64MFAh4AaABAg,Neutral
UgxEJRUI0FHohFl5DZ14AaABAg,Neutral
Ugxek4i1AkjEjIWn7zt4AaABAg,Neutral
UgxekGMUgc-jiEcayOF4AaABAg,Neutral
Ugxekh52x2uZqG1RVV54AaABAg,Neutral
UgxEKn1jlU-0F-T5iF14AaABAg,Relatable
UgxekoVuW_DTWZIpJ2x4AaABAg,Neutral
UgxElgoD2pXQGxSsSmh4AaABAg,Neutral
UgxelLO_dDCZzLJoG8x4AaABAg,Neutral
UgxElUl0cU0oFEeQp1N4AaABAg,Neutral
UgxEMbadpOoaRJS28GN4AaABAg,Neutral
UgxemOuxMmQRN9EfWix4AaABAg,Neutral
UgxeMVvuRZ63pTCAZFh4AaABAg,Relatable
UgxEnHUJmbRrdcLPT3h4AaABAg,Neutral
UgxENJrxvhDQcloNaJ94AaABAg,Neutral
UgxEO21kHYVbSqVF2it4AaABAg,Neutral
UgxEO67K1jgwK8xlHDF4AaABAg,Neutral
UgxeoevMFOt05JGJ1Mx4AaABAg,Neutral
Ugxepu9SSRIh4xV1Q3p4AaABAg,Neutral
UgxepY9XOvIDUvfxxiB4AaABAg,Neutral
UgxepYxE7jxrC1OlMY14AaABAg,Neutral
UgxEqGSwtdvF3a56UN14AaABAg,Neutral
Ugxer51hMiLgeee3xXJ4AaABAg,Neutral
UgxeRNSq-JboaunDbnF4AaABAg,Neutral
UgxeSFo-UWbNjo693Mp4AaABAg,Relatable
UgxESirbcsYEkLw9zHl4AaABAg,Neutral
UgxeswVClYtxCgr_WJ94AaABAg,Neutral
UgxET9YMTD3ZjWSL8qp4AaABAg,Neutral
UgxetjV2h90Cet9QhQd4AaABAg,Relatable
Ugxetmu8WT7x_i3dbI54AaABAg,Relatable
UgxeTMw4Z4KGLfTV09l4AaABAg,Relatable
UgxeUh9P5pddbmMb_bx4AaABAg,Neutral
UgxEUoSDEvtp6qbXqTZ4AaABAg,Neutral
UgxeUVoUAlziiRZn7lx4AaABAg,Relatable
UgxEUxz7PtcjGiECcNZ4AaABAg,Neutral
UgxevD2X8-lfdk0wNL94AaABAg,Neutral
UgxEvGXJ5vj1Q4B7A_J4AaABAg,Neutral
UgxeWJ6P6Sh9CpxCNe94AaABAg,Neutral
UgxeWQw60yPLRdaCgjJ4AaABAg,Neutral
UgxeWyzcnPJ9NJRBr_F4AaABAg,Neutral
UgxeX_rDxmu9bOrnVNV4AaABAg,Neutral
UgxexETnShPrxKccL1p4AaABAg,Relatable
UgxEXoI2o_crpL-pfmd4AaABAg,Relatable
UgxeyIg27bpZ-zwApaJ4AaABAg,Relatable
UgxEyqx0MYUVlOuOYk54AaABAg,Neutral
UgxEYry_KcJOYVh4PKJ4AaABAg,Neutral
UgxEz8QVpLiprFmlHJN4AaABAg,Neutral
UgxezchLtItQBH84foJ4AaABAg,Neutral
UgxezJYUax7ZOYbIPVd4AaABAg,Neutral
Ugxf0aSgZ8cEavAk_e14AaABAg,Neutral
UgxF0riHV_JEqUl6OFh4AaABAg,Relatable
Ugxf0YdojQPlPvuexdV4AaABAg,Neutral
UgxF2nm0xadNjPKE1mZ4AaABAg,Neutral
UgxF2w_E68_1FW18Ynd4AaABAg,Neutral
Ugxf3q-ZPKCz3ZS8Mxt4AaABAg,Neutral
UgxF3sOXv6mBRLu1C914AaABAg,Neutral
Ugxf6QKRN3X0IH4AfN14AaABAg,Relatable
UgxF89Mhz8nn1aHnaft4AaABAg,Relatable
UgxF8TikNpVbLHHp6-N4AaABAg,Neutral
UgxF94p6DJ2jJqG_hSt4AaABAg,Relatable
UgxF9SZFoXLy5O2VANR4AaABAg,Neutral
UgxfAhEUQDpdgpN69oh4AaABAg,Neutral
UgxfApPTqrbWDmfUuE54AaABAg,Neutral
UgxFArYaKfAHRjNYxv54AaABAg,Neutral
UgxfB-m-P2C5mfYZDIR4AaABAg,Neutral
UgxfBaZfHIRgp-WoUoJ4AaABAg,Neutral
UgxFbR8MrqlyCtzeZnZ4AaABAg,Neutral
UgxFcM9QoDLELQwLo2h4AaABAg,Neutral
UgxfdDQ48SydjrhgAWh4AaABAg,Relatable
Ugxfez0BLvjZwwpAs6t4AaABAg,Neutral
UgxfFgjWFAtOKeayzk54AaABAg,Neutral
UgxfFWYyDJFE4LUy1fN4AaABAg,Relatable
UgxFg_atVsAQJK-7jE94AaABAg,Neutral
UgxfGg1tMs2Rv622l2Z4AaABAg,Neutral
UgxFGXipoXNTCqRtQch4AaABAg,Relatable
UgxfHH1t72B1JpJoFSN4AaABAg,Relatable
UgxfHp6MCyTbF3bXOrB4AaABAg,Neutral
UgxFHyjQHPtPHtHcw_Z4AaABAg,Neutral
UgxfiV1ThyM4b3FN_Z14AaABAg,Relatable
UgxfIXNkHaSog4LmgNl4AaABAg,Relatable
UgxFJ88tb4njBnRfUQ54AaABAg,Neutral
UgxfJOOY3ll0wjfdBsl4AaABAg,Relatable
UgxFkJmg3ziXWbz8MQ94AaABAg,Neutral
UgxfKTbVbWWGnhnhHIl4AaABAg,Neutral
UgxFl05vksN1eSy0wwh4AaABAg,Relatable
UgxFM2fABnZm6ad0MEZ4AaABAg,Neutral
UgxfN0gOL0wli96eEE94AaABAg,Relatable
UgxfnDUGiGkzZcAzfzx4AaABAg,Relatable
UgxFO8NVNBuEqg26Yvt4AaABAg,Neutral
UgxfOA_zXU-f9fkqK4x4AaABAg,Neutral
UgxFOEKKZwIAKbVpsax4AaABAg,Neutral
UgxfoxUtRGK0VjYrZgR4AaABAg,Neutral
UgxFPFU7SuwY5n_rX2Z4AaABAg,Relatable
UgxfQKeD_bzuvIDG6954AaABAg,Neutral
UgxFQoCRiG0Gnz_5D_Z4AaABAg,Neutral
UgxFqTxrNGByuc9sddV4AaABAg,Relatable
UgxFrJ0UMsUVyjBRU354AaABAg,Neutral
UgxfsNwLsIpy4fytsc14AaABAg,Relatable
UgxFTpX89LcopZNQ5iB4AaABAg,Neutral
UgxFtzbyPm9kgdrS76J4AaABAg,Neutral
UgxfV3hcnW1OUDuEt1N4AaABAg,Relatable
UgxFvRspo3GrPK5SQCV4AaABAg,Neutral
UgxfWdaYlMS3wR50s1h4AaABAg,Neutral
Ugxfwstykn5MdCIS3854AaABAg,Neutral
Ugxfx84ZRiGgJaoSegt4AaABAg,Relatable
UgxfxErK61EjmQrJTHB4AaABAg,Neutral
UgxFXIITfrXLJXQeyMp4AaABAg,Neutral
UgxFxM5S_CNmNgdUvst4AaABAg,Neutral
UgxfXr1KUD-dsdsRn2p4AaABAg,Neutral
UgxfYgcK776JNtkkhml4AaABAg,Neutral
UgxfZGbf9HIO79JqSFV4AaABAg,Relatable
UgxG02VeymKp1sjGUix4AaABAg,Relatable
Ugxg2VaiAjEN2bjB-ZN4AaABAg,Neutral
Ugxg3wSNF6OEYBGsajB4AaABAg,Neutral
UgxG67I8gotj9Yqn4H54AaABAg,Relatable
UgxG6vUS6U3GphKFwOt4AaABAg,Neutral
Ugxg6zqdmPqGAel-t314AaABAg,Neutral
Ugxg8pu8EkRBQTPswX54AaABAg,Relatable
UgxG959XgrIgCWPqzPd4AaABAg,Neutral
Ugxg9G089o-FQpFFMud4AaABAg,Relatable
UgxG9og9yU-IpOV7Hah4AaABAg,Relatable
UgxGaLYEWeX3nJb3_R94AaABAg,Neutral
UgxGaTQGy-IDRqAwxUh4AaABAg,Neutral
Ugxgc3lYjnY3_-mJioJ4AaABAg,Neutral
UgxGCl2fiGE-OYZHARZ4AaABAg,Relatable
UgxGcQc3idcpE6tsVop4AaABAg,Relatable
UgxgCrjwngE0BV1t-ht4AaABAg,Neutral
UgxGDEd5KU-1ltu53V54AaABAg,Relatable
UgxGEebr5Igr79IKoZt4AaABAg,Neutral
UgxGEmcSWBPQqPfJynZ4AaABAg,Neutral
UgxgfEJWsbeLRkPP_EN4AaABAg,Neutral
UgxgFfrS98j9yOYCaed4AaABAg,Neutral
UgxGFJCDoCwB3LzkiWl4AaABAg,Relatable
UgxgGC5jpmJtN6rnmVJ4AaABAg,Neutral
UgxGgcNk-bGyUB3_GNR4AaABAg,Relatable
UgxGge8wPiVweXpfLsZ4AaABAg,Neutral
UgxGGLTOsT10R94rEDl4AaABAg,Neutral
Ugxggn76aH8uOYJr7n54AaABAg,Neutral
UgxGhUeqfOevRzKKRL94AaABAg,Neutral
UgxgHwliqNimqiWaei54AaABAg,Relatable
UgxGHwXAF6c03NTiovJ4AaABAg,Neutral
UgxgI5rV35RhKF-tR5N4AaABAg,Neutral
UgxGi77INa4PDG0JS5Z4AaABAg,Neutral
UgxgjDdHQ35sff-qPgh4AaABAg,Neutral
UgxgJGbjMErQ9MvWbc14AaABAg,Neutral
UgxgKjUx-_7byRgM3L14AaABAg,Neutral
UgxGktdyj2uvi-OinX94AaABAg,Neutral
UgxGkTVG43blfU9CzIh4AaABAg,Neutral
UgxGL0S1Ia6Etk-ONdp4AaABAg,Neutral
UgxGMe1aMy9cxLs6Bq14AaABAg,Relatable
UgxGmQmYpknCrsIwSgJ4AaABAg,Relatable
UgxgMv2sPQIITlsXLjt4AaABAg,Relatable
Ugxgn8m5ufAgTPXtTQh4AaABAg,Neutral
UgxGnEKreo1oxFtFXw14AaABAg,Neutral
UgxGnhkhQ9AiWVJ_hxh4AaABAg,Relatable
UgxgNJIagRbrVFOLYxV4AaABAg,Neutral
Ugxgo0Y7tYBJ7jXl0sd4AaABAg,Relatable
UgxGp9tB7PXnw0c108R4AaABAg,Neutral
UgxgpOSYKDkY6Vz946N4AaABAg,Neutral
UgxgQa6CLJzev5sTrTp4AaABAg,Neutral
UgxGQUewCow3bn2WC4x4AaABAg,Relatable
UgxGr_FTs0doULubN7J4AaABAg,Neutral
UgxgS8z_fvsNVAfpni54AaABAg,Relatable
UgxGSwDm7JJ_-vVFOrt4AaABAg,Neutral
UgxgTDX083_ot5INSSJ4AaABAg,Relatable
UgxgTY7Zuv1-HVQrySt4AaABAg,Relatable
UgxGULNJ4rGDiPnoZbV4AaABAg,Neutral
UgxgumdllwxBFDkeugx4AaABAg,Neutral
UgxGURMqRNBWlRdk5Sd4AaABAg,Neutral
UgxGuUvuFRBebsDnEIR4AaABAg,Neutral
UgxgvO-oRDkPqKGNCyx4AaABAg,Relatable
UgxgWXnn8AHhJHAQXN54AaABAg,Neutral
UgxGym7gyr1z_AQyjeV4AaABAg,Neutral
UgxgyVOeR2NxxOwvI494AaABAg,Relatable
UgxGz9m9yvvhiw3uREN4AaABAg,Neutral
UgxH0A3ZG5226UYQtIB4AaABAg,Relatable
UgxH0MXuF6rca14ATxh4AaABAg,Neutral
UgxH2m_Pnh-q1M7l8lB4AaABAg,Neutral
UgxH3mQ9mwoIWDgO88B4AaABAg,Neutral
UgxH3tEyJ8d3DKTrulF4AaABAg,Neutral
UgxH59SwESujqVtWP_h4AaABAg,Relatable
UgxH6OYLHK3JESIDDlt4AaABAg,Neutral
Ugxh81DHQDxOrX-0b-d4AaABAg,Neutral
UgxH81sS-1iNvXEZjf94AaABAg,Relatable
UgxH8mfIzoQSKc7lRoh4AaABAg,Neutral
Ugxh8RADvrHAwMSWvWh4AaABAg,Neutral
UgxH91Q3AqohReTeS8N4AaABAg,Neutral
UgxH9c5M4DEXiS7hJBJ4AaABAg,Neutral
Ugxh9KGl975hCu3TfP14AaABAg,Neutral
UgxhAa8fCARWMBYoN2F4AaABAg,Neutral
UgxhaNoShDKyc5voX6l4AaABAg,Relatable
UgxHAtcR-yhz6848ZQ14AaABAg,Neutral
UgxhBMhxd707XkSe7L54AaABAg,Neutral
UgxhBtCsLWGmUH0Kw6d4AaABAg,Relatable
UgxhbY8UHeEwerQFRnt4AaABAg,Neutral
UgxhC3g5Et38pnfcQl14AaABAg,Relatable
UgxHce1boZo2EXBbQHV4AaABAg,Neutral
UgxhcoW5VA36ioeqKgV4AaABAg,Neutral
UgxhCY_csVKasPiVN6p4AaABAg,Neutral
UgxHdoIfEE_-bk5VUmB4AaABAg,Neutral
UgxheTfjYY5i8gMeaJ54AaABAg,Neutral
UgxHF0AXgHnYlllSNsd4AaABAg,Neutral
UgxHH25EPRMYZQSz0qV4AaABAg,Neutral
UgxhhLyRLqcRofWGH514AaABAg,Neutral
UgxhHMoM4YbEauIkcTZ4AaABAg,Relatable
Ugxhhp_pP6MikfhdXcB4AaABAg,Neutral
UgxhI7uA54oQwog9zAF4AaABAg,Neutral
UgxhIVo7uQvZ5CrT6mF4AaABAg,Relatable
UgxhJD-W4wM8bjl3VZx4AaABAg,Neutral
UgxHkb_tfxcYvpTl4Jx4AaABAg,Neutral
UgxHKqYn3BhF6NG0faZ4AaABAg,Neutral
UgxHkw0MzyDymxJiGJd4AaABAg,Neutral
UgxHl1M7sjr3ImAEWL94AaABAg,Neutral
UgxHL7PX6nSiHPH3uS14AaABAg,Neutral
UgxHlv0j5K_JmyEVANJ4AaABAg,Neutral
Ugxhmm1D83Amc-YQCU54AaABAg,Relatable
Ugxhmm89QQc9ORIiBol4AaABAg,Neutral
UgxhMR765CJZZHSk0wN4AaABAg,Neutral
UgxHmwcULowptBmBWTB4AaABAg,Neutral
UgxHn8E81BWEKsw8MN14AaABAg,Neutral
UgxhnTmGvSKGMj9pAKR4AaABAg,Neutral
UgxhnYk1caZijmxWM5l4AaABAg,Relatable
UgxhOKc3ixHavVhIlJR4AaABAg,Relatable
UgxHOrj9VhxdsPqtxn54AaABAg,Neutral
UgxhoSZF35C58R6On6J4AaABAg,Relatable
Ugxhptnii2DmXQR2CgB4AaABAg,Neutral
UgxHQA1-YlTGjSvYPwB4AaABAg,Neutral
UgxhQKZP2waQhQ0Aq0V4AaABAg,Relatable
UgxhRkdpMyKenwOXWfh4AaABAg,Neutral
UgxHRT56UPzoltVUioh4AaABAg,Relatable
UgxHS0Y8q8Tp3dFFvnZ4AaABAg,Neutral
UgxhsDMB0z2z2sXRWUJ4AaABAg,Relatable
UgxhsJKRIillAPd5q4t4AaABAg,Neutral
UgxhTH2nETkIwnwzvaV4AaABAg,Neutral
UgxHttQty9rFLOmlfUN4AaABAg,Neutral
UgxhVbYicq4cM9zA52l4AaABAg,Neutral
UgxhwoLBDkN4Z3K8RW14AaABAg,Neutral
UgxHWy6Me4kpq-5OaS14AaABAg,Neutral
UgxhwznEPUweTQ73CQp4AaABAg,Neutral
UgxHxb12Fq4cIW26lNZ4AaABAg,Relatable
UgxhXe_srxisDUKY9dN4AaABAg,Relatable
UgxhxOUDgRLNpRz3QqV4AaABAg,Relatable
UgxHz5aS9RkzrBXbnyZ4AaABAg,Neutral
UgxHZJ01Nutua0E2oT54AaABAg,Neutral
UgxhZMrndY1V7h5Y4ul4AaABAg,Neutral
UgxhZr0en12EYTytmM14AaABAg,Neutral
UgxI_zAHIO1z9W36VVZ4AaABAg,Neutral
Ugxi-hcRSXXY1_oIqp94AaABAg,Relatable
UgxI-QTMmF9HZ8Z4DBt4AaABAg,Neutral
UgxI0ilRnTae9OdVF6t4AaABAg,Neutral
Ugxi173av-7paatGODx4AaABAg,Relatable
Ugxi2OHwzvXmjj5u2k94AaABAg,Neutral
UgxI31_Vug5W5xvRs_l4AaABAg,Neutral
UgxI421HRNqxbtPUolt4AaABAg,Neutral
UgxI46r-3Kuq-xmUP-p4AaABAg,Relatable
Ugxi4yftBtaXHH_44Dh4AaABAg,Neutral
UgxI7e8rmyNslzaOjEZ4AaABAg,Neutral
UgxiAE-L0-38ltT98tJ4AaABAg,Relatable
UgxibDFOcZkPMImPpwZ4AaABAg,Relatable
UgxIbQwiWr6mw6ZOER94AaABAg,Relatable
UgxiBZWCyAWg_BlIfYN4AaABAg,Neutral
UgxicemIRt_WcXBIdQh4AaABAg,Relatable
UgxiCrL6FGnVyD3k3aZ4AaABAg,Relatable
UgxiD0ZIKDLjbwp_6It4AaABAg,Neutral
Ugxie3khuqR8fRW5e_l4AaABAg,Relatable
UgxiEDpqE3hn0cMon_F4AaABAg,Neutral
UgxIEhkoPxkuiQHVm8h4AaABAg,Relatable
UgxIEIBrGWHExSEqmNh4AaABAg,Neutral
UgxIFBRt3SWX1IKxv8R4AaABAg,Relatable
UgxIfKT5VYDdD9V6wzB4AaABAg,Neutral
UgxifpCeKMD0fx2ewv14AaABAg,Neutral
UgxIfTg--iFKHIlun-14AaABAg,Neutral
UgxiGTpHgTDgS0r9xNJ4AaABAg,Neutral
UgxIgUZf9Pxy3pBKQg14AaABAg,Neutral
UgxIi4c3DcjZi7_O1vt4AaABAg,Neutral
UgxiJLzwUdsRa709KnV4AaABAg,Relatable
UgxIk2dOwdE0s6ci0bt4AaABAg,Relatable
UgxiKccYlSBVGJOHeTB4AaABAg,Relatable
UgxIkCZs2DQv1vZx05h4AaABAg,Neutral
UgxiKrZdnRRE1U8Be5J4AaABAg,Neutral
UgxIljztUGdaavjg2hl4AaABAg,Neutral
UgxiLTMfCr3XEZA9rdN4AaABAg,Neutral
UgxIlVrfLcnA5z3EAi54AaABAg,Neutral
UgxiMmdJNqvrHZ5PanB4AaABAg,Neutral
UgxImzTNErHF0l0zR4x4AaABAg,Relatable
UgxiN5MSbpbUxqGNxwd4AaABAg,Relatable
UgxINo6B5tIYPJEVF7V4AaABAg,Neutral
UgxinZE2zLvILGWRZUN4AaABAg,Neutral
UgxIO_PsVmbbj06aizR4AaABAg,Neutral
UgxIO-Ow4jj4-NWD4A54AaABAg,Neutral
UgxIO0J6ZOBF-_VUAXx4AaABAg,Neutral
UgxIoA5gxgHZ0vuav9V4AaABAg,Neutral
UgxiOA7Gz2wSyqw4yiV4AaABAg,Neutral
UgxIOhFejVNA6n-UAn94AaABAg,Relatable
UgxIOk3sLxNg__YRdvd4AaABAg,Relatable
UgxioL1DTDInsDWOVz54AaABAg,Neutral
UgxiPeHDXXTtP1PT8uR4AaABAg,Neutral
UgxiptyBrOHdI9aQhyd4AaABAg,Neutral
UgxIPUL7GZkkXZyXrJN4AaABAg,Neutral
UgxIqXtEyyXIFroOgId4AaABAg,Neutral
UgxiQZWRyrB13FHgD1t4AaABAg,Relatable
UgxIR_8f_i37Wc4Zuel4AaABAg,Relatable
UgxiRHElVPZq-1BrB4d4AaABAg,Relatable
UgxirNISAt_Il8xtHVp4AaABAg,Relatable
UgxIRpM2pgEg9rrpNrF4AaABAg,Neutral
UgxIsPqWcAiv73zfkap4AaABAg,Relatable
Ugxiti-8jOndZ9pe9Q94AaABAg,Relatable
UgxiUL9atpYRrMiMmvF4AaABAg,Neutral
UgxiV1HnKOt3CGa2drR4AaABAg,Relatable
UgxiVgMtHH2sPakinwZ4AaABAg,Relatable
UgxIVIBfro92cxlf4pl4AaABAg,Neutral
UgxIViKhRle_WpS9ZUh4AaABAg,Neutral
UgxIvNNBmxuEeaHFsox4AaABAg,Neutral
UgxIvY9yaS-k-oafcAd4AaABAg,Neutral
Ugxiwg6xMhzJ7MzIOKF4AaABAg,Neutral
UgxiwJy4piqouWpZ4Ed4AaABAg,Neutral
UgxIWmEQXjjbMPyRK8x4AaABAg,Neutral
UgxIwumJ-KYKLoTLUdJ4AaABAg,Neutral
UgxIWWVu37fiwi6zd4R4AaABAg,Neutral
UgxiXvdbGRrEFeurgWB4AaABAg,Neutral
UgxIyK9-OzWUQ5EOOlx4AaABAg,Neutral
UgxiYMJMeqfdmYgwG3d4AaABAg,Neutral
UgxizgoIRY_15FfEH1B4AaABAg,Neutral
UgxizxXH_xyItAmJ-314AaABAg,Neutral
Ugxj_-P6SKFRGM7E57F4AaABAg,Relatable
UgxJ_hp7CkHVBdCSmwJ4AaABAg,Neutral
Ugxj-JOWrXwxsUi-GMF4AaABAg,Neutral
Ugxj2JduyyVItvl5cxd4AaABAg,Neutral
UgxJ2QorxFyVgWYU92B4AaABAg,Neutral
UgxJ36OavfPViUqtood4AaABAg,Neutral
Ugxj3Io3noOajABemxF4AaABAg,Neutral
Ugxj3xBfYo627sSkVaB4AaABAg,Neutral
Ugxj3xKUZ7yS-yO9wtZ4AaABAg,Neutral
Ugxj4sKRPaBe6sXGwqx4AaABAg,Neutral
UgxJ5QC1fCcvms-8FO14AaABAg,Relatable
UgxJ6Abtm7yXoj55bbN4AaABAg,Neutral
Ugxj70V57gfQF4Lo0vd4AaABAg,Neutral
UgxJaFT3fZT-huR96d54AaABAg,Relatable
UgxjaJCjqa9eJDW3r0x4AaABAg,Neutral
UgxJb6DO5tNcPUyvb894AaABAg,Neutral
UgxJb6ZU6jtUq3hP2od4AaABAg,Relatable
UgxjbDo_zkFlgpP4S654AaABAg,Neutral
UgxjbKvDsz4KUhe_9Rp4AaABAg,Neutral
Ugxjblbu4Xu4C6is9Lp4AaABAg,Neutral
UgxjbllTJF9q_9ssh_R4AaABAg,Relatable
UgxjC7RGhZF0tZ2Wmoh4AaABAg,Relatable
UgxJCcp1Hvum6RsiovJ4AaABAg,Neutral
UgxjcfNAs1Mq1CBKLtd4AaABAg,Neutral
Ugxjcz1g7DErN1Sqesh4AaABAg,Neutral
UgxJDmKw7ge3dUEKSCd4AaABAg,Relatable
UgxjdTsN8S-wnmAnuAp4AaABAg,Neutral
UgxJe8b0YTb4ZHOTZT14AaABAg,Neutral
UgxJexs3ntZIKXvTpIN4AaABAg,Neutral
UgxjeYw9KvpcN21-tXt4AaABAg,Neutral
UgxjGbW-jagMd0W0i4p4AaABAg,Neutral
UgxJgiqQsKU1E9KLDbp4AaABAg,Neutral
UgxjH1i5IPF2_1JLJgR4AaABAg,Neutral
UgxjH1sz51lpF8U75O14AaABAg,Neutral
UgxJhk-414_Mg3inwkx4AaABAg,Neutral
UgxjHLNsOx5Z30b_REx4AaABAg,Neutral
UgxJhOGynJskwvbTj3p4AaABAg,Neutral
UgxJHT9E3hhTsoERjYd4AaABAg,Neutral
UgxJIoHp9LPF6wd3M0p4AaABAg,Neutral
UgxJjEjPH_7UNmT_6654AaABAg,Relatable
Ugxjjs3iqQWHl8ohVxJ4AaABAg,Neutral
UgxjJSgx3sBq7ko06d94AaABAg,Neutral
UgxJkgYkua4cNq3kwEd4AaABAg,Neutral
UgxJkkHCdmE6aXhM42h4AaABAg,Neutral
UgxjmBZXg9qyL4aOE8x4AaABAg,Relatable
UgxjmIilohSWVFIGpBB4AaABAg,Neutral
UgxJNAcYKWXiRw_IO_R4AaABAg,Relatable
UgxjNfzf9lPoH_D4VpB4AaABAg,Neutral
UgxJnM385behEP-hmaR4AaABAg,Neutral
UgxjobDc-u0HttdBw5F4AaABAg,Neutral
UgxJOIlMdajbDNn_Z-R4AaABAg,Neutral
UgxJqUljIRR9h42oJz54AaABAg,Neutral
UgxjQxiUZFAiAGP_vlp4AaABAg,Neutral
UgxjqXnmONi8trhwu-R4AaABAg,Relatable
UgxJQyo7s82OTh0QQCF4AaABAg,Neutral
UgxJr_MXR6cqSSsVaCt4AaABAg,Neutral
UgxjRed5JvjWjMGdxRJ4AaABAg,Neutral
Ugxjri8d9tl9BbVW6aJ4AaABAg,Neutral
UgxjRoDnVPkrjKEMwRl4AaABAg,Neutral
UgxjsdhM3o9t3zqvfD94AaABAg,Neutral
UgxJsiSyslMVAQ3URaN4AaABAg,Neutral
UgxJSlzp1uF1FkxMPZ94AaABAg,Relatable
UgxjSrhKw56RNSLEo5R4AaABAg,Neutral
UgxJt2pMLLpnJs-3QJh4AaABAg,Neutral
UgxJTgrlqSG5n5Swyd54AaABAg,Neutral
Ugxjtu6pufP54Px3an94AaABAg,Relatable
UgxJTUpdGC2wcDY6OnF4AaABAg,Relatable
Ugxju6sgFiDic9Gmaep4AaABAg,Relatable
UgxJUiMnqoD0fxe6SIJ4AaABAg,Neutral
UgxJv3A0EjtCKr_kDPp4AaABAg,Neutral
UgxJVA0qXv1oHYj1tQl4AaABAg,Relatable
UgxjVgQCvY-KuTgmbpJ4AaABAg,Neutral
UgxJVSzU8SGwxV_5Kfd4AaABAg,Relatable
UgxjWd1gsmwiXepKm2h4AaABAg,Relatable
UgxjWg4Ui3tmstdFQFZ4AaABAg,Neutral
UgxJWk6fNq7lkdFyw9N4AaABAg,Neutral
UgxJWQp7pO5QzmFBo_J4AaABAg,Neutral
UgxJxKSROBlBewCnWEt4AaABAg,Neutral
UgxJY6-Yo0K8O7HP0NZ4AaABAg,Neutral
UgxjYqtmLieNOajphSN4AaABAg,Neutral
UgxjyRBOn4iPDe4DK654AaABAg,Neutral
UgxJZ1O0pJe2VAmu5VJ4AaABAg,Neutral
UgxjzX45fI-ydugYWNJ4AaABAg,Neutral
Ugxk_HCxPfaPWIWyTu94AaABAg,Neutral
UgxK-UN2Q02oWU4x5Yp4AaABAg,Neutral
UgxK-Zv9NxLL2xl2DEN4AaABAg,Neutral
Ugxk086PbtOohK0qoSp4AaABAg,Neutral
UgxK2RDuP_3s-eyhKnh4AaABAg,Neutral
Ugxk3tplY5i99xGrNbF4AaABAg,Neutral
UgxK4FD9IMuQvKMvST14AaABAg,Relatable
UgxK5gykogESs5tSjr14AaABAg,Neutral
Ugxk7oQknjTgOEiTAWh4AaABAg,Neutral
Ugxk83vB5CZRAwVe9ed4AaABAg,Neutral
UgxK85yFO9mmcdM2GwJ4AaABAg,Neutral
UgxK8U_0V8EKcBrtAnt4AaABAg,Neutral
UgxK8V0eMOUyytAQLhV4AaABAg,Neutral
Ugxk9d4DfWCQJOc36qB4AaABAg,Relatable
UgxkaIJFr2lWmVqoO9J4AaABAg,Neutral
UgxKArl0eUJGDsxTUkB4AaABAg,Relatable
UgxkbrQgJ-qlt1oVSc54AaABAg,Neutral
UgxKbw_tFM3mdQW9ZeB4AaABAg,Neutral
UgxkCUdocC4xktZEWVN4AaABAg,Relatable
UgxkDN3k4PuCKURtSlN4AaABAg,Neutral
UgxKDPtzRLZzvDAD0iN4AaABAg,Relatable
UgxkdYfCMZqMWMlTVsh4AaABAg,Relatable
UgxKEot2ctuYQMqdCL14AaABAg,Neutral
UgxkEwkWFnBrWqNU0vp4AaABAg,Relatable
UgxkeXyHhgVpBRstiy54AaABAg,Neutral
Ugxkf3_IAENPhXpP41V4AaABAg,Neutral
UgxKFeZF4TrHcelYL-t4AaABAg,Neutral
Ugxkfm_94O2Q0PysmtR4AaABAg,Relatable
UgxKhhR2i85He3GgfKR4AaABAg,Relatable
UgxKHibM6RUscMJ3P7l4AaABAg,Neutral
UgxkHZDACpOf3VdnnTJ4AaABAg,Neutral
UgxkiHA7hpswaVtBQA94AaABAg,Neutral
UgxKiqW4KrXjR68ZqUd4AaABAg,Relatable
UgxKiWuLKXVhokH1i2R4AaABAg,Neutral
UgxKjK9EmYxLzHkEZbp4AaABAg,Neutral
UgxkJYY0qgqMJNAcD3V4AaABAg,Neutral
UgxKkAYb9GnxiJ8OWaJ4AaABAg,Neutral
UgxKkgUocXUfS5DHR094AaABAg,Relatable
UgxkLE5fdJiLbOzjiM14AaABAg,Neutral
UgxkLzxHDQzS_cBs-Vt4AaABAg,Neutral
UgxkmMuIxwQ7vjC5IjR4AaABAg,Neutral
Ugxkn8R_Pj_f4LxjP5d4AaABAg,Neutral
UgxKoH7_VBPf8PNRVR54AaABAg,Neutral
UgxkOKbydS-DdSulv9h4AaABAg,Relatable
UgxkOUm4Ik-5X1k_4M54AaABAg,Relatable
UgxKOVfoGa7lgBPpULN4AaABAg,Neutral
UgxKoXdEWb7K4L0sipF4AaABAg,Neutral
UgxkoXPdS9SMn9WPYch4AaABAg,Relatable
UgxkP3kClDjJQ4GSRIF4AaABAg,Neutral
UgxKpmRMJnrMR6gwRNR4AaABAg,Neutral
UgxkPQBCDJ8yz-Cn53Z4AaABAg,Neutral
UgxKPY2gxhY35Eu0IHJ4AaABAg,Neutral
UgxkqBJFdiqzzb4GI9d4AaABAg,Neutral
UgxKQq_RLQTepkvwIEh4AaABAg,Neutral
UgxkrDm2GhaQf4EgICt4AaABAg,Neutral
UgxkRgjfSucyrueK-rh4AaABAg,Neutral
UgxkRitIdkC7M__C6MB4AaABAg,Neutral
UgxKS_YdF4GKhZZwFIR4AaABAg,Neutral
UgxKsWvYp39cXkPg5Ih4AaABAg,Relatable
UgxKT6hmvS9SloV6Onx4AaABAg,Relatable
UgxKTfcDEEwnXokV0bR4AaABAg,Neutral
UgxkuGcUBlNq_tkIIqd4AaABAg,Neutral
UgxKv9TgJEDZERpWYyZ4AaABAg,Neutral
UgxKVbFdKqxBUGI7S2F4AaABAg,Neutral
Ugxkvf61jcCf3i84jGN4AaABAg,Relatable
UgxkviutINZRXjDNznV4AaABAg,Neutral
UgxKVRUFB7FJ5ZSQUet4AaABAg,Relatable
UgxKvtqGn5csXIQEYwV4AaABAg,Neutral
UgxkwiC0P7hYmLVvPyR4AaABAg,Relatable
UgxKWjR0aj-PFGxlYY94AaABAg,Neutral
UgxkwnhpF3GOU8Ym3ud4AaABAg,Neutral
UgxKxn6Nc6hmFGpOQQF4AaABAg,Relatable
UgxkXp3C1vst6saxrbN4AaABAg,Neutral
UgxKY3hIuqwAMCnTiaV4AaABAg,Neutral
UgxkYn0FopAdz7mn6wJ4AaABAg,Neutral
Ugxl_6lijRimgnNrHYl4AaABAg,Neutral
UgxL_HkJCZUD7bwxJvJ4AaABAg,Neutral
UgxL_msCxPKNzMXOVEd4AaABAg,Neutral
UgxL_y7XzccWLcTC7iJ4AaABAg,Neutral
UgxL0-1FU1wSZEGPSZt4AaABAg,Neutral
Ugxl0FhGK1znJAeMoPh4AaABAg,Neutral
UgxL0SPDxnz3qNUkhJl4AaABAg,Neutral
UgxL107wmsDYiyO66Z14AaABAg,Relatable
Ugxl28x-sbNKrs-MZmd4AaABAg,Relatable
UgxL2w8Eqieu9Uj68FN4AaABAg,Neutral
Ugxl4T9qf1EGw_eaEJ94AaABAg,Relatable
Ugxl5BU2kErjsNTmOx94AaABAg,Relatable
UgxL5WJk9CVyZ6YwDHp4AaABAg,Neutral
UgxL6hti-vw-WaQx_Ql4AaABAg,Relatable
UgxL7cB3VkRXpOgiPZN4AaABAg,Neutral
Ugxl7r9xXYTTMl1kZfp4AaABAg,Neutral
Ugxl9eduLH4-ml_616Z4AaABAg,Neutral
UgxL9JkHuxFPMb06S4t4AaABAg,Relatable
UgxLa2o-75Z4WvOU1kp4AaABAg,Neutral
UgxlA7I2bGM69NEUJWF4AaABAg,Neutral
UgxLAJ_nzjMFNg8nJXp4AaABAg,Relatable
UgxLaNWqLrpbq3bkGTB4AaABAg,Neutral
UgxLaodtT36Br0bIB4Z4AaABAg,Relatable
UgxlAQo1xjSI5nK3tNl4AaABAg,Neutral
UgxlaYdVW8xKMJf1W7d4AaABAg,Neutral
Ugxlb1IoDLKjI3ECCqR4AaABAg,Neutral
UgxLbnUdi50eMkG0d-Z4AaABAg,Relatable
Ugxlc5YJy5CX4ZUzwA94AaABAg,Neutral
UgxLCMfq5kulyPcLImh4AaABAg,Neutral
UgxLEBjRYAbdeeXI-ad4AaABAg,Neutral
UgxLFSurRHgpCeOB5B94AaABAg,Neutral
UgxlgNTbger17tvQLRR4AaABAg,Neutral
UgxLGtDf9tJteP-9zmJ4AaABAg,Neutral
UgxLhjhKURVcoWEkwSh4AaABAg,Neutral
UgxLhzfcmd2qX9is-Lx4AaABAg,Neutral
UgxLJA_fJfEuARi3UEJ4AaABAg,Neutral
UgxLjdoQt85MDn59BxZ4AaABAg,Neutral
UgxlJeet0sEFclBeK8p4AaABAg,Neutral
UgxLjF4R_-5NbiPk0R14AaABAg,Neutral
UgxljNsm3s0Rhi5VIxp4AaABAg,Neutral
Ugxlk-keRQDAekeAxgp4AaABAg,Neutral
UgxLk1kOQZx7A1ju5JZ4AaABAg,Neutral
UgxlK8rMjmz1m73aPWl4AaABAg,Neutral
UgxLkBKjj_3qPdssDed4AaABAg,Relatable
UgxLKCxVQYBXHPWLIl14AaABAg,Neutral
UgxlKlM_E7IkpzdAnvp4AaABAg,Neutral
Ugxlkwt_996Uxy4NOD14AaABAg,Neutral
UgxLKYyerx05rziMRe54AaABAg,Neutral
UgxLl-wHEXsH-l9agpl4AaABAg,Relatable
UgxLl4nkbNrRFBobAVx4AaABAg,Relatable
UgxLLb7fe3PYqP3vlgF4AaABAg,Neutral
UgxlLyZlaSW9ebH8KSd4AaABAg,Relatable
UgxLm8kcgxSjlPls_tV4AaABAg,Neutral
UgxlmVm-D74AU0Myh2x4AaABAg,Neutral
Ugxln0MszLcdFbOtoXV4AaABAg,Neutral
UgxlN9V24Sf5gddub-F4AaABAg,Relatable
UgxlnEDq28eYBpj3gC14AaABAg,Relatable
UgxLNeHw1UcNwsY3oiV4AaABAg,Neutral
UgxlNghELo4pAi7WBL54AaABAg,Neutral
Ugxlnpk37F7acUYQJ3V4AaABAg,Relatable
UgxLOjqwWxiIzAfwGEV4AaABAg,Neutral
UgxlOmxrkUnfdFFKQoh4AaABAg,Neutral
UgxLoUBxSK51_L0oXD54AaABAg,Neutral
UgxLPbn5pQF5hCxk_9l4AaABAg,Neutral
UgxlQaT1Mvn6TT6Ljm14AaABAg,Neutral
UgxLqdBjZ5j64lsFxMZ4AaABAg,Relatable
UgxlQdgIkqCLRltgbMJ4AaABAg,Relatable
UgxlQftnzQ8kIHJzbkN4AaABAg,Relatable
UgxlquAaNa01wIa4lPB4AaABAg,Relatable
UgxLqy3XgHFLrbCPiNR4AaABAg,Neutral
UgxLruuqPlVE0IFSuDR4AaABAg,Neutral
UgxlRVhJ5L4fi4SnnPB4AaABAg,Neutral
UgxlshJZIKHQhTWbcxl4AaABAg,Relatable
Ugxlu6PCcqnCVwtflAx4AaABAg,Neutral
UgxlvOo86XKmuEIf_7l4AaABAg,Neutral
UgxLWqAJPotcM5vOe3N4AaABAg,Neutral
UgxlwUqaqfhF_Z0VNl14AaABAg,Neutral
UgxLXj4_Yc3qgIsszaV4AaABAg,Neutral
UgxLxs3A-JJHqdzXMmF4AaABAg,Neutral
UgxLxvXkmPrEbH-D0qZ4AaABAg,Neutral
UgxLz_tyiWvCFwZSMdl4AaABAg,Neutral
UgxM0B98tl--xEkM7_l4AaABAg,Neutral
Ugxm0cRL7lhfY3OUrzd4AaABAg,Neutral
Ugxm0IoSL0_hu_ptrZp4AaABAg,Neutral
Ugxm11IfYTPjDidafYt4AaABAg,Relatable
Ugxm11tJSCoPG5vrYOx4AaABAg,Neutral
UgxM1jZ5DggpaN3tbgB4AaABAg,Neutral
Ugxm1ojlF4WMnSV8T9t4AaABAg,Neutral
Ugxm2AQVu1-cb4aSX894AaABAg,Neutral
Ugxm2mERKljDgW9M0dF4AaABAg,Neutral
Ugxm5KIlJLYj3x92xdB4AaABAg,Neutral
Ugxm5s3JGTbJeyIirk54AaABAg,Relatable
UgxM7txv5jvmhbTts5N4AaABAg,Neutral
Ugxm8TjRFvG2vwd_RmR4AaABAg,Neutral
UgxM9anxFwuG0SYgKK54AaABAg,Neutral
UgxMAMLYwRSdGo6yzYl4AaABAg,Neutral
UgxMaXF_r2IozdM5Anp4AaABAg,Relatable
UgxMbkjbCydKJqdEQ4F4AaABAg,Neutral
UgxMbRqY7AcCq-e_z-x4AaABAg,Neutral
UgxmcciHaHxvGWVo6lR4AaABAg,Neutral
UgxmcvKON5yADoalbjt4AaABAg,Neutral
UgxMe2e8eqiO1gbCZRl4AaABAg,Neutral
UgxMEoZUM2yGSXvpr154AaABAg,Relatable
UgxMevdug1vCAwG4GTx4AaABAg,Neutral
UgxmfeZajekE_YVJ-PZ4AaABAg,Neutral
Ugxmg7PF5w1sgIbmVhB4AaABAg,Relatable
UgxMGa53FSDA5zEFcz54AaABAg,Relatable
UgxmgjEx3m6cXvgcszZ4AaABAg,Neutral
UgxMGQbLXjEazCd1hrd4AaABAg,Relatable
UgxMGtSJCoitLriYilx4AaABAg,Relatable
UgxMhRAUIPuZkGzsqnJ4AaABAg,Relatable
UgxMhuvNW1oGjXn7PYB4AaABAg,Neutral
UgxMiw4IVm19rnarcSB4AaABAg,Relatable
UgxMj8kYor7CROrLQzR4AaABAg,Relatable
UgxMjgjQE8EMeKFH-TV4AaABAg,Neutral
UgxmJYCebYf0-ZoJSoh4AaABAg,Neutral
UgxmkhHV864B4o9kn8N4AaABAg,Relatable
UgxmkHK3nFaRpfgHCDN4AaABAg,Neutral
UgxmkKBGuEVmQTCexbh4AaABAg,Neutral
UgxmkPWFQmldYPVqUyN4AaABAg,Neutral
UgxMltczbMGjFVzkAsR4AaABAg,Relatable
Ugxmm-EK-Ahy2XNYrjd4AaABAg,Relatable
UgxmmUU0UHLx8WHrWcF4AaABAg,Neutral
UgxMn6uIoFwuFmdf2DR4AaABAg,Neutral
UgxMoplYsjhjf81OLJl4AaABAg,Neutral
UgxMOrVDiiCNmFHKJMR4AaABAg,Neutral
UgxmossdwNLzJ9kIbit4AaABAg,Neutral
UgxMP6WcbXAY_RBDvFt4AaABAg,Neutral
Ugxmpl-hKgD7Wk-hCcJ4AaABAg,Neutral
UgxmPXOH50d_cUKslaZ4AaABAg,Neutral
UgxmQkQjlHI-KhGHLUt4AaABAg,Neutral
UgxmrDP4z1xPVmd9BWl4AaABAg,Neutral
UgxMReKenWuNWNQog7l4AaABAg,Neutral
UgxmrguyEAzt3NFxG4F4AaABAg,Relatable
UgxmS_T4qrULL0VK99N4AaABAg,Neutral
UgxmsnmOqbD3LA--rRF4AaABAg,Neutral
UgxMSQeprSxAqiYvpVB4AaABAg,Neutral
UgxmtfOux5Zz9YkpMPp4AaABAg,Relatable
UgxMTJg-qNA5F3LXn4Z4AaABAg,Neutral
UgxmTJuiZkRZeErMIL54AaABAg,Relatable
UgxmUaRJ3wa_7om5NyZ4AaABAg,Neutral
UgxMUbVcOCVoSjAY9t14AaABAg,Neutral
UgxMuh2XwLrcpjX2YSp4AaABAg,Relatable
UgxmUIMvEYcDGzpZ4G54AaABAg,Neutral
UgxMuZobm8JUhOyUpEZ4AaABAg,Neutral
Ugxmv2v1uDUiZz6DMBN4AaABAg,Relatable
UgxmvOqePcU2oeMEly14AaABAg,Neutral
UgxmXlRter30-GQSZY54AaABAg,Relatable
UgxmXnLoKEUapkn5K_l4AaABAg,Relatable
UgxMy6GVDSr049_cpah4AaABAg,Neutral
UgxMye4NQi1BN2HUNWV4AaABAg,Relatable
UgxMZ-12VmShMfRIFnh4AaABAg,Neutral
UgxmZxbprD0FUpA1JzJ4AaABAg,Relatable
UgxN0YIkkaJUtZsOEAN4AaABAg,Neutral
Ugxn19lEG5R9n6sRctJ4AaABAg,Relatable
Ugxn1EewiW4W5ADg3nl4AaABAg,Relatable
UgxN1RzEBA5kY9fvJRR4AaABAg,Neutral
Ugxn2ne-u6DwcBySKCt4AaABAg,Neutral
UgxN2RJJENWEi46UlXd4AaABAg,Relatable
Ugxn3tljfNmSSn9kMTl4AaABAg,Neutral
UgxN5bQXGMlyF0BjpKB4AaABAg,Neutral
UgxN7t2YztDx3mcQGtZ4AaABAg,Neutral
Ugxn9bBxE67GefnkULF4AaABAg,Relatable
UgxN9oNkw1wlJbPLLlV4AaABAg,Relatable
UgxNaclY2jugLConCF54AaABAg,Neutral
UgxnAnAoBNIEx2rULa14AaABAg,Neutral
Ugxnb8M6qoTc8N81Hb14AaABAg,Neutral
UgxnbjCope0oEi9c8SN4AaABAg,Neutral
UgxNcABMHpWe4vsOJSp4AaABAg,Relatable
Ugxndf6sIloYdjryuRp4AaABAg,Relatable
UgxndGxh_P7Yrqydul94AaABAg,Neutral
UgxNDmdtxqBbmK7sPYN4AaABAg,Neutral
UgxnDqC7YSTUEq3BCu54AaABAg,Relatable
UgxNekpTw1QyCnCWqQV4AaABAg,Neutral
UgxNFCnF8cGfGZQNqt14AaABAg,Neutral
UgxnFnFGySr7-a7LKfF4AaABAg,Neutral
UgxNfuOObJmxN-H1hqN4AaABAg,Neutral
UgxnGejIsDSOp6MkhRZ4AaABAg,Neutral
UgxnGf2IZfBM3OH_vOZ4AaABAg,Relatable
UgxNH2DJ7rLgl02xHzt4AaABAg,Neutral
UgxNhlrj21GU4U6kpoZ4AaABAg,Neutral
UgxNiqvhrRaOrFSeDmd4AaABAg,Neutral
UgxNisucWK24-Ex04PJ4AaABAg,Neutral
UgxnJ5QKAz9_IoUS1654AaABAg,Relatable
UgxnJeCU7Khry1x18oB4AaABAg,Neutral
UgxNJRBOQuuSidM56Y94AaABAg,Neutral
UgxNkGw2e7mcRGks6ih4AaABAg,Neutral
UgxnkIqJmf5xqBSP7IV4AaABAg,Relatable
UgxNl0g1zN1rg4YLQAJ4AaABAg,Neutral
Ugxnl98DmVSAh7LWsVZ4AaABAg,Neutral
UgxNld8jl6A69q2c4vB4AaABAg,Neutral
UgxNlIO1B2gD0x7uCbh4AaABAg,Relatable
UgxnLJblx83qG48kPWB4AaABAg,Neutral
UgxNlqMVNJmRqGiPkHh4AaABAg,Neutral
UgxNlsHZnu2_y5VGS6Z4AaABAg,Neutral
UgxNlutGaiawklql5Lt4AaABAg,Neutral
UgxNm6o1-KQW0JIH2cB4AaABAg,Neutral
UgxnmPBApKxfxbJt2NN4AaABAg,Relatable
UgxNnU4Z6pNpb2T28Ft4AaABAg,Neutral
UgxnNv2sYPoKGkA1JmJ4AaABAg,Neutral
UgxNOB51vEWZ7z2Th454AaABAg,Neutral
Ugxnoko54rF1LRsy8AF4AaABAg,Neutral
UgxnP_mfUBRF8JqaXfZ4AaABAg,Neutral
UgxnpZgSaQX8plhVpU14AaABAg,Neutral
UgxnQDDiD9wfWruv2Jp4AaABAg,Relatable
UgxNRBwDIOWMM-xn_wB4AaABAg,Neutral
UgxNrp4VUKlNAl-SkWB4AaABAg,Neutral
UgxNRV9f7yReXp8xwl54AaABAg,Neutral
UgxnS2TJHgph-yzs-L54AaABAg,Relatable
UgxNS8Q6isujM-GImPt4AaABAg,Neutral
UgxntBhyLye_KAFFgXV4AaABAg,Neutral
UgxnTBvaalpQOs8TI-V4AaABAg,Neutral
UgxNtu-7m66lbJvfAKh4AaABAg,Relatable
UgxNu6eJAf186y14jJ94AaABAg,Neutral
UgxNuieJu2qgCx8hNXB4AaABAg,Relatable
UgxNV70Xjwi3WOSvjjB4AaABAg,Relatable
Ugxnv7Wtb7_B0YCHp1Z4AaABAg,Neutral
UgxNVWt-gYQIz37LKKJ4AaABAg,Relatable
UgxnVXYVJrjcL56x5_Z4AaABAg,Neutral
UgxNVzYP6y4L2twMoE14AaABAg,Neutral
UgxnxbLh8dTwHK50nPd4AaABAg,Neutral
UgxnXWzuS3FmN6P3cyl4AaABAg,Neutral
UgxnxzEwpD87k7FZ4-B4AaABAg,Neutral
UgxnYlCbZFnz08HKtMJ4AaABAg,Relatable
UgxNYtLSlJuYRTrDMex4AaABAg,Relatable
UgxnZMHj76i42L-nkrx4AaABAg,Relatable
Ugxo_cMS_uJFC7iEsRV4AaABAg,Neutral
Ugxo060UH2xLks8Ea214AaABAg,Neutral
UgxO0B1cqEyPPCfRKcZ4AaABAg,Relatable
UgxO0Xn0pAz56JyBuNd4AaABAg,Neutral
Ugxo1WNsje-l8mcA2F94AaABAg,Neutral
Ugxo2mXaZ7i_iOnQ87d4AaABAg,Relatable
UgxO2OJJBz9srAbf2HR4AaABAg,Relatable
UgxO46u1BV1zHmQefb94AaABAg,Neutral
Ugxo4m9ypT0kvVtpi594AaABAg,Neutral
Ugxo4MGM75sRgGZ_iV54AaABAg,Neutral
Ugxo4sGT-EXTQY2TUF94AaABAg,Neutral
Ugxo5L2gMFiWtHH-Geh4AaABAg,Neutral
UgxO7HtDmdvOBMWHJcx4AaABAg,Relatable
Ugxo7WhiBpoKP_TGLIx4AaABAg,Neutral
UgxO7X7EpF9SJKMsU314AaABAg,Neutral
Ugxob8ltW1kXaHu7YnF4AaABAg,Relatable
UgxOcEXwTC7p9BWoHgl4AaABAg,Neutral
UgxOCPis6Vv6BU955zp4AaABAg,Relatable
Ugxod2popysI3Oonolx4AaABAg,Neutral
UgxOdoinNPSz2UIKHFp4AaABAg,Neutral
UgxoDUJ4GoJU7QbEqUN4AaABAg,Relatable
UgxoHwwhlk8ZPekgiQl4AaABAg,Neutral
UgxOHxAkuCufTpNDzy54AaABAg,Neutral
UgxOI3pBNRUpHgQhYup4AaABAg,Neutral
UgxOiTGMzH5GVnjsGhF4AaABAg,Neutral
UgxOjfNK7lq5ZnIuaFh4AaABAg,Neutral
UgxoJtSpMeCiIM958p94AaABAg,Neutral
UgxojTUZ02F-gurEaiF4AaABAg,Neutral
UgxokHrYVsrym_T0MuN4AaABAg,Neutral
Ugxokiryyzc712WU2IN4AaABAg,Neutral
UgxoL8s6R3ujXHKBEvh4AaABAg,Neutral
UgxoLeo9DNmBT2uBku14AaABAg,Neutral
UgxOlvMw0uGHsTjb9ix4AaABAg,Neutral
UgxOLvqp-UILpwIJH7d4AaABAg,Neutral
UgxoMdk6x75ICto_oX94AaABAg,Relatable
UgxONaW0GXCBxcdAA8V4AaABAg,Relatable
UgxOniZX3GRePUpIaXF4AaABAg,Neutral
UgxonTzLHW3bwYaCDPR4AaABAg,Neutral
UgxooqmALJhuw9CX4U54AaABAg,Relatable
UgxOPCeHoU_dE9dNfHh4AaABAg,Neutral
UgxopkXitPKxwptgUV14AaABAg,Neutral
UgxOpQ1bglgyY__zlwh4AaABAg,Neutral
Ugxopy1m-d0WgixHAih4AaABAg,Neutral
UgxOpZTWYEPNqyqdG5Z4AaABAg,Relatable
UgxOrSS7Sy-Xsi2Zfdt4AaABAg,Neutral
Ugxorvx903DwBNn-nNF4AaABAg,Neutral
UgxoSiIE9edZyWg6rvt4AaABAg,Neutral
UgxoTIpj89ccc2rfKo94AaABAg,Neutral
UgxOTMaM90b6uJV_vqh4AaABAg,Neutral
UgxotTodKuI1OcYVIst4AaABAg,Relatable
UgxOu49stgcx4em725p4AaABAg,Neutral
UgxougbeGhCarXIGZuF4AaABAg,Neutral
Ugxouo5UJQ77aNdtnB94AaABAg,Relatable
UgxOvwqSk4Vjo6HK4dN4AaABAg,Relatable
UgxovWzAxUcLFzZRFah4AaABAg,Relatable
UgxoW8pwMNfqKnPhzMl4AaABAg,Relatable
UgxOwaKDeL4LdeBDJ6Z4AaABAg,Neutral
Ugxowie9QGgdGlaqHyx4AaABAg,Neutral
UgxOwVaDSyV0PZ23ZHF4AaABAg,Relatable
UgxoX-x2ev_kj6yPfbB4AaABAg,Neutral
UgxoX6IXHgFXFFLu3114AaABAg,Relatable
UgxoXLEW82twFHT7wTd4AaABAg,Neutral
UgxoYe7O2Zw1XfszfbB4AaABAg,Neutral
UgxoynWx8oBKhMddpVh4AaABAg,Neutral
UgxOZBkgMFvk5l9cncl4AaABAg,Relatable
Ugxp_Gq6R_VboQu2VFh4AaABAg,Neutral
UgxP_z7VZ4pkTOt9fNd4AaABAg,Neutral
Ugxp-Joow7B0A0nNXz54AaABAg,Relatable
UgxP0JEbrJBgjLZxrCR4AaABAg,Neutral
Ugxp0OlxKAl0W_F6F-R4AaABAg,Relatable
UgxP2zliHeLyzWoS2Tt4AaABAg,Relatable
UgxP4PFyEsZT7sNARg14AaABAg,Relatable
Ugxp6yEUTa_cA3MKIB14AaABAg,Neutral
UgxpaRMa2cAlQwTc2cx4AaABAg,Neutral
Ugxpb-v7ZDxF_m5ZqYF4AaABAg,Neutral
UgxPbYRYtjr25Shf5uh4AaABAg,Relatable
UgxpC1rSK9PNXFQNx0R4AaABAg,Neutral
UgxPC52yiJYGqVvDqWp4AaABAg,Neutral
Ugxpcsl_PEVj7ALXqSp4AaABAg,Neutral
Ugxpcw7Z5ucoMs1fmkV4AaABAg,Relatable
UgxpdmP341fmFAn6Lq94AaABAg,Neutral
UgxpDoKzBRGpqIGfKjd4AaABAg,Neutral
UgxperfeX22SYoyq9zl4AaABAg,Relatable
UgxPexM0rKOqrFD3KBh4AaABAg,Relatable
UgxPfkUX7ZuKD4bdHI54AaABAg,Neutral
UgxpFpdq83qkGS_U4qB4AaABAg,Relatable
UgxpFtmDR-CLs7F_BK14AaABAg,Neutral
UgxPGGJpy5fktdqb0D14AaABAg,Neutral
UgxpgjoFuHxwLiTXOSZ4AaABAg,Neutral
UgxPhAueK7CqKv9W92l4AaABAg,Neutral
UgxPiCzlNaNPv5Po0kd4AaABAg,Neutral
UgxPiMavmi-JEiO5mtJ4AaABAg,Neutral
UgxpJLF9eJdtfGBBt2B4AaABAg,Neutral
UgxpKER4YyRfJ3dnRrF4AaABAg,Neutral
UgxPLVoS5j6Oxewt52t4AaABAg,Relatable
UgxpmtbVUM_4DFpj0Cp4AaABAg,Neutral
UgxPN9qdEhTIy2ZJSpp4AaABAg,Neutral
UgxPnC-RH8o0DwBZfDB4AaABAg,Relatable
UgxPnTYw4_3lDw8aC7J4AaABAg,Neutral
UgxpONF9EY9JR_oDF3d4AaABAg,Neutral
UgxpqgkL5bxDfDfu_hV4AaABAg,Relatable
UgxPQtQXNR7omqUzmDt4AaABAg,Neutral
UgxpRE8i9_MQzt82BXl4AaABAg,Relatable
UgxpRg8kLPOGut6gyYx4AaABAg,Neutral
UgxpSEWIoh8sLfK-k2Z4AaABAg,Neutral
UgxptLJSzHX1OMLhlCp4AaABAg,Neutral
UgxpTyLdDR6ZBQ97Asp4AaABAg,Neutral
UgxPU30RUfPvZc5hqmh4AaABAg,Relatable
UgxpUbOkBLTWpHMKeLt4AaABAg,Neutral
UgxpUHrDgRx9HiKhQQp4AaABAg,Relatable
UgxpVUVdl74runnsnDh4AaABAg,Neutral
Ugxpw0JXxXJ4B65dx7p4AaABAg,Neutral
UgxPWXsB55dyTWweWMd4AaABAg,Neutral
Ugxpx3_2sndiFu0l8gd4AaABAg,Neutral
UgxpxUjuTdRwwrbQnWp4AaABAg,Neutral
UgxPxXjrU-mNPCBHTZ54AaABAg,Relatable
UgxPXyqIGO4KXaR6fJR4AaABAg,Neutral
UgxpYIShgzSds5-aP0h4AaABAg,Neutral
UgxPYvMXeS5GW7apIkx4AaABAg,Relatable
UgxPZJHIsZDiP9gPFiN4AaABAg,Neutral
UgxpzLkhFF6u-vKGurJ4AaABAg,Neutral
UgxpZuro27lDcuxbgVV4AaABAg,Neutral
Ugxq_PZmmONvFjT1QSV4AaABAg,Neutral
Ugxq-siEtA7cyAMLzU14AaABAg,Neutral
UgxQ0DhShq9tmY_X_OZ4AaABAg,Neutral
UgxQ1ajJ8XjcIJ-0Yop4AaABAg,Neutral
UgxQ1JQh2_RJWgABgfV4AaABAg,Relatable
Ugxq1R1qoUvKmgFUjtd4AaABAg,Neutral
Ugxq24ItKXx3-IN3SOt4AaABAg,Neutral
Ugxq2uqmbDa4rwcrw-B4AaABAg,Relatable
UgxQ45m1L784Nief7NV4AaABAg,Relatable
Ugxq5vpQvAuAf-ZQcPB4AaABAg,Neutral
UgxQ5ZYhBKWBOCZHbw14AaABAg,Neutral
UgxQ68vtRhdETYm_Xph4AaABAg,Neutral
Ugxq7T1_TD0kEkW2Z-14AaABAg,Neutral
Ugxq7zJsHRkoYoGNoS14AaABAg,Relatable
Ugxq8mENxwHLILWwpzp4AaABAg,Neutral
UgxqAJTqGjFA9IEmbh14AaABAg,Neutral
UgxqaUhmQJa_58EbyXp4AaABAg,Neutral
UgxqAUxtT6CrSmOs21Z4AaABAg,Neutral
UgxQb8LaQhP7UXUMZXh4AaABAg,Neutral
UgxQbuL9RiENaRqxNsN4AaABAg,Neutral
UgxqBuUHtG55GSll_aJ4AaABAg,Neutral
UgxQbwAuwubRpxDSpIR4AaABAg,Relatable
UgxQc0RL5j1srsMQnV54AaABAg,Neutral
UgxQC8fBe7AsUQEQBVl4AaABAg,Neutral
UgxQcviMox7_c-5KaXF4AaABAg,Neutral
UgxQcX7y4Th8g9C6qTh4AaABAg,Relatable
Ugxqd7FXrplP7Tu2RuB4AaABAg,Neutral
UgxQd8tWMle3o_aXLjR4AaABAg,Relatable
UgxQGjOcKZzVABKf5DJ4AaABAg,Neutral
UgxqGVPuRYaCJ3bKHBJ4AaABAg,Relatable
Ugxqh_6vcEYNDXM6ucZ4AaABAg,Relatable
UgxqHabL8TKeVujjq3p4AaABAg,Neutral
UgxQIQv7MfsFzSd11F14AaABAg,Relatable
UgxqjGoecaLYnDyLOsh4AaABAg,Neutral
UgxqkgWBQqzbV-eiglp4AaABAg,Neutral
UgxqM-1DjriTWeWaZDN4AaABAg,Relatable
UgxQNkIp8ndO3FgJDxd4AaABAg,Relatable
UgxQNOgZRJrIjxCHXXZ4AaABAg,Neutral
UgxqO7TS_YsW8oAOlHF4AaABAg,Neutral
UgxQow8Jb8t865C4Szd4AaABAg,Neutral
UgxqOxX_vl1HNwqaZKZ4AaABAg,Neutral
UgxqPYb22vgPq1TcyR54AaABAg,Relatable
UgxQQa7fQ4i7QPaavb54AaABAg,Neutral
UgxqQbViRQQe4qcfIO94AaABAg,Neutral
UgxQqOcIbaTkXsz84m94AaABAg,Relatable
UgxQqsE7lx0gHm_6Gdd4AaABAg,Neutral
UgxQQuLSM_ONPGsawjB4AaABAg,Neutral
UgxQSZ_7TSPmdJ2_v-54AaABAg,Relatable
UgxQTAWioJGYWt7ZnfR4AaABAg,Neutral
UgxqthMN-4QkP2DYEr14AaABAg,Relatable
UgxqtlZXzlq9sVIiqe14AaABAg,Relatable
UgxQU_6d_BwTr_pEP3B4AaABAg,Neutral
UgxQuFjSbzR-lxugJP54AaABAg,Neutral
Ugxqv4EHBtC2I_b5A2t4AaABAg,Relatable
UgxqV5LabO0VpQIza9F4AaABAg,Neutral
UgxQvIBge0Gs3qbp64x4AaABAg,Neutral
UgxqwNYTGZKCXuezD3l4AaABAg,Neutral
UgxqxgvMzVS8hFEV1X54AaABAg,Neutral
UgxqZ0zL_pqyN34llnt4AaABAg,Neutral
UgxQZhjLrYDpvgvEt9x4AaABAg,Relatable
UgxqzUgHjlqIN0SvawB4AaABAg,Neutral
UgxQzUnnE4-P09Pi-g54AaABAg,Relatable
UgxR_b8zC-47z6ALFnh4AaABAg,Relatable
Ugxr0YyHbOgFeoqsMnZ4AaABAg,Neutral
Ugxr1M1-woS9tfzWOPh4AaABAg,Neutral
Ugxr35J_Q-_EF4UxHEN4AaABAg,Relatable
Ugxr3JtvUosMwNFvcJ54AaABAg,Neutral
Ugxr4jpJ_EvxbSEwC-14AaABAg,Neutral
UgxR4OJo36rlSAQIiAl4AaABAg,Neutral
Ugxr4wlaV0nBYun4jgF4AaABAg,Relatable
UgxR5PPPVU3MAVTOe4l4AaABAg,Neutral
Ugxr7kbyVh_2sIuMN6t4AaABAg,Relatable
Ugxr9CkFJYpKhuPt0xV4AaABAg,Relatable
Ugxra7bmiGgb-AobfI14AaABAg,Neutral
UgxRaBKCkQWJGYdQgk54AaABAg,Neutral
UgxrAifyRM1o9u2nLJx4AaABAg,Neutral
UgxRAksGChUeJczaX1B4AaABAg,Neutral
UgxrAM9Qg877P5mazxh4AaABAg,Neutral
UgxRaMV0eU-p4Ab-uGZ4AaABAg,Neutral
UgxRBabyNqvkCJZXfvN4AaABAg,Neutral
UgxrBaxy_EZ6JClGLJl4AaABAg,Relatable
UgxrBdpZmeLAlgravhl4AaABAg,Neutral
Ugxrchj-9PDG1zw9KNh4AaABAg,Neutral
UgxrcXJJ30p3rMb4QiB4AaABAg,Neutral
UgxRCYF-PuPEe1pigRN4AaABAg,Neutral
Ugxrdx8LFCh28M9e4jV4AaABAg,Neutral
UgxRe9Yy9U4d5ze_0HJ4AaABAg,Neutral
UgxrEmWNevL7ZZBq0vh4AaABAg,Relatable
UgxREtzQMSdXZnL7sGJ4AaABAg,Neutral
UgxRfgK1-Cxdr3Mefld4AaABAg,Neutral
UgxRFnfRzRuf6-QUW394AaABAg,Neutral
UgxrFNwHpmM4H3WmbnN4AaABAg,Neutral
UgxrfVjOvmgFi46sRqZ4AaABAg,Relatable
UgxRGZCdeBpXrZ2byLp4AaABAg,Neutral
UgxRH0-ygHDx4w3iJwd4AaABAg,Neutral
UgxrhLs2pVV8gG5JVPp4AaABAg,Neutral
UgxRi2gZNgSdZcyKy2N4AaABAg,Neutral
UgxriCutbBkZPRMA0Kt4AaABAg,Relatable
UgxRiyckyKdV2xmFAdR4AaABAg,Neutral
UgxRjUFPv4QRi2gOKLF4AaABAg,Neutral
UgxRjUQCDTW68I905H54AaABAg,Relatable
UgxrjY-QnoDOfM2rs454AaABAg,Neutral
UgxRK6vAYaf00zSazB54AaABAg,Neutral
Ugxrk8J-dqju0OoTt4x4AaABAg,Neutral
UgxRk8mkAOQzrUoDcRF4AaABAg,Neutral
Ugxrl-yt7szr8ZL7Xlp4AaABAg,Neutral
UgxRl5MQCGc03KSCkCd4AaABAg,Neutral
UgxRlBF-n8afAchAeQp4AaABAg,Neutral
UgxrlQ8T3MpnZz7hipR4AaABAg,Relatable
UgxrLT7c6x-UaP-3oxJ4AaABAg,Neutral
UgxRLvI-hLegP9bQSMh4AaABAg,Neutral
UgxrMtkGDzOwqM6x1gB4AaABAg,Relatable
UgxrNN-lOKaHg-PTpo94AaABAg,Relatable
UgxRop6xzhvG0AXY5GB4AaABAg,Neutral
UgxRopUG5Jv7SUljvi94AaABAg,Neutral
UgxrOUraly6gIoEZTLp4AaABAg,Neutral
UgxRp1yqwHcS31wLTY54AaABAg,Neutral
UgxRPY4slbbDHFdZyhl4AaABAg,Neutral
UgxRq8OEqj-UIbzVyC54AaABAg,Neutral
UgxRQtmnJAbKcoN5gop4AaABAg,Neutral
UgxrrMs1WkdDmkyfY314AaABAg,Neutral
UgxrryR88VZQYPo0r7N4AaABAg,Neutral
UgxRS6RKWI90FxJ-bPl4AaABAg,Neutral
UgxRtdG_newT4YzEy7l4AaABAg,Relatable
UgxRtSkPuUplR-DVq7Z4AaABAg,Neutral
UgxRur3ixODNcGmDowx4AaABAg,Neutral
UgxRUT_Hl1j1EfL3jz14AaABAg,Neutral
UgxRV4J9i6sdVyWjDW54AaABAg,Neutral
UgxRvOajpvtiwpndMkB4AaABAg,Neutral
UgxrvVQLsThF3sATQIR4AaABAg,Neutral
UgxrW2hCJvy1JLX40qV4AaABAg,Relatable
UgxRWBK74FFM8UKHTJl4AaABAg,Neutral
UgxRXCBgtn3O9_vy_SJ4AaABAg,Relatable
UgxRXIDqKHL63hrdQ1R4AaABAg,Neutral
Ugxry8feuEJqodOGvM94AaABAg,Relatable
UgxRYxetDsaWVv1vYup4AaABAg,Neutral
Ugxrz91zVulYkQim9vt4AaABAg,Neutral
UgxS_wOo8_rOEaD0vzp4AaABAg,Neutral
UgxS-BB2zZmli0b60QN4AaABAg,Neutral
Ugxs2MRRpf1cuucLkbV4AaABAg,Relatable
UgxS5aKPJgqiO17EpEJ4AaABAg,Neutral
UgxS7R1_2t7mj0rpdxZ4AaABAg,Neutral
UgxS80r_DgOV1aIk0zN4AaABAg,Neutral
UgxS9HePy7hm0fn1vVd4AaABAg,Neutral
UgxS9SD3fTVgLHzP3yh4AaABAg,Relatable
UgxSaMwZPWWZd9KW9bp4AaABAg,Relatable
UgxsAprdYjjCFmueXAB4AaABAg,Neutral
UgxSb_dD4DrL-JEIBaZ4AaABAg,Relatable
UgxSbMFJRzgiwn8tVA14AaABAg,Neutral
UgxSBS-tbH82CHc5cjp4AaABAg,Neutral
UgxsBy0QKFuodj30i1Z4AaABAg,Relatable
Ugxscd9hJgC0dPh9vZJ4AaABAg,Relatable
UgxsCRAbELdll4kGfb54AaABAg,Neutral
UgxsCXZ6jXBpoD30TlZ4AaABAg,Neutral
UgxScYJDMbglN4aAX_B4AaABAg,Neutral
Ugxsd-7vrYmjQoV361d4AaABAg,Neutral
UgxsdG6nEZWADzomGW14AaABAg,Neutral
UgxSdjy-5ROohIEZZLt4AaABAg,Neutral
UgxsDSfIRl2GNCRk9fp4AaABAg,Neutral
UgxSE4xmwioY1qDl7UN4AaABAg,Neutral
UgxSEh1DVKQ-bDXEKct4AaABAg,Neutral
UgxSeh7n6qW3akmV5NJ4AaABAg,Relatable
UgxSeOT4H7sc6yY-GHV4AaABAg,Neutral
UgxSEs3nkSIMyxwbHEt4AaABAg,Neutral
UgxsG9Ha7CxxxAKE3Up4AaABAg,Relatable
UgxsGuIuU6iN9sEFsJh4AaABAg,Neutral
UgxSI_mUMgJjA3EW3XF4AaABAg,Neutral
UgxSivEz8F5bkcP_RMd4AaABAg,Neutral
UgxsJ1xwvtgmo2K9rwl4AaABAg,Relatable
Ugxsk3_OICWYQYgaflF4AaABAg,Neutral
UgxskbrU2-tZFpKxBBF4AaABAg,Neutral
UgxSkdRRcgb6FbB-3Dx4AaABAg,Relatable
UgxsKk4XLJ0fzUOlAX14AaABAg,Neutral
UgxSLhuBanfjP7M1Prl4AaABAg,Neutral
UgxsLTAlQGzansROQS94AaABAg,Neutral
UgxSmnJsw9DPZNKPWmN4AaABAg,Neutral
UgxsnOukcgWnFZMXDKt4AaABAg,Neutral
UgxsnyAZQRCxg5njNot4AaABAg,Neutral
UgxSpkIDLyPYNfyIby94AaABAg,Neutral
UgxSQ1SF_e4X_YEUgpR4AaABAg,Neutral
UgxSq58HrieriMR-4814AaABAg,Neutral
UgxsqkaxnSNLwvBAUUd4AaABAg,Relatable
UgxSqr0IS_aHv46aro54AaABAg,Neutral
UgxsqtXD0Arx_ON4Lcx4AaABAg,Neutral
UgxSRDxzNIqJPHQBM1N4AaABAg,Neutral
UgxSrwsquwlD2mfFmOt4AaABAg,Neutral
UgxsSeJyVn5KcG3AVaF4AaABAg,Relatable
UgxSsMQChpdrotYcU9N4AaABAg,Neutral
UgxsSmWuEzpCcrdZcwl4AaABAg,Relatable
UgxSSVruodUMuZUOTSh4AaABAg,Neutral
UgxSTEUjateyvSwpr5d4AaABAg,Relatable
UgxstZIogUjDH7pfiiZ4AaABAg,Neutral
UgxSU0ewobs0EOq7H9N4AaABAg,Neutral
UgxsulGflupgq1xTU3p4AaABAg,Neutral
UgxSvvRrRbfdM_BRU4N4AaABAg,Relatable
UgxSvxD6lqjwFJBAytp4AaABAg,Relatable
UgxsWa4g4wWV9F1-LlB4AaABAg,Relatable
UgxsWk2ZtEuFYo0_TFB4AaABAg,Relatable
UgxsWSp5oOFwZ-7G1Yh4AaABAg,Neutral
UgxSX3kmeQIDlRLk-_94AaABAg,Neutral
UgxSy_KvqvQyn5MtqON4AaABAg,Neutral
UgxsZpqa0wyEpkYcpRp4AaABAg,Neutral
UgxT_gwvn1QniNqK6CJ4AaABAg,Neutral
Ugxt0ANG2EZIOt8zY214AaABAg,Neutral
UgxT0eCyPnwdEtp6OEp4AaABAg,Relatable
Ugxt0x-vrkUWkWVucSR4AaABAg,Neutral
Ugxt2nk73cIFT3cezPF4AaABAg,Neutral
UgxT4upodR3UESs9-T54AaABAg,Neutral
UgxT5bDCvfGOcGJdr-p4AaABAg,Relatable
Ugxt5CgUEQxwGWPZMeF4AaABAg,Neutral
UgxT7_D976e57X61k8V4AaABAg,Neutral
UgxT75J0c_QcSK6NDKh4AaABAg,Neutral
UgxT7Ir-JgBPN2kzNpV4AaABAg,Neutral
Ugxt7SqA_OPrxietlKB4AaABAg,Relatable
Ugxt7WzzPs8Get6XWnB4AaABAg,Relatable
Ugxt91d2yPRhD4IV5yV4AaABAg,Neutral
UgxtaeC4EoDNFzklwQJ4AaABAg,Neutral
UgxTAqSp9UR5zaATtRh4AaABAg,Relatable
UgxTaTOOWoUeXsPKRfZ4AaABAg,Neutral
UgxtC8MWR8J-g0NCjPJ4AaABAg,Neutral
UgxTCK2gN7Ng8tqAaLp4AaABAg,Neutral
UgxTF0Te9AhbIqcNbtJ4AaABAg,Relatable
Ugxtf20T7SM9i5DSC9N4AaABAg,Neutral
Ugxtf4mZGbM09MM5zBh4AaABAg,Neutral
UgxtFgNUZY66J6QTbnF4AaABAg,Relatable
UgxtfHwLj4bOZpOLDxt4AaABAg,Relatable
UgxTGaW_N5PZWSJaC694AaABAg,Neutral
UgxTHB2Y_U9OCbVkDhN4AaABAg,Neutral
UgxThLOd17osp30y7rx4AaABAg,Neutral
UgxTIEZMOXK4-d0vUoF4AaABAg,Neutral
UgxTiNY7yq3XP04ICDJ4AaABAg,Neutral
UgxtjbQ7Jn5poRtvF0J4AaABAg,Neutral
UgxtJge4rCwo6kLb5qx4AaABAg,Neutral
UgxTJhk_Kn05t4kfdtt4AaABAg,Neutral
UgxTJijYuG9iqai5f8J4AaABAg,Neutral
UgxTJx5REbz0KgQ06Xx4AaABAg,Relatable
UgxTkb3wnnvk-tNXVnB4AaABAg,Neutral
UgxtKOxBqyguVKwNhFx4AaABAg,Neutral
UgxTKxMg7Ja-q3IlQNV4AaABAg,Neutral
UgxTlcdPRA-QScqCPUp4AaABAg,Neutral
UgxtLcu7nzVizcB-zFJ4AaABAg,Neutral
UgxtlgtPZByrzx1YBXp4AaABAg,Neutral
UgxtnbL7lcHcV6g8deV4AaABAg,Relatable
UgxtnHL8tCDtIgey4Oh4AaABAg,Neutral
UgxTnQiuvgqeF4e-e5R4AaABAg,Neutral
UgxtnqMQNUQ7HfFgqOR4AaABAg,Neutral
UgxTocGmOAVs0crIvv54AaABAg,Relatable
UgxToICstg6kzMuY7gt4AaABAg,Neutral
UgxtpT2DsbzLXRbF6AZ4AaABAg,Neutral
Ugxtq8qw_UHBDLNYMXx4AaABAg,Neutral
UgxtQLQ_5kXt2Bpimpt4AaABAg,Neutral
UgxTQtrH2xFjvDKp5hl4AaABAg,Neutral
Ugxtr7tBZyFIaCQ8puZ4AaABAg,Relatable
UgxtrSvg5uU1XJafDLV4AaABAg,Neutral
UgxTrTdO6lY1FvC4D9h4AaABAg,Neutral
UgxTS3JvJBIdF3xWeld4AaABAg,Relatable
UgxTSA-oGgJ7wWHAArl4AaABAg,Neutral
UgxTSaKqo81PV5c9D5h4AaABAg,Neutral
UgxtsCqaDc9GN6zRYmJ4AaABAg,Relatable
UgxtscYdsrR0nW14L2d4AaABAg,Neutral
UgxTsu0Ug6r8jr_WDCJ4AaABAg,Neutral
UgxttnKefcKRX3UqeCF4AaABAg,Neutral
Ugxtuj7DPQyGW1cpiaV4AaABAg,Neutral
UgxTuqZ55WRu3DDSWg14AaABAg,Neutral
Ugxtv6Sv_WQYzzMIZsh4AaABAg,Neutral
UgxTv7jgTDU98TYXKix4AaABAg,Neutral
UgxTvk2rtXaA6VdLgE14AaABAg,Relatable
UgxTw74vzjr9IxjyD2p4AaABAg,Neutral
UgxtW7dlpFQAuGWngl94AaABAg,Neutral
UgxTWAWxG5-pykA1UB54AaABAg,Neutral
UgxTwAZBUiRwefgBpjV4AaABAg,Relatable
UgxtWXDNleqWm0nGPC54AaABAg,Relatable
UgxTWZhGjqWzixpG9g54AaABAg,Neutral
UgxTXEuk8VLoWdcewrV4AaABAg,Relatable
UgxTXG7xMsTv1i2In9l4AaABAg,Relatable
UgxtXTWCMnsAC64YuId4AaABAg,Relatable
UgxtXUNF5kdcbA6XlId4AaABAg,Relatable
UgxtYf8-UYOglZgFEVR4AaABAg,Relatable
UgxTyNtc4AvMoMjW6q14AaABAg,Neutral
UgxTZd-x-N_7GJbCdzV4AaABAg,Neutral
UgxTzt_wWYQyNmrKJBF4AaABAg,Relatable
Ugxu-3as02altLwxEK94AaABAg,Neutral
Ugxu-JmLHZH6wDaythR4AaABAg,Neutral
Ugxu-lwRh_pfMbET9154AaABAg,Neutral
UgxU1zpGStlD3DB5XCR4AaABAg,Relatable
UgxU4bRJEhU0x0T-rmN4AaABAg,Neutral
UgxU5zNIFvDpsc90LB54AaABAg,Neutral
UgxU8qKrOTtKn5PNavV4AaABAg,Neutral
Ugxu8ukw_Pi83LkVVD54AaABAg,Neutral
UgxU8XAUSj3aEaMSoo94AaABAg,Neutral
Ugxua9E61b0naewKCn54AaABAg,Neutral
UgxUC5pldMcInSMB5xd4AaABAg,Neutral
UgxuCoo8bJH-Xd3muFZ4AaABAg,Neutral
UgxucpC5fH7ZOPsdfiB4AaABAg,Neutral
UgxUD4CqjYQ2HlBIHrp4AaABAg,Neutral
Ugxue02lC-Zzu8vhg394AaABAg,Neutral
UgxuEJGPcRevrttNtB54AaABAg,Neutral
UgxuG7qeqEFaZ-r2BsV4AaABAg,Neutral
Ugxug9JjinN97GJKKgt4AaABAg,Neutral
UgxUgZH6ga2B-k8VViN4AaABAg,Neutral
UgxUh04PbmMxcEgSnaF4AaABAg,Neutral
UgxuH2m087sN6xyQUvl4AaABAg,Neutral
UgxuHK5uOy8V2wmLSMd4AaABAg,Relatable
UgxUi39kgFi_6UZ0jD14AaABAg,Neutral
UgxUiWx0IOwo-p6ibCN4AaABAg,Neutral
Ugxuj1T_Hyw9Us0sA8l4AaABAg,Neutral
UgxUj8gYpO4m-LQuydl4AaABAg,Neutral
UgxUkAWkoDOgFfQf9Ql4AaABAg,Neutral
UgxUKFVIiSPQbZ1p96J4AaABAg,Neutral
UgxuKqw0MPhH9_EwOdF4AaABAg,Relatable
UgxunrlbX2CDfOoAG2N4AaABAg,Neutral
UgxuO9UTnBzhtKQS5b94AaABAg,Relatable
UgxUOcjhLptICt7Srwx4AaABAg,Relatable
UgxuokVVNbAn-kQFHoR4AaABAg,Neutral
UgxUP45X0l3d9jeCwQ54AaABAg,Neutral
UgxUpSY-8vozCMhu5KJ4AaABAg,Neutral
UgxUPZaSXfPWd1ywljl4AaABAg,Neutral
UgxUQ2QZnqP6wpF9sKN4AaABAg,Relatable
UgxuqBRRa8LjrWYsWvF4AaABAg,Neutral
UgxUqIX9UOXCqehYnwx4AaABAg,Relatable
UgxUR7Nk3O9baBRSr514AaABAg,Neutral
UgxURKFfaAu2Vh5nGvF4AaABAg,Neutral
UgxUrpFqYdf8VAyJpTJ4AaABAg,Neutral
UgxurQGXhRgcT1nSCh54AaABAg,Neutral
UgxuSBsWDk_qDqdK-aN4AaABAg,Neutral
UgxUShGicrgFncP1nx14AaABAg,Relatable
UgxuVAp_z9h0k1jspWx4AaABAg,Relatable
UgxUvPswHEgg1GTgbd54AaABAg,Neutral
UgxuVYcz7ezlX595n8V4AaABAg,Neutral
UgxuW3BxOikT-wHTjf94AaABAg,Neutral
UgxUWm9nCMFMtdq6NEV4AaABAg,Neutral
UgxUX8TaczkoDDCf6G94AaABAg,Relatable
UgxUY4d9PTlFeJimg054AaABAg,Neutral
UgxuYgpIbAWAPpQr7mJ4AaABAg,Relatable
UgxuZN495xhZBnDAqKB4AaABAg,Neutral
Ugxv_bgqvwtt6YrXV494AaABAg,Neutral
Ugxv--C3Gd-QQ9Os-VJ4AaABAg,Neutral
UgxV-XzG5MUcZCG9Yqh4AaABAg,Neutral
UgxV2b1WuXjnn6E8msF4AaABAg,Relatable
Ugxv3e3D9-FOeqfFUmR4AaABAg,Relatable
Ugxv5BscXMBfRXVSrgx4AaABAg,Neutral
UgxV84lYjy1CErr4lIl4AaABAg,Neutral
UgxV91G5rpR2zzWhohZ4AaABAg,Neutral
UgxV9OjM04pk9djMOTJ4AaABAg,Neutral
UgxVA55HbF6IlPKh2N14AaABAg,Neutral
UgxvAfZPhTsa40kSHol4AaABAg,Neutral
UgxVAHuYHcYVsPG9KVd4AaABAg,Neutral
UgxVbebm79UL33c2qIR4AaABAg,Relatable
UgxVBildFJRIaQynPJZ4AaABAg,Neutral
UgxVbtXauDkr5EsHXnZ4AaABAg,Neutral
Ugxvcpma2UsSZraoA1B4AaABAg,Relatable
UgxVCwZTJaFDGDbDnKJ4AaABAg,Relatable
UgxVdQVTFf2Vt4AS16Z4AaABAg,Relatable
UgxvEpzs7wUzIgd4f6J4AaABAg,Relatable
UgxVEYSFOpVWQW5Fd914AaABAg,Neutral
UgxVFFz0P8vN4RuZy-x4AaABAg,Relatable
UgxVfHWcldAUFIPGIIZ4AaABAg,Neutral
UgxVGMMmIbxerJo-Z3V4AaABAg,Neutral
UgxvGTgQOVXTtbKFIl94AaABAg,Neutral
Ugxvh3THHx1YSNo9QuF4AaABAg,Relatable
UgxViIItR8TMXNyF6XZ4AaABAg,Neutral
UgxVIUutZFJnD8XWlzh4AaABAg,Relatable
UgxVJL7jMPEIwgeMaXp4AaABAg,Neutral
UgxvJmNIq-MmF19Wus54AaABAg,Neutral
Ugxvkhz6n_g0oqfcyhd4AaABAg,Neutral
UgxVkkSriXgfQpcl5EZ4AaABAg,Neutral
UgxvKO22s9F73NmyYJR4AaABAg,Neutral
UgxVKRDCO3bi6Lotg4Z4AaABAg,Neutral
UgxvKRg8NqVeYKxIFJ94AaABAg,Neutral
Ugxvla7bkRf-C60Rvnx4AaABAg,Neutral
UgxvlB7e76L-9P4iwAZ4AaABAg,Neutral
UgxVMwcLKww-CC_3u1x4AaABAg,Relatable
UgxVnjH1utzu6QzNmTl4AaABAg,Neutral
UgxvnSVnwpWDsGHz4dN4AaABAg,Relatable
UgxVNvuugeT6XPhHQIR4AaABAg,Neutral
UgxvnXmuTa1voDRIO-p4AaABAg,Neutral
UgxVpNEPevU7oYONieJ4AaABAg,Neutral
UgxVqbNzDaQ5m3927P14AaABAg,Neutral
UgxvQGtSZR71N2o-ATB4AaABAg,Neutral
UgxVR2_o4kGEABdP_Rd4AaABAg,Neutral
UgxVr9GE2J7acTE-r5V4AaABAg,Relatable
UgxvReWO9xpzo8vznSd4AaABAg,Neutral
UgxVsG7p7HXZyNK9k5l4AaABAg,Neutral
UgxvspgKiiJgbwAJC1B4AaABAg,Relatable
UgxvSU0nsvANstea8rB4AaABAg,Relatable
UgxVSyIZ6SnDS1TwBkZ4AaABAg,Neutral
UgxVtg_BuzMbYbOmNk14AaABAg,Neutral
UgxVthspPl35-NCCzjV4AaABAg,Neutral
UgxvtiH-in2EoFuf1i14AaABAg,Relatable
UgxvTob6k6WZEpY8mI94AaABAg,Neutral
UgxvV4TOUbwMSYMwL_R4AaABAg,Relatable
UgxVWCln1x4EnULYHml4AaABAg,Relatable
UgxVx4kusLTKgr5VYIN4AaABAg,Neutral
UgxVYCCW0is-rG6cdzV4AaABAg,Neutral
UgxvYgMZzsulN8pUEyN4AaABAg,Neutral
UgxVz0CqxvLZibh8Fn94AaABAg,Neutral
UgxVZYzqyzms0n9HPKB4AaABAg,Relatable
UgxW-8marTs3_ocAhZ94AaABAg,Neutral
Ugxw-lz2euNfDm4p7ah4AaABAg,Neutral
Ugxw1SbPI1CEzoSYUTV4AaABAg,Relatable
Ugxw33NNvB2rdTma23p4AaABAg,Relatable
UgxW4ltL_uQVvYlKnIR4AaABAg,Neutral
Ugxw4tRiFpnq_Sy6f8l4AaABAg,Neutral
UgxW5kz4m3jyovCZPrl4AaABAg,Neutral
Ugxw60ThO78zoOjXSWx4AaABAg,Neutral
UgxW9nWpAC0ZU3_OZQR4AaABAg,Neutral
Ugxw9UiVP9Gthqs9N3h4AaABAg,Relatable
UgxW9V9-dYuRZW4GiVB4AaABAg,Neutral
UgxWA9ql1LtZbfXVIhJ4AaABAg,Relatable
UgxWawAkcxfbeieLR7V4AaABAg,Neutral
UgxwBng1Pzc-ulC_nUN4AaABAg,Neutral
UgxWchAPDc41ABZUGCh4AaABAg,Neutral
UgxWDDfih8r8EDM0pPp4AaABAg,Relatable
Ugxwe_6j42-kBZtqINd4AaABAg,Neutral
Ugxwe3Sbe3vAMGxLuaZ4AaABAg,Neutral
UgxwF9tz-3HSF6Ggatp4AaABAg,Neutral
UgxwGaVlyh9Xc6-QcXh4AaABAg,Neutral
UgxWGTTLdZBUZPcnV_N4AaABAg,Neutral
UgxwGuYS7c1g-wUStZl4AaABAg,Neutral
UgxWhdJuyIJlkGUnRD54AaABAg,Neutral
UgxWhDYCk49UfR15Zrh4AaABAg,Neutral
UgxWHJDvfqNoyPw6cMZ4AaABAg,Neutral
UgxwHjPbKUGQCDUaxxF4AaABAg,Neutral
UgxwHpYGWUaytcOwk4B4AaABAg,Neutral
UgxwHzJ265OgszHiEIZ4AaABAg,Neutral
UgxWI4KDvt6fXZWHGeJ4AaABAg,Neutral
UgxwjU59rTwBHQsedXd4AaABAg,Neutral
UgxWk6Ejhn3Z4a_En-t4AaABAg,Relatable
UgxWkGa_TcphUfllJ-Z4AaABAg,Relatable
UgxwKPLMZAAb-DZ24NF4AaABAg,Neutral
UgxWm1rFbVvuZU8YygB4AaABAg,Neutral
UgxWMmVq4xF_izlevuR4AaABAg,Neutral
Ugxwn20YIagJjisGzb54AaABAg,Relatable
UgxWNQVJVmZhKTj4EVh4AaABAg,Neutral
UgxwOQgBPfcfHBEmg294AaABAg,Neutral
UgxWOYKMbPtUnWA5EOB4AaABAg,Neutral
UgxwPtWCX3DuUYfKczx4AaABAg,Relatable
UgxwPUaa7_hBhkC30414AaABAg,Relatable
UgxWQBSwix9QBgdwEo94AaABAg,Relatable
UgxWqLWqw_C2l2ggBPl4AaABAg,Neutral
UgxwrZVm12VEUtEOi1Z4AaABAg,Neutral
UgxWSCTvef3g6MN6Vn94AaABAg,Neutral
Ugxwseak5JqCyS8UDql4AaABAg,Neutral
UgxwSNuTENKgG914vYt4AaABAg,Relatable
UgxWSqecWDy9dpsChPh4AaABAg,Neutral
UgxWTgL0FvMK7dpvftN4AaABAg,Neutral
UgxWtLDwXW8X_ao5ekB4AaABAg,Neutral
UgxwuaqgPMkFRun4Dyh4AaABAg,Neutral
UgxwV5hH-8OXPKn1pC54AaABAg,Neutral
UgxWwbyqsIyt-8i1cx14AaABAg,Neutral
UgxwWmfRDfCVk_oAWlZ4AaABAg,Neutral
UgxwXmwNkYQXtQlMIMN4AaABAg,Neutral
UgxwYfc9N0edzN8BWit4AaABAg,Neutral
UgxwYnBZXqQadAeRSwl4AaABAg,Relatable
UgxWYqGIWUmfpKav1ox4AaABAg,Relatable
Ugxwyxj-gtcHwtSJvOt4AaABAg,Relatable
UgxWYyZMi-VzEjy2E0V4AaABAg,Relatable
UgxWZnIyhYE0UFJKkOJ4AaABAg,Neutral
Ugxwzxy5mGgEnc_0ITN4AaABAg,Neutral
UgxWZZvFmbcfv7sqZN94AaABAg,Neutral
Ugxx-qT8ybiZJw22SHx4AaABAg,Neutral
Ugxx0dOGNqarKToxMfB4AaABAg,Relatable
UgxX2XQjj8uyhuxFUKJ4AaABAg,Neutral
UgxX3Tcraveloqfsxgp4AaABAg,Neutral
UgxX77ue7emRfdsstml4AaABAg,Neutral
UgxX8f3aaSyKeP8Kggh4AaABAg,Neutral
Ugxx9tnd91HPcaftd-p4AaABAg,Neutral
UgxXabncA7JZHcDXKw14AaABAg,Neutral
UgxxAF26mkP9lG9MmS14AaABAg,Neutral
UgxXAml_sNHMl6gYUEh4AaABAg,Neutral
UgxxAx0pWW1KVZHjK2F4AaABAg,Relatable
UgxXbAP9aWeqqP0fL314AaABAg,Neutral
Ugxxbcqk4E8XnZwE0CR4AaABAg,Neutral
UgxxBhCtWCEirEXwRkN4AaABAg,Neutral
UgxxbVniGmacK4McrG14AaABAg,Neutral
UgxXbxxESyxpN74Ox-14AaABAg,Relatable
UgxXCh1Tvl1Iu-aVmGp4AaABAg,Relatable
UgxxcsSL1NqWJjK18gl4AaABAg,Neutral
UgxxD3UvzaowY1v8IvZ4AaABAg,Relatable
UgxXFopKi3VMr9cOvih4AaABAg,Neutral
UgxXgW-JAc5TgJ1UX6J4AaABAg,Neutral
UgxxGyGGVaqARqge-0d4AaABAg,Neutral
UgxXhJhSs-jbCZIt4Ax4AaABAg,Neutral
UgxxiP4rqNMfNo349nt4AaABAg,Relatable
UgxXiQwTs6Mr3R0Fs-R4AaABAg,Relatable
UgxXiwgiN0gHCuHjN314AaABAg,Neutral
UgxXj_fmg-BWrifw2H54AaABAg,Neutral
UgxXJht5_vkFlcRjgt54AaABAg,Neutral
UgxxLdaDm9xnKAxLTvh4AaABAg,Neutral
UgxxLjQ7kSqjRh1RvsF4AaABAg,Relatable
UgxxLRhblqfWO6Iif4p4AaABAg,Relatable
UgxXls5ZXFacpicXKsF4AaABAg,Relatable
Ugxxm-fk4h2GIna0u4F4AaABAg,Neutral
UgxXmahMk2szdwM-rhF4AaABAg,Neutral
UgxxMt0QYzcZyn9wXGN4AaABAg,Neutral
UgxXN-UAa_b70KaZcxZ4AaABAg,Relatable
UgxxnJldfuYlQNH8WyF4AaABAg,Neutral
UgxxpH9ZBPbhDUfb6lp4AaABAg,Relatable
UgxxPHuxpKZb5LIvGGZ4AaABAg,Neutral
UgxxpOdLa9i3rFj-2LV4AaABAg,Neutral
UgxXpRsf0vY1woY4ykJ4AaABAg,Neutral
UgxxPZFmnddZ18mHLnR4AaABAg,Neutral
UgxxqfqJFNExcyYvSvx4AaABAg,Neutral
UgxXqxjCIp8iMVDmgf94AaABAg,Neutral
UgxXR0UQJaps0EB5ygB4AaABAg,Neutral
Ugxxs-ftXsb_kLTVsAt4AaABAg,Relatable
UgxxSjDBWReTnJdTqMt4AaABAg,Neutral
UgxXt30lQR9Ck-a8MY94AaABAg,Neutral
UgxxTDwsDO_qzVoq2aR4AaABAg,Relatable
UgxXTQax268HSEgjNW94AaABAg,Neutral
UgxXUQc-vsjr_ferPu14AaABAg,Relatable
UgxXV5g5oZy04im3Plx4AaABAg,Relatable
UgxXWc-9vMfB8krmHSx4AaABAg,Neutral
UgxxwfEiHcDT7g2Hx-l4AaABAg,Relatable
UgxXWFXWpy5oNqyHcR14AaABAg,Neutral
Ugxxx9yE6pGMs7hI_Zx4AaABAg,Neutral
UgxxXjESMtICfjuQIhl4AaABAg,Neutral
UgxxY0JxF_Z6w1L2Sat4AaABAg,Relatable
UgxXz-9Vr2WJNtWmjSV4AaABAg,Neutral
UgxXz2DnaksnJlTRydN4AaABAg,Relatable
UgxxZMMfh_RM3p3gKTR4AaABAg,Neutral
UgxXzxC9fkZkdMGik2B4AaABAg,Relatable
UgxY_5-paZz06wmyKe54AaABAg,Relatable
Ugxy_F9KOmIo1g5WWj14AaABAg,Neutral
UgxY_oiX8HkhBeMFbxp4AaABAg,Relatable
UgxY-0h7uKti2lM0C4F4AaABAg,Neutral
UgxY-hXFKWENlocVQyN4AaABAg,Relatable
Ugxy03RXnnBWtDwjrVB4AaABAg,Neutral
UgxY0H4lgSN8lUR2Z654AaABAg,Neutral
Ugxy1kWEaHjsjOrJzrx4AaABAg,Relatable
UgxY1OdeK0krs6I4Pa14AaABAg,Neutral
Ugxy1TYgrmidu66gGRt4AaABAg,Neutral
Ugxy3hQe9IOg9t_bK7h4AaABAg,Neutral
Ugxy67yQRtyOErVKTt54AaABAg,Relatable
Ugxy7ODjOTp_UX6zkmB4AaABAg,Neutral
Ugxy81GRGk36dcSo-Wx4AaABAg,Neutral
UgxYASAbcvohXUJ84zB4AaABAg,Relatable
UgxYB_AHtkNmZshOcUB4AaABAg,Neutral
UgxYBH8V_FLF-6YAKV94AaABAg,Relatable
UgxyBZnUia-oHkAUmzt4AaABAg,Relatable
UgxyCmnOWSyXE8-RaI14AaABAg,Relatable
UgxyCMSM8DbIjuKF3Cp4AaABAg,Neutral
UgxYdbRCIDdtcGCDcB14AaABAg,Neutral
UgxydqpjeD_ky0Q3WdR4AaABAg,Neutral
Ugxye8sX7IolvUDCFZt4AaABAg,Neutral
UgxYG6DLUKS593oJmUF4AaABAg,Neutral
UgxygURDbXOPS4Y68TB4AaABAg,Neutral
UgxyH4_c8fwJEcuVHtp4AaABAg,Neutral
UgxyhT7MbPWw5KKp-GV4AaABAg,Neutral
UgxYibHB6eif2cPcG5p4AaABAg,Relatable
UgxYJ0mkE8aILoiSn2l4AaABAg,Relatable
UgxyJ3Y7PlLA1ocP81h4AaABAg,Relatable
UgxYjT34xwPKoDcRaTF4AaABAg,Neutral
UgxYKPzv3PkYZd7D_xd4AaABAg,Neutral
Ugxyl28zuEkzCgxZ53h4AaABAg,Neutral
UgxyLKJUsDbQEuKZxRJ4AaABAg,Relatable
UgxYlsSd5CkVhcQp9n54AaABAg,Neutral
UgxYMFAAj7DvwPhN-T14AaABAg,Neutral
UgxymJR5MXgsgRhbt7x4AaABAg,Neutral
UgxyNeQPORHjAXEVotR4AaABAg,Relatable
Ugxynua04viG4XAi6A14AaABAg,Neutral
UgxYOIImJzJSCaY3hIt4AaABAg,Relatable
UgxyOO9CDfmD3Ad0N2d4AaABAg,Relatable
Ugxyox0LCMc7AiR8cud4AaABAg,Neutral
UgxyP8XhRz6M3OJp-E94AaABAg,Relatable
UgxypKKxcStiJj_D3TB4AaABAg,Relatable
UgxypnPdSIP3AKf2j0F4AaABAg,Neutral
UgxYq06kcy2HqzT-6np4AaABAg,Neutral
UgxyQGFQk7opJrVTv9R4AaABAg,Relatable
UgxyqKwsshyCLaNFUyh4AaABAg,Neutral
UgxYqlV_ISoVUZnNR5J4AaABAg,Relatable
UgxyqWqiwhtPKWRiEW54AaABAg,Relatable
UgxYQyBW6g25P0W4oXF4AaABAg,Neutral
UgxYrCjV0Burp1bHRlp4AaABAg,Neutral
UgxYRfAXGurjH_DM34h4AaABAg,Neutral
UgxYRjyve5P9lafy4fl4AaABAg,Neutral
UgxyrmxXEXxlwai-tqR4AaABAg,Relatable
UgxyRXDKtBpy55Xi0Ht4AaABAg,Neutral
UgxyS7MpfF9aPJKwveJ4AaABAg,Neutral
UgxySiJM6Qjv0MijlBF4AaABAg,Neutral
UgxyTOPy44sMw_PYJ7V4AaABAg,Neutral
UgxyTTRPTK5xpTZpdaZ4AaABAg,Neutral
UgxyUfta4_CKIxh3a5B4AaABAg,Neutral
UgxYugKUeNOWziM916N4AaABAg,Neutral
UgxYUP85QXyIWc7Xh3B4AaABAg,Relatable
UgxyUrMowPB6EJrR36l4AaABAg,Neutral
UgxYut1Nb7ErczpjnqR4AaABAg,Neutral
UgxYv-Y1mvd5X_07JPh4AaABAg,Neutral
UgxYVIKqphTkkM6tynB4AaABAg,Relatable
UgxYWJSL1v1-AlrEUGF4AaABAg,Neutral
UgxYx9c4ji-2EnM8vZB4AaABAg,Relatable
UgxYX9EBu9TFQ9iB6_N4AaABAg,Relatable
UgxyXmJmB5ItH-unBFB4AaABAg,Neutral
UgxYxOuSsQZZQkwWRu54AaABAg,Neutral
UgxyxVD8SocS-JT8rth4AaABAg,Neutral
UgxyY7mbW0bqa8XM3jh4AaABAg,Neutral
UgxyYOzaCx3WOScv-7V4AaABAg,Neutral
UgxYypY7BtCGIEagdXp4AaABAg,Neutral
UgxYzdsn8oEnoo6rQU54AaABAg,Neutral
UgxYzhCF6bwIf0o1b5h4AaABAg,Relatable
UgxyZUOj_m7ek_Ztsv94AaABAg,Neutral
UgxyzXT1txNwv_yNsqt4AaABAg,Relatable
Ugxz-KHwMTR1ohLgHKJ4AaABAg,Neutral
Ugxz-YXFwnBvDry_yxp4AaABAg,Neutral
Ugxz0ROjxFnCcWr95HZ4AaABAg,Neutral
UgxZ2DQH5KThliGZBdB4AaABAg,Neutral
Ugxz2DYZTCt-iI468XJ4AaABAg,Neutral
Ugxz2WqzWI7xS6b2hEl4AaABAg,Neutral
UgxZ3954j4Qd3EaXNN54AaABAg,Relatable
Ugxz3Mou6UlgTr3P9_l4AaABAg,Neutral
Ugxz5Rh-jIL5jEht4J94AaABAg,Neutral
Ugxz6inGehEmZowFmvV4AaABAg,Neutral
UgxZ82OmAMog40fiRRt4AaABAg,Relatable
Ugxz8BWtxwVf7Q_m5zh4AaABAg,Relatable
Ugxza0mAUT4JQxaiE8x4AaABAg,Neutral
Ugxza7OdMADsBmgJf-F4AaABAg,Neutral
UgxzAoJDXKmjPpyAE9F4AaABAg,Neutral
UgxzCOeAwlejKdNQsxl4AaABAg,Neutral
UgxZDExjPUMDob4eHFp4AaABAg,Neutral
UgxzdhuToA1NRijEp_B4AaABAg,Neutral
UgxzE9nz_IN7VZ2L2iR4AaABAg,Neutral
UgxzeErBirxG3QB9LLR4AaABAg,Relatable
UgxzetBYEEKC2i6cE3Z4AaABAg,Relatable
UgxzfTbeTOy4Iy4KRYB4AaABAg,Neutral
Ugxzfu0UuxmGKACe7Sl4AaABAg,Neutral
UgxzfyXfo8HdcfHrLGJ4AaABAg,Neutral
UgxzgcxRTkLZaeIZt054AaABAg,Neutral
UgxzGDJIdxfgkbsvHmx4AaABAg,Neutral
UgxZgE1qHtMUcXXDI3d4AaABAg,Neutral
UgxZgJRaYLx4_IkiTrt4AaABAg,Relatable
UgxzhE4ZxFJxTjiQG_14AaABAg,Neutral
UgxZhJBULMgzrTys4uR4AaABAg,Neutral
UgxzhoW7wBUD938GOLV4AaABAg,Relatable
UgxzHVc4yXfZswUAXl94AaABAg,Neutral
UgxZHzhgkM0cE58_S9R4AaABAg,Neutral
UgxZIwbfDP8pbMhP1Yt4AaABAg,Neutral
Ugxzj4m6SaXuPcUZu7J4AaABAg,Relatable
UgxzjMAKHTWMhRAlPXx4AaABAg,Neutral
UgxZJSVcfk0As_0IJTp4AaABAg,Neutral
UgxzkjdWozKxU5JlhgJ4AaABAg,Neutral
UgxZkJRcwB_Gpd6-JQB4AaABAg,Neutral
UgxZkVssLP88iO8Q8vZ4AaABAg,Neutral
UgxzKwtA802H_1nLwxp4AaABAg,Neutral
Ugxzl_MclTR7_J9n0JB4AaABAg,Relatable
Ugxzl73PENhnMLsyr8F4AaABAg,Neutral
UgxzmaGYwOH0zfHpRkJ4AaABAg,Neutral
UgxZmFCnxhcC-WXGK8B4AaABAg,Neutral
UgxZmNIRovaBJQkrwjV4AaABAg,Neutral
UgxZMRLR3iyjMdgkmL94AaABAg,Neutral
Ugxzo08HKpLv03lt0bt4AaABAg,Neutral
Ugxzo0Vjv1ZUq8PYEmV4AaABAg,Relatable
UgxzoWZw4L5_pE4Pe3J4AaABAg,Neutral
UgxZPj_tCmJIQ22kA_F4AaABAg,Neutral
UgxzQBMhhfjh4imMLLV4AaABAg,Neutral
UgxZQUaiBaNxbrLHdPN4AaABAg,Neutral
UgxZrCiEdUGtrkHzX7p4AaABAg,Neutral
UgxzS2FNn9K-64O6fa54AaABAg,Neutral
UgxZt3U1OUATTnN-l4p4AaABAg,Relatable
UgxzTBMztHrWZ6JPGRN4AaABAg,Neutral
UgxzU-0HAz_-ganR0XJ4AaABAg,Relatable
UgxZu4SHcDyIVYLIAlB4AaABAg,Neutral
UgxZUOAf7WVbEfIch-h4AaABAg,Neutral
UgxZw6Ic9s_mthPGW9t4AaABAg,Neutral
UgxzXX-PwhvW_6Wm7yV4AaABAg,Neutral
UgxZyArQmtRQjb7JJfF4AaABAg,Relatable
UgxZygbqlP8xs-Ankg14AaABAg,Relatable
UgxZYiDifuFz_v1WT_Z4AaABAg,Neutral
UgxZyt3Xmr5ohJkdyzZ4AaABAg,Neutral
UgxZzBPohk29MEErOtl4AaABAg,Relatable
UgxzZJbUo70KpuhtToR4AaABAg,Relatable
Ugy__R1OIe9W8mdcm114AaABAg,Neutral
Ugy_-snHnhpy72TDpEB4AaABAg,Relatable
Ugy_1yxbj7hmtVF31Ut4AaABAg,Neutral
Ugy_30zHjePdGfUTGOp4AaABAg,Relatable
Ugy_4W0OLiRWPC6tfMV4AaABAg,Neutral
Ugy_4xqKk0F2LUyUBwp4AaABAg,Neutral
Ugy_5qTDFMOL96HNCCp4AaABAg,Neutral
Ugy_63XRuhB8tXCGvuJ4AaABAg,Neutral
Ugy_9kqh6rhQRDLD2Y94AaABAg,Neutral
Ugy_djGHKy-lIfBlTCN4AaABAg,Neutral
Ugy_fJfMXqHYysd5IX94AaABAg,Relatable
Ugy_fUJUW0ZAhXjsKDx4AaABAg,Neutral
Ugy_gCrydA8Acpg9Xct4AaABAg,Neutral
Ugy_gFzDyCqw2SGj3R54AaABAg,Neutral
Ugy_gYdBzQPyPAdjN194AaABAg,Relatable
Ugy_h_PnVEjQTRvUjJN4AaABAg,Neutral
Ugy_h7IWx6k1I3bbouJ4AaABAg,Relatable
Ugy_K7lQVPF1tfE9jMV4AaABAg,Neutral
Ugy_KrqWA9cf6tnt5up4AaABAg,Neutral
Ugy_LTELRcEkEE8kvPt4AaABAg,Neutral
Ugy_lyjNQdFfOv6GHJV4AaABAg,Neutral
Ugy_mzUzClIozjCZDad4AaABAg,Neutral
Ugy_NaoHAGqTQHj6wNB4AaABAg,Relatable
Ugy_nl1BnnQDJgitAmB4AaABAg,Neutral
Ugy_oQdKkp_SDisAKu54AaABAg,Neutral
Ugy_QKhrTEx3ohWP60x4AaABAg,Relatable
Ugy_r3Fx0cnMbReY7714AaABAg,Neutral
Ugy_T8Oo812GmHs-djx4AaABAg,Neutral
Ugy_TxSQ60GKydLckz54AaABAg,Neutral
Ugy_WadpXqewls8uQ4F4AaABAg,Neutral
Ugy_wHWD9p0wr9TClH54AaABAg,Neutral
Ugy_YBUt8RjEMiV1HT14AaABAg,Relatable
Ugy_zK10gJV6LA6eCvp4AaABAg,Relatable
Ugy_ZotgmLeZ-6IE9zF4AaABAg,Neutral
Ugy_Zx2zdH3rApHMKp54AaABAg,Neutral
Ugy-2CVulctueHvtRhJ4AaABAg,Neutral
Ugy-2OITHC7oHiHI8fp4AaABAg,Neutral
Ugy-6sMcOxhm03EIWap4AaABAg,Neutral
Ugy-6X1XVPa5LrOjfZh4AaABAg,Relatable
Ugy-AdaBlLrPSUz6Sn94AaABAg,Neutral
Ugy-DI8i-u1B7DZvQmR4AaABAg,Neutral
Ugy-dkF1qG-OibnUdSp4AaABAg,Neutral
Ugy-dZZOIZ7xSwr3fHN4AaABAg,Relatable
Ugy-gDzlDQlQvgWtKG94AaABAg,Neutral
Ugy-HoRqBBKYBMO2DuF4AaABAg,Neutral
Ugy-Hqnoh69ppsDHLE54AaABAg,Relatable
Ugy-hrobFbdRZg5H1nx4AaABAg,Relatable
Ugy-j4S0nuM9VFWwO0N4AaABAg,Neutral
Ugy-JxBSesvd6nk3Ahx4AaABAg,Neutral
Ugy-lkpmSykWt3EMXMF4AaABAg,Relatable
Ugy-msBcc9xb2H15rht4AaABAg,Neutral
Ugy-p8BZGaOlY1rSrbR4AaABAg,Neutral
Ugy-pjhIYJAVxKtw1jx4AaABAg,Neutral
Ugy-Qi7deBp7UL_RVOx4AaABAg,Neutral
Ugy-qiVFhfMSczqF1WZ4AaABAg,Neutral
Ugy-rkKctkBmlV09WhN4AaABAg,Neutral
Ugy-VUQevS7GxaWXpDN4AaABAg,Neutral
Ugy-Vy9EDDd2tb0_LTB4AaABAg,Neutral
Ugy-X0Pln1g3cqJFXLF4AaABAg,Neutral
Ugy-yUPnZ8yHNOZDDDR4AaABAg,Neutral
Ugy0_izjZvnNrv4KNUx4AaABAg,Neutral
Ugy0-pOyftuqkTxjGWh4AaABAg,Relatable
Ugy039ZQVr4l-od0kMp4AaABAg,Neutral
Ugy07SsCEOYO6l1Um7R4AaABAg,Relatable
Ugy08s9_7M2_27mFqqV4AaABAg,Neutral
Ugy096sTVmRuJ602vEx4AaABAg,Relatable
Ugy0AoePPCUv69xElDN4AaABAg,Neutral
Ugy0By4q7WdGG7OdSBN4AaABAg,Neutral
Ugy0CN7PooRr8mjl6pp4AaABAg,Neutral
Ugy0hn0DcZs4k0-gNlN4AaABAg,Neutral
Ugy0hNtEyXzgisOYgt94AaABAg,Neutral
Ugy0Hvk0QyeIY4dATcV4AaABAg,Relatable
Ugy0J6JNs1zrmuD7PZ94AaABAg,Neutral
Ugy0JbDzWElIjpu-rvl4AaABAg,Neutral
Ugy0KrS68xiiW0t5Hch4AaABAg,Relatable
Ugy0KtqNwxD_YoF5att4AaABAg,Neutral
Ugy0LC45iLXMIzO0Y1t4AaABAg,Relatable
Ugy0MaxD9hkqbpL4cv94AaABAg,Relatable
Ugy0Mp7Cl-QEIQ0qpPR4AaABAg,Neutral
Ugy0mzW3j1FHpntYjdt4AaABAg,Neutral
Ugy0NWCX2GsXa9jsiRp4AaABAg,Neutral
Ugy0P4160xNR5FDGwxZ4AaABAg,Neutral
Ugy0pHe0GmWEXbji0-F4AaABAg,Neutral
Ugy0PHz_h4dhkommnrx4AaABAg,Relatable
Ugy0Q_APXvt5AqRlknJ4AaABAg,Neutral
Ugy0Q422S94NCYuUEmx4AaABAg,Neutral
Ugy0rG86M3lPSRBOo6x4AaABAg,Relatable
Ugy0sshdVbNfdcCnGKx4AaABAg,Relatable
Ugy0TAd04PHrbo0jFb94AaABAg,Relatable
Ugy0Tp6mCRZkyb2RoxR4AaABAg,Neutral
Ugy0U80jXFtliz8MGZZ4AaABAg,Relatable
Ugy0uN_GQq3vgFpV-2d4AaABAg,Relatable
Ugy0vFpmm9DwybrYVqd4AaABAg,Neutral
Ugy0wm3JHd5EiCaTJ3p4AaABAg,Relatable
Ugy0YdDGbyEE9_gDsQV4AaABAg,Neutral
Ugy0yM57K5vMOfYLrSV4AaABAg,Neutral
Ugy1_SOXg8Yg65lMUy14AaABAg,Neutral
Ugy10tEE64GsopWm5694AaABAg,Neutral
Ugy1a5hAXaEZ5rGYWop4AaABAg,Neutral
Ugy1CbEtv6FrrKjWFqJ4AaABAg,Neutral
Ugy1dHCbY6ItOvgtwSJ4AaABAg,Relatable
Ugy1G0FQDwKtZ_RpwbN4AaABAg,Neutral
Ugy1HVixL0Ts06LpohZ4AaABAg,Neutral
Ugy1IKKJf6Po48c4Uk14AaABAg,Neutral
Ugy1JBgKHbfmC3ZZkLV4AaABAg,Relatable
Ugy1kJmV2rMFIo-28Xl4AaABAg,Relatable
Ugy1LuyZ_557VygxmzN4AaABAg,Neutral
Ugy1mt0EBXLCMQ4FaU14AaABAg,Neutral
Ugy1MVzhIwN5jT5WXQh4AaABAg,Relatable
Ugy1nMmX4dEck2ZQ0wl4AaABAg,Neutral
Ugy1q1on7wuCGojPV_F4AaABAg,Relatable
Ugy1sGuv7hA089Xz20t4AaABAg,Neutral
Ugy1sStDBSAcwPoDdVJ4AaABAg,Neutral
Ugy1T9Im9tnwnIkwQnl4AaABAg,Neutral
Ugy1tWWcljKXHVjhMY94AaABAg,Neutral
Ugy1U8kV-aTnzTARR6N4AaABAg,Neutral
Ugy1UqxpVbFpaxsLCMZ4AaABAg,Neutral
Ugy1urj8mxRUpHO4sxJ4AaABAg,Neutral
Ugy1V0tEKn_WZ8h7zdp4AaABAg,Relatable
Ugy1v5h8qQW3A7tUIxp4AaABAg,Neutral
Ugy1w4VDRcuFgMnURYZ4AaABAg,Relatable
Ugy1W7DATh5GGVPsoK94AaABAg,Relatable
Ugy1X82zafp_OoGDzeh4AaABAg,Neutral
Ugy1xSyEMS9zwLQYqNp4AaABAg,Neutral
Ugy1XU_oY9VLwqU--fN4AaABAg,Neutral
Ugy1YJO2Ck8wT3kdts54AaABAg,Neutral
Ugy1YNr__3k9RW9Ypv14AaABAg,Neutral
Ugy1zpT2Q-hefMsCN114AaABAg,Neutral
Ugy21TK3ZGyoDHU_bQp4AaABAg,Neutral
Ugy23yofaieveF2lCvZ4AaABAg,Relatable
Ugy243HlM_3k0ChQOIt4AaABAg,Neutral
Ugy2537gE9dxQW9-eit4AaABAg,Neutral
Ugy26DgJxjyfwDbrEKN4AaABAg,Neutral
Ugy270qXi2zlRgruxK14AaABAg,Relatable
Ugy27MfyZTP32OOJmV14AaABAg,Relatable
Ugy2a9E6WYwkzn7J8Bl4AaABAg,Relatable
Ugy2aEm3h_g36MvKCo54AaABAg,Neutral
Ugy2ahMx4SW-kOaxvIp4AaABAg,Neutral
Ugy2al2fzarE1AV_iMZ4AaABAg,Relatable
Ugy2augzytQzZRj667B4AaABAg,Relatable
Ugy2CkcZO1p36x6fufZ4AaABAg,Relatable
Ugy2cZhhSLXEEQOy3LB4AaABAg,Neutral
Ugy2eUiq3YbUziJ2Ncd4AaABAg,Neutral
Ugy2ffTvjBdivfItjuN4AaABAg,Neutral
Ugy2G66UuI3Mz3WzFMp4AaABAg,Neutral
Ugy2GatLzcFl9KtHGAJ4AaABAg,Neutral
Ugy2gltSmXo81KHmS1V4AaABAg,Neutral
Ugy2hk9o2TakqDySb714AaABAg,Relatable
Ugy2IGlUSUUHyX8JdPt4AaABAg,Neutral
Ugy2j16ZMYEHt0gdS6N4AaABAg,Neutral
Ugy2J34z3W0_HHbBtfN4AaABAg,Neutral
Ugy2JTAT7ENunu0fmHN4AaABAg,Neutral
Ugy2jz4XesZEYNGyp5l4AaABAg,Neutral
Ugy2kMGmQy9RfykELgd4AaABAg,Neutral
Ugy2lGKn3a0pCSeDbfF4AaABAg,Neutral
Ugy2lXiNFV5vYzscucF4AaABAg,Neutral
Ugy2LyBK8RQ2S-ZeZt94AaABAg,Relatable
Ugy2lztFKJ8sq6iAA2x4AaABAg,Neutral
Ugy2NaSQGpk8aX7Az3J4AaABAg,Neutral
Ugy2OWnnE_o-mZ4xwzd4AaABAg,Neutral
Ugy2P9kaA9tZO_JAuXl4AaABAg,Relatable
Ugy2PXQqp7bp033oTrR4AaABAg,Neutral
Ugy2rCMiie4XdVHc_f94AaABAg,Relatable
Ugy2SfFYT4p7NuIxRUN4AaABAg,Neutral
Ugy2t_3am66xiyqFJP54AaABAg,Neutral
Ugy2TtebDi_j-Hn5x794AaABAg,Relatable
Ugy2UEOvLIcreesM9-t4AaABAg,Neutral
Ugy2viEYYc2K1ITHZex4AaABAg,Neutral
Ugy2vlkHc2sdj6zPZhh4AaABAg,Neutral
Ugy2Xe8ZP5PIQELOy6V4AaABAg,Neutral
Ugy2yrCuKBcGvBrvvAh4AaABAg,Neutral
Ugy2yV-V_8zAXYR5S194AaABAg,Neutral
Ugy2YZQE6UYAh-B_bBd4AaABAg,Relatable
Ugy2zrSU_DeVmgDIThp4AaABAg,Neutral
Ugy3-sAj2vMgz8zuM794AaABAg,Neutral
Ugy36_JbPfXtXJ3V-cJ4AaABAg,Neutral
Ugy36A-rxO3nOvlzkxh4AaABAg,Neutral
Ugy388K6LNMhX3-dqiN4AaABAg,Neutral
Ugy399hcNnbqcvSak5x4AaABAg,Relatable
Ugy3a_GFnjhNyzFcfy94AaABAg,Neutral
Ugy3a15US4gRBeJdza14AaABAg,Neutral
Ugy3BM2IBu-P2dnvRiV4AaABAg,Neutral
Ugy3Bu80VBIA6IaOQOF4AaABAg,Neutral
Ugy3bVtxnBhkbAtMDu94AaABAg,Neutral
Ugy3BY9FWYY2fw8b2Wh4AaABAg,Neutral
Ugy3bZNd83sKvoYIXoR4AaABAg,Neutral
Ugy3cBfQNtEEPYf3RBN4AaABAg,Relatable
Ugy3D_6e0nQHHI8TfaB4AaABAg,Relatable
Ugy3DC9tKXXaL9qzh1l4AaABAg,Neutral
Ugy3eHy7NsqJmLO70lh4AaABAg,Relatable
Ugy3EMaiFpwC1WzcPvx4AaABAg,Neutral
Ugy3esvCu3kKY68DSlN4AaABAg,Neutral
Ugy3FEIoFdqsWEkR9p54AaABAg,Neutral
Ugy3gbBEECU_UDMj8fV4AaABAg,Relatable
Ugy3GyyuXQB_uNDwEJd4AaABAg,Neutral
Ugy3ITa4qhbhEF8nCi94AaABAg,Relatable
Ugy3jG85XvlK71xGQjl4AaABAg,Relatable
Ugy3jwwQlDCZ7Svcu5N4AaABAg,Neutral
Ugy3jzaEI_1Ct6E3fa54AaABAg,Neutral
Ugy3l4g33LfjDBvmDRB4AaABAg,Relatable
Ugy3L4OCwyOuKpMGpIR4AaABAg,Neutral
Ugy3L6wiqTFM1oAxATN4AaABAg,Relatable
Ugy3lBIXR35SnZjT5HZ4AaABAg,Neutral
Ugy3m4UhIiqHwMneQdF4AaABAg,Neutral
Ugy3Mh5ORequLfPrqd94AaABAg,Relatable
Ugy3mNgJpNHwXwIYLlJ4AaABAg,Neutral
Ugy3MUyTebdIUz6rWxR4AaABAg,Neutral
Ugy3n5jz2vdgyZvEHaF4AaABAg,Neutral
Ugy3NOWQrQu-5l_a_gh4AaABAg,Neutral
Ugy3nx2oAVQuBfhiUgd4AaABAg,Relatable
Ugy3oAXznhSEF5TtivJ4AaABAg,Neutral
Ugy3oxJNvvDJ_10Qd6B4AaABAg,Neutral
Ugy3p71TOE2r6EdSmXZ4AaABAg,Neutral
Ugy3q_T90Fo4uWfAcNt4AaABAg,Neutral
Ugy3rYkTJETVWD2jEU14AaABAg,Relatable
Ugy3S11VEucO0Q1Avsl4AaABAg,Neutral
Ugy3sDPHITZHPxHfucx4AaABAg,Neutral
Ugy3ulT_KhbYn36qQPZ4AaABAg,Neutral
Ugy3UWAl2dKju98O3-N4AaABAg,Relatable
Ugy3wADk5BlJKZYWZuh4AaABAg,Relatable
Ugy3xD0RH5dwWrrV2dN4AaABAg,Neutral
Ugy3xGiMiUi456vesyR4AaABAg,Neutral
Ugy3XLh7Ypv4IKUBqft4AaABAg,Neutral
Ugy3YAO5rmGgsI6dEtV4AaABAg,Neutral
Ugy3YS7-ydyX6IlH-VZ4AaABAg,Neutral
Ugy3Zq2rO-kFBjDewCV4AaABAg,Neutral
Ugy404VdgFygixloT9d4AaABAg,Neutral
Ugy408w3VAO8o84Q5JR4AaABAg,Relatable
Ugy40sz4-2T88ydIu1Z4AaABAg,Relatable
Ugy43AJgmsAlU4ltiet4AaABAg,Relatable
Ugy44LdzONzgpvI8vS94AaABAg,Neutral
Ugy45Nw7XX7DTr7EREV4AaABAg,Neutral
Ugy45uZU4U6iUfAWV0p4AaABAg,Relatable
Ugy49Kb9jdHjP7QxozF4AaABAg,Neutral
Ugy4ABm8RrVAKO1mW_R4AaABAg,Relatable
Ugy4CcDv7iupmr3vTyF4AaABAg,Neutral
Ugy4floeigfbmdLMiHl4AaABAg,Neutral
Ugy4hy0rMwnP3ND9lTV4AaABAg,Neutral
Ugy4I9tgPz4DtctRe514AaABAg,Relatable
Ugy4Id1VN9bPAeThJmJ4AaABAg,Neutral
Ugy4iqngGHO4KZbZO_R4AaABAg,Relatable
Ugy4kCkDMAYmuUwmXS54AaABAg,Relatable
Ugy4kcUGqAN50Uz3NvN4AaABAg,Neutral
Ugy4kKNmjR2F20D96aJ4AaABAg,Neutral
Ugy4KLLF60HbeFDopt54AaABAg,Neutral
Ugy4LNAvT41VOZCDJhl4AaABAg,Neutral
Ugy4LPuizbAQDX99bUN4AaABAg,Neutral
Ugy4nlWKrE2JuyycJzR4AaABAg,Neutral
Ugy4oRZYL5THjUkfwdd4AaABAg,Neutral
Ugy4oXxewbtoLkd022R4AaABAg,Neutral
Ugy4QFZ3WRL58KnYdWR4AaABAg,Relatable
Ugy4T-bnvxmZfoBiEMd4AaABAg,Neutral
Ugy4UDsHvH7ikbcwEgB4AaABAg,Neutral
Ugy4Uohy6NrOvVaiHY94AaABAg,Neutral
Ugy4Vk5l2Oe0w-pbgSN4AaABAg,Neutral
Ugy4vL64Yp2RVMK4qaB4AaABAg,Neutral
Ugy4wHulHCAtH_3Wanx4AaABAg,Neutral
Ugy4xaiRQWzt5w3Z_Z14AaABAg,Neutral
Ugy4XLC98tIqrT7IkFV4AaABAg,Neutral
Ugy4XQWxY4262d8HbSN4AaABAg,Neutral
Ugy5-J-CTQNkWKb5KzV4AaABAg,Neutral
Ugy5-zHpLsiIqzun1gV4AaABAg,Relatable
Ugy52s5IZeA6rlz9T6Z4AaABAg,Relatable
Ugy533jNRs0XVwcQIMt4AaABAg,Neutral
Ugy548TM7Bh5iQjTPRl4AaABAg,Neutral
Ugy54ujtSg4vhdRVZu54AaABAg,Neutral
Ugy55kTqxOXlmOc8mX14AaABAg,Neutral
Ugy56CEaF9QEJv82Bst4AaABAg,Neutral
Ugy576_mhPWPpabYr854AaABAg,Neutral
Ugy58b0k2goUKBxkHBt4AaABAg,Relatable
Ugy5avX3QsK7dNNKzW54AaABAg,Neutral
Ugy5BwFSVoS0_CqLG_d4AaABAg,Neutral
Ugy5c0enJi2i3ZgR4kd4AaABAg,Relatable
Ugy5CS5u_bq8bjSeNHd4AaABAg,Relatable
Ugy5fiMvzRmNjCx9rZh4AaABAg,Neutral
Ugy5fM3dOJGAInqezO54AaABAg,Relatable
Ugy5fZ727LygIrpROIt4AaABAg,Neutral
Ugy5gCXDnjJ7BlgvOd54AaABAg,Neutral
Ugy5HQ441vGohNgopL54AaABAg,Relatable
Ugy5HscD3jE6lIbk_qh4AaABAg,Neutral
Ugy5ihfFo5jRbHgnPuZ4AaABAg,Relatable
Ugy5iWnS6lFBYluoHvJ4AaABAg,Neutral
Ugy5KGYul8u0FCYag6F4AaABAg,Neutral
Ugy5ljTtWSI9hu-0eTB4AaABAg,Neutral
Ugy5nEjrKgzKXxBj_GV4AaABAg,Neutral
Ugy5O_tRxqmWP9oY-QV4AaABAg,Relatable
Ugy5oi_ZZLQJwlvAcXJ4AaABAg,Neutral
Ugy5PHH8-ERrVE5eGQ14AaABAg,Neutral
Ugy5rawrlcFdA6nZJ1l4AaABAg,Neutral
Ugy5RFme0AMBESzNIqR4AaABAg,Neutral
Ugy5sEXR90u7S7HSGZZ4AaABAg,Relatable
Ugy5TqG2hwvc3jq8CaN4AaABAg,Neutral
Ugy5Vu_Sdg5UTRs3-0R4AaABAg,Neutral
Ugy5ywILMqFeWoSCAPh4AaABAg,Relatable
Ugy5zM9hk32SbpYkjTp4AaABAg,Relatable
Ugy5zMhEFNklIH5puQd4AaABAg,Neutral
Ugy6-q-3KstPBEoqlgx4AaABAg,Neutral
Ugy6-X-eS7jxKGznIah4AaABAg,Neutral
Ugy61l3j81MdNBwvYWR4AaABAg,Neutral
Ugy64V4QqOYseSEcAHp4AaABAg,Neutral
Ugy65EeFHq8W3ELBTCt4AaABAg,Neutral
Ugy69vpAKhMxJYi8tQx4AaABAg,Relatable
Ugy6a6J6hLVK7NhRs2d4AaABAg,Relatable
Ugy6asTdcfCznoO5HXV4AaABAg,Relatable
Ugy6cnDczRpHXnPe_Rl4AaABAg,Neutral
Ugy6CuJq00G7e9eFTFB4AaABAg,Relatable
Ugy6DJ4GeaUAeBAJHAZ4AaABAg,Relatable
Ugy6fI8wmLYrNkbpNBd4AaABAg,Neutral
Ugy6G_S71PnJfMDOD8N4AaABAg,Neutral
Ugy6gmcOuEDSZZyDWQ14AaABAg,Neutral
Ugy6Hfd1Lv7nOJ8cytx4AaABAg,Neutral
Ugy6HxF25oYldQWvlDl4AaABAg,Neutral
Ugy6kOEbjb0wGFLnVxR4AaABAg,Neutral
Ugy6m4caRZpJZqotXTF4AaABAg,Neutral
Ugy6p1GFptRgBfproGl4AaABAg,Neutral
Ugy6PMABZp5dpuxEqFV4AaABAg,Neutral
Ugy6pwaAsO-5llPQgBZ4AaABAg,Relatable
Ugy6QD0-aQ-D0K9avMd4AaABAg,Neutral
Ugy6qq53ivg7kddln0B4AaABAg,Neutral
Ugy6s3Bz2eCbLsrnR7N4AaABAg,Neutral
Ugy6s73TklsxhtJ00QB4AaABAg,Neutral
Ugy6SV1F6d0Dcmzim4N4AaABAg,Relatable
Ugy6SWL-6m29gWXqgVt4AaABAg,Neutral
Ugy6Ti0iGg8iZcCgr394AaABAg,Neutral
Ugy6VOvy-2BTdYGKcoN4AaABAg,Neutral
Ugy6wH76zVo2M_r7TNF4AaABAg,Neutral
Ugy6Wm7cfQWHLLFOjxt4AaABAg,Neutral
Ugy6wUVEGOVq0X9CcZ14AaABAg,Relatable
Ugy6x1od-n7UNirbBwF4AaABAg,Relatable
Ugy6xlFr-U0PN6YfRoF4AaABAg,Neutral
Ugy6Yna81ZcrtKepNHN4AaABAg,Relatable
Ugy748oVTFNCivgAhxB4AaABAg,Neutral
Ugy76ZORiHDhvb3-ZZ14AaABAg,Neutral
Ugy77i5x_FuQl6Q0s7Z4AaABAg,Neutral
Ugy7cDK4N6r_gqOBpxZ4AaABAg,Neutral
Ugy7Di56CNQat8y_OeV4AaABAg,Neutral
Ugy7dle91qzRMOvplJd4AaABAg,Neutral
Ugy7DMu-XvYxcP8guOB4AaABAg,Relatable
Ugy7DRStAj0G5RTz1nZ4AaABAg,Relatable
Ugy7eWFhKijlvYqdbKB4AaABAg,Relatable
Ugy7FcDOpjfQ8u08c654AaABAg,Relatable
Ugy7HmseS5j07ZbLwvd4AaABAg,Relatable
Ugy7iP2WMa68GuIYoIF4AaABAg,Relatable
Ugy7ipjV7GyVtCu_wHF4AaABAg,Relatable
Ugy7jdVuMT3zhwxm4lp4AaABAg,Neutral
Ugy7MaqXib5ZK7e-O3N4AaABAg,Neutral
Ugy7npWFD2DcG9dimLh4AaABAg,Neutral
Ugy7OJlZE6LJW9Rhc_N4AaABAg,Neutral
Ugy7pLYJeKaBaqF9-MR4AaABAg,Neutral
Ugy7PsKdcxYdyhcQ2aR4AaABAg,Neutral
Ugy7pw5vrlzOdLobcld4AaABAg,Neutral
Ugy7q23YBO4_bb9hKU14AaABAg,Neutral
Ugy7RaCZTtOQ2jIclxl4AaABAg,Neutral
Ugy7TnlIqpd1iOzQaAZ4AaABAg,Neutral
Ugy7TqJYxOSnIgxku9t4AaABAg,Neutral
Ugy7UM7auPDoOjjJJod4AaABAg,Relatable
Ugy7vwiSba8kVuQOuWt4AaABAg,Neutral
Ugy7X6AmNuA6y1gZtHR4AaABAg,Neutral
Ugy7xy_YmNX9iMZQ9UJ4AaABAg,Relatable
Ugy7Y6ItGMI4fzPy8ed4AaABAg,Neutral
Ugy7ZHvlqWUHmINW7A14AaABAg,Relatable
Ugy7ZK3SDZfWlSvYZbN4AaABAg,Neutral
Ugy8-6ClB2kdALkmPs94AaABAg,Neutral
Ugy8-N8HGxrlRVOFqMx4AaABAg,Neutral
Ugy80cVlswDPJO-19E14AaABAg,Neutral
Ugy824HCw_a3Lp26opF4AaABAg,Neutral
Ugy84W2xKy1vUhxEi-B4AaABAg,Neutral
Ugy84waV0Dev09Abewp4AaABAg,Relatable
Ugy85CO_TkOzf9D7SVJ4AaABAg,Neutral
Ugy85gqdNLB2fQkp1Jl4AaABAg,Neutral
Ugy88g_1JWam_-85ly54AaABAg,Neutral
Ugy896HK4lK53Mpo89t4AaABAg,Neutral
Ugy89Ws0wYnRbnEMvI54AaABAg,Neutral
Ugy8bKnV6A0_dweJ40l4AaABAg,Neutral
Ugy8bVZjIYhYCYmvkXJ4AaABAg,Relatable
Ugy8CLSudGfr6I8k-RN4AaABAg,Neutral
Ugy8frWiLam_mDEWF6l4AaABAg,Relatable
Ugy8hQRRd3N9dUR32Uh4AaABAg,Neutral
Ugy8LdUgTk6ZlKV5TFx4AaABAg,Relatable
Ugy8mz9ljXgE1F2adHJ4AaABAg,Neutral
Ugy8pn0gcvWGD0DJjOR4AaABAg,Relatable
Ugy8UVOkztJYH7u2Sux4AaABAg,Relatable
Ugy8Vlf5PMACsW9r9QF4AaABAg,Neutral
Ugy8xuIzLYWXl6yK6Jh4AaABAg,Neutral
Ugy8yWm0ll1nTBMWi_94AaABAg,Neutral
Ugy8z9Mb57Erqc9n36h4AaABAg,Neutral
Ugy8ZbgePED8f8HX1Eh4AaABAg,Neutral
Ugy8zs4x7MCFnW-J3t14AaABAg,Neutral
Ugy9_jkTT48855Q9Ftl4AaABAg,Neutral
Ugy9-h1AgEh8-Py8VY54AaABAg,Neutral
Ugy9-Vpx8sl95ZTkT0F4AaABAg,Relatable
Ugy90j2JOqoOET08KFl4AaABAg,Neutral
Ugy90nu-ZcTzqiadz-54AaABAg,Neutral
Ugy9138aT91yHmhj8g94AaABAg,Neutral
Ugy92QNue_Fh3UUeWYp4AaABAg,Neutral
Ugy93lwMbtoSVoMjJW14AaABAg,Relatable
Ugy93TdUHmMesYfb9rV4AaABAg,Neutral
Ugy96CwrQpf4peQlfRR4AaABAg,Neutral
Ugy97qN2qYj5qekkA4Z4AaABAg,Neutral
Ugy9aIMqR7Y5EQ8pA8B4AaABAg,Relatable
Ugy9bBIeehWwzcVoPvZ4AaABAg,Neutral
Ugy9CIe8jZVWPij4BOx4AaABAg,Neutral
Ugy9cJLeNaMQ-pS9ZR54AaABAg,Neutral
Ugy9f0DGnOiyePWW1sR4AaABAg,Relatable
Ugy9f3yq8x6kaG4B2bR4AaABAg,Neutral
Ugy9Fdx_mNfWeYkNWi14AaABAg,Neutral
Ugy9HKShyO6I9JmqI5Z4AaABAg,Relatable
Ugy9hOw4w57SZQ6LvJx4AaABAg,Neutral
Ugy9JARQvA_0CcNnCHd4AaABAg,Neutral
Ugy9JVw1tx1h0d4PIll4AaABAg,Neutral
Ugy9KI8OCJyet8ELDbF4AaABAg,Neutral
Ugy9mzIjNZmlpXHCyDV4AaABAg,Relatable
Ugy9nTDPCsQqiMJdw914AaABAg,Neutral
Ugy9oKaMMVYN-W59VD54AaABAg,Relatable
Ugy9qyNumu-GW4laiAR4AaABAg,Neutral
Ugy9RZtlfsNfv8Pufh94AaABAg,Neutral
Ugy9s_8ACOGIHPG-EjF4AaABAg,Neutral
Ugy9wOm-aRwlmBBCv7Z4AaABAg,Relatable
Ugy9x106UVjUA5Db4np4AaABAg,Neutral
Ugy9Xr4se0FIpMhf9d94AaABAg,Neutral
Ugy9YOQaQWb6l3Y4smt4AaABAg,Neutral
Ugy9YRIocLq8K3acd0h4AaABAg,Neutral
UgyA5qCWyo8bxaYEy0l4AaABAg,Relatable
UgyA5xC1FzmlCWTxegZ4AaABAg,Relatable
UgyA6O6PGI2g7-fH6K94AaABAg,Neutral
Ugya7ptyzm6M7oehHAx4AaABAg,Neutral
Ugya9liYnM6KF7m2gvp4AaABAg,Neutral
UgyaA16vXPk849RONMN4AaABAg,Relatable
UgyAAq5Q1RWNzAs-yRl4AaABAg,Neutral
UgyAawIocgUe3j0IQrN4AaABAg,Neutral
UgyAB-TvUNDVSPTy-N14AaABAg,Relatable
UgyAbwmuLaeIsTHxPfh4AaABAg,Neutral
UgyaC8LRrRRa8Uudz594AaABAg,Neutral
UgyACbiCi0aZOckzhs94AaABAg,Relatable
Ugyacigz99Uaa0_zzt94AaABAg,Neutral
UgyAcnP3AX0dy7rX6u14AaABAg,Neutral
UgyAcp0rd1nkbmSulUV4AaABAg,Neutral
UgyAcy4rhTzV2KrA_dV4AaABAg,Relatable
UgyAEFB5yONDsEYsSDN4AaABAg,Neutral
UgyAegnuO1VOUisV6jZ4AaABAg,Relatable
UgyaFfcejGmISB4jKXF4AaABAg,Relatable
UgyAhLnIwOGUplI8Ni94AaABAg,Relatable
UgyAIADj2ZxFIuMp3V94AaABAg,Neutral
UgyAjMGcoa82N1QPBLN4AaABAg,Neutral
UgyaJT-gG3HOpRc93BZ4AaABAg,Relatable
UgyAkkA-vFxjuIXT-ud4AaABAg,Neutral
UgyaKTvQ27Le6Y79U0B4AaABAg,Relatable
UgyAkZLOeV3F9RfYNPR4AaABAg,Neutral
Ugyal1inCU1XHI_qDuV4AaABAg,Neutral
UgyaL9iLwyrwyIr8YRx4AaABAg,Neutral
UgyALgccd64BvjVpN9V4AaABAg,Relatable
UgyaLMwkS_ED_rILPIp4AaABAg,Neutral
UgyALT9aUt9I7DI6OE14AaABAg,Relatable
UgyAMo9O1UzGBj_bte14AaABAg,Neutral
UgyAN3DnIh9g-szpT814AaABAg,Relatable
UgyaNLnBFd1dXvSloIZ4AaABAg,Neutral
UgyaOgMuH3FrDEcOww14AaABAg,Relatable
UgyAokATbxH2QdnoZ9V4AaABAg,Relatable
UgyaPL7qMoA_eTeSzhV4AaABAg,Neutral
UgyaPXEPbkj9c4WhVEV4AaABAg,Neutral
UgyAQ0Qqz-bar8kbSP94AaABAg,Relatable
UgyaQH6R7HFwFBxmgGt4AaABAg,Relatable
Ugyaqip2x33gJjlKNRB4AaABAg,Neutral
Ugyaref9gV59FFFmGA14AaABAg,Relatable
UgyarRqJLZxC2Xrh24N4AaABAg,Neutral
UgyArVIYsEoAbx8GQq54AaABAg,Neutral
UgyasdajwYDodHxwdOF4AaABAg,Neutral
UgyAtY8xLysNVeUW2WB4AaABAg,Neutral
Ugyau29KDTLT9kFQYLJ4AaABAg,Neutral
UgyAUE7LghRrN83vgfh4AaABAg,Relatable
UgyAuEitoPFy53M95bx4AaABAg,Neutral
UgyAV1t7AJafJ71j1Tx4AaABAg,Neutral
UgyAvAJPVPVrqM9mtCN4AaABAg,Relatable
UgyavMAYU_slDzbVuVV4AaABAg,Neutral
UgyAWlLodZvmmV4AMv54AaABAg,Neutral
UgyaWvZ0MkC_G3X5wUl4AaABAg,Relatable
UgyAX1fZTpKqDPmL09Z4AaABAg,Neutral
UgyaX8EmQCggO27HdAd4AaABAg,Relatable
UgyaXrI-8jKnjy7p8u14AaABAg,Relatable
UgyAYKTMM8ffxsOr27Z4AaABAg,Relatable
Ugyayofg47XQtj3shON4AaABAg,Neutral
UgyayYkGRPJGjh7KP6t4AaABAg,Neutral
UgyAZM9BLZ9i7xRb9hR4AaABAg,Neutral
UgyAzoPv2YUYk2McCwt4AaABAg,Neutral
Ugyb_JvDlmFBGkFFGGB4AaABAg,Neutral
UgyB_o_XoLOIePvC8It4AaABAg,Relatable
UgyB-aQhcX9bQz1Zp1t4AaABAg,Neutral
UgyB02WXbo19BCWpwSV4AaABAg,Relatable
UgyB0csuKY60nkehQbd4AaABAg,Neutral
UgyB25hA3Ww8V7ah3YB4AaABAg,Relatable
UgyB52ErnyEUy8gU-JB4AaABAg,Relatable
Ugyb5DNBn9KgqNvTkZN4AaABAg,Neutral
UgyB5nyOKmMJsQZ7w7Z4AaABAg,Neutral
Ugyb6mAYfoOqG_YOBWJ4AaABAg,Neutral
UgyB7UBeQdHqjnEJUzp4AaABAg,Relatable
Ugyb8_X1hMtmWugE0fJ4AaABAg,Relatable
Ugyb8fcCs5OE5Si1JP94AaABAg,Neutral
Ugyb9ME9zadkwIR39h14AaABAg,Relatable
UgyB9oBzzx3IT96NcL14AaABAg,Relatable
UgybbDkzbzFC75YSQyV4AaABAg,Neutral
UgybbOfbVC8EaI7g0Wx4AaABAg,Neutral
UgybCi2P4Yj40iYRHSh4AaABAg,Neutral
UgybCtV8cu2PoFb8BM14AaABAg,Neutral
UgyBCXAk_DIgSpPw4BR4AaABAg,Neutral
Ugybdv6r7DpJnE5fapx4AaABAg,Neutral
UgyBEC_iMt24P-PBvMp4AaABAg,Neutral
UgybEDNroEs3rN2st3N4AaABAg,Neutral
UgyBFjyvHSlP7gOmJUl4AaABAg,Relatable
UgybFqTsf9q1n9818md4AaABAg,Neutral
UgyBFS6NHeOK4F1iXaJ4AaABAg,Neutral
UgyBfTuESo31cb8gIk54AaABAg,Neutral
UgybGFAhMDm7oOlNl8V4AaABAg,Neutral
UgyBhq41E9MFvqfMNKl4AaABAg,Relatable
UgyBI-sqTujf8tyrxpx4AaABAg,Neutral
UgyBI97jRT9iWgYZhzN4AaABAg,Neutral
UgyBiLcLDk_J1Kkeq6J4AaABAg,Neutral
UgybJBDnJxKaqp7asDp4AaABAg,Neutral
UgyBkFhFY_yeF462fBB4AaABAg,Neutral
UgyBKk-BYBBjF_YKeGp4AaABAg,Neutral
UgyBKPSEoz3amnEe4yp4AaABAg,Neutral
UgybLwAac76CC3MYD0l4AaABAg,Relatable
Ugybmc9OiVsoRx0skpR4AaABAg,Neutral
UgyBmE8WPLAcbsgOGFx4AaABAg,Neutral
UgyBmPQtOif6jJYDCbF4AaABAg,Neutral
UgybMR9ljMauOvFoMCF4AaABAg,Neutral
UgybMsdCwp2nCJmECl54AaABAg,Neutral
UgyBnK5OzYPlvOjQlY54AaABAg,Neutral
UgybnvQOl8b_iBCxjVp4AaABAg,Neutral
UgybnXblSNC7p2GuSEh4AaABAg,Neutral
UgybnZ-gbStrpxdM4g94AaABAg,Neutral
UgyBp_Q9SShEFFcatgl4AaABAg,Relatable
UgybpAS7YXPeFS4bfbp4AaABAg,Relatable
UgyBPSeLRX_kQNRvsDZ4AaABAg,Neutral
UgybrSXGkzLFTcj9Ibl4AaABAg,Neutral
UgyBRY2XEUgfD5Y4J7d4AaABAg,Neutral
UgyBrZWe0LfqIbnpWuB4AaABAg,Neutral
UgyBsNAYKqzYnWnS7wB4AaABAg,Neutral
UgyBsntIj41xEcWNxkh4AaABAg,Neutral
UgyBuk_YfNxRdsMfk-B4AaABAg,Neutral
UgyBuMJwmagu84lD8Dp4AaABAg,Neutral
UgybUQ4LTU8eZHGO1Xh4AaABAg,Neutral
Ugybvc7zmGezvYlddqZ4AaABAg,Neutral
UgybvSoeweNX4q5iX6Z4AaABAg,Neutral
UgyBVVia1FFloQhvXDp4AaABAg,Neutral
UgyBwqX5LsdmN7nOON94AaABAg,Neutral
UgybX_R4G9dbwn169I14AaABAg,Neutral
UgybybddIhmk8Ds0o2p4AaABAg,Neutral
UgybYFNuTXdOcCG_Srd4AaABAg,Neutral
UgyBZ3ltPMVleTzfGhp4AaABAg,Neutral
Ugybz6j3dj_gfgePxXZ4AaABAg,Neutral
UgybzMhNQFXuYIMxsPB4AaABAg,Relatable
UgyC_PGlvuF2ShtZeUR4AaABAg,Neutral
UgyC-evYTv1_xxsKtY54AaABAg,Neutral
UgyC0SgX6PcWvwz-UR94AaABAg,Neutral
UgyC1gGHADaR259DIMh4AaABAg,Neutral
Ugyc1LzkB7SvvVNUHiF4AaABAg,Neutral
Ugyc1nACPKVZ0uh14yh4AaABAg,Relatable
Ugyc3TX6VhrIfzDJ4DZ4AaABAg,Relatable
UgyC3W5F5_ANBdUv7CF4AaABAg,Neutral
UgyC5U1vGRkiR1woRh54AaABAg,Neutral
Ugyc8vpf379cAehpxWd4AaABAg,Neutral
Ugyc9hw2OWFoLV9r1qx4AaABAg,Neutral
UgycaJs8N8UCKW_J4qF4AaABAg,Neutral
UgyCbKHiC-P0rF_jSPh4AaABAg,Neutral
UgyCBMGpuYv-_UHzzhp4AaABAg,Neutral
UgyCBtwNWkr8H0LPlml4AaABAg,Neutral
UgyCBVUpZE3V4FVBX1J4AaABAg,Neutral
UgyCC8si5jUpNHcadfp4AaABAg,Neutral
UgyCdc25o3LsNtO-stZ4AaABAg,Neutral
UgycEilpXtBr4l3gL514AaABAg,Neutral
UgyCFktXQV4b5Y8bqVh4AaABAg,Neutral
Ugycfl1adKNnEP7wgjp4AaABAg,Relatable
UgyCfsuEcxp37FjfqRF4AaABAg,Neutral
UgycG1VG79s6VKEUh594AaABAg,Neutral
UgyChyvhplQdjG7gIbB4AaABAg,Relatable
UgyCi1vtHI6d0KsQcgx4AaABAg,Neutral
UgyCiiWKmedU_KDHhiB4AaABAg,Relatable
UgycIIyGlXPMllSv_0p4AaABAg,Neutral
UgyCISnNCrDaTrfDuv54AaABAg,Neutral
Ugycjc0vnOCtVl7oqA94AaABAg,Neutral
UgycJimHb6boZ4qDB_h4AaABAg,Neutral
UgyCJJH-RiKhcZ7L7uR4AaABAg,Relatable
UgyCjV1gJIf5IE02Rb14AaABAg,Neutral
UgycJW2b5Q7x8HwHZmN4AaABAg,Neutral
UgyckbWi_39sv0uqoqV4AaABAg,Neutral
UgyCKlPgQWCmtMeW4sR4AaABAg,Relatable
UgycKRtNXIftx9p4dI54AaABAg,Neutral
UgyCL-nC0az-GboX28N4AaABAg,Relatable
UgyCLy7KV3m9ighQ9Gd4AaABAg,Neutral
UgycmG-eHGiqOxKC3wd4AaABAg,Neutral
UgycMGeFAN5n2p19m5V4AaABAg,Neutral
UgyCNcUd899GN3aQMr14AaABAg,Neutral
UgycNmcnMFLEbxsmBvV4AaABAg,Neutral
Ugyco2MkqFkZii_155t4AaABAg,Neutral
UgycoHuaaOhPyEHjLRV4AaABAg,Neutral
UgycOVG1BMuon4twgFJ4AaABAg,Neutral
UgycpJ4VKjUZ5imNaEN4AaABAg,Neutral
UgyCPjjJPgscbRHAbsd4AaABAg,Relatable
UgyCqI-ITm_9pgJjogd4AaABAg,Relatable
UgyCqJoyMih-oDQOv4h4AaABAg,Neutral
Ugycqltl1Hp40HSWo_d4AaABAg,Relatable
UgyCsdetI3i9ovRKyjh4AaABAg,Neutral
UgyCsentpKlwP1Ze4kt4AaABAg,Neutral
UgycSFvUiSbIwSELMbF4AaABAg,Neutral
UgyCsGg9Eb85F-1w_Wp4AaABAg,Relatable
Ugyctp3aOxGyZVeIiYB4AaABAg,Neutral
UgycWg8WNQnwd3jIoaF4AaABAg,Relatable
UgycWHkVJrhbtzvkfq94AaABAg,Neutral
UgyCxtKLoDHb0a6FPu54AaABAg,Relatable
UgycYh5wlqzG91fmR_F4AaABAg,Neutral
UgyCzsQPaVRZOefxHxl4AaABAg,Neutral
UgyCzxR1_jWkrOYh26x4AaABAg,Neutral
Ugyd1cElsucpcjS7AKZ4AaABAg,Neutral
Ugyd1SsufybyThEH9sJ4AaABAg,Neutral
UgyD2eTQJ1nwzRhIL3t4AaABAg,Neutral
UgyD2QUlNXDyGi3qOpV4AaABAg,Neutral
Ugyd3KN1X5mp4D9oOER4AaABAg,Neutral
Ugyd4Ogn4-zufUNxbg14AaABAg,Relatable
UgyD4ZqcwOTT7NF6RSp4AaABAg,Neutral
UgyD62VRQcpgidhUxIN4AaABAg,Relatable
Ugyd6bvjDaI_wzT1Yc94AaABAg,Neutral
UgyD8Ju2IJ71BjIoUjF4AaABAg,Neutral
Ugyd8mF8Z852t1e5aYV4AaABAg,Relatable
Ugyd8N4N1SzdHb7tZ1Z4AaABAg,Neutral
Ugyd97OsSN49QHwxIVN4AaABAg,Neutral
UgyDAJGORsbM7y3Yulx4AaABAg,Neutral
UgydaMTXRA9XeE6I6cd4AaABAg,Relatable
UgydC05Nl28icdvNOuN4AaABAg,Relatable
UgyDcTHveZsL2O09Mbx4AaABAg,Relatable
Ugyddq9l0a0XvbMZtVJ4AaABAg,Neutral
UgydfG0ZefW0ULJ7Gup4AaABAg,Relatable
UgydHkO2-lGOvebAox54AaABAg,Relatable
UgydJHXhxrP0nfWRSvp4AaABAg,Neutral
UgydJRi3hyjM73s9ni94AaABAg,Relatable
Ugydl4uq46Nd6gFEMnZ4AaABAg,Neutral
UgyDLaNBY6S8ZkUX6KJ4AaABAg,Neutral
UgydlbiUOdlR16ehBCR4AaABAg,Neutral
UgydlddJ8fuwNT6XQHN4AaABAg,Neutral
UgydLj38HYxXELjT99N4AaABAg,Neutral
UgydMb6pLz1RnJ9OjqV4AaABAg,Relatable
UgydmVo3egpRWAf2hvV4AaABAg,Relatable
UgydNuIkooRRd9FGEkl4AaABAg,Neutral
UgydNwisE94E_-DFJuF4AaABAg,Neutral
UgyDOPN79zQHNHEiWHV4AaABAg,Neutral
UgyDpA260YcXaQSZxgp4AaABAg,Relatable
UgyDpJr0wFO9kDSPgmR4AaABAg,Relatable
UgyDPqTySUZ-0daR7mh4AaABAg,Neutral
UgyDQfxlTMQ55LHWSjh4AaABAg,Neutral
UgydQvFtjAxYAkMyFKh4AaABAg,Relatable
UgyDr5KH9wkJM0f4llF4AaABAg,Neutral
UgyDr6IxlzMQouX5wIZ4AaABAg,Neutral
UgyDrmW0pL1rKQHjkqJ4AaABAg,Neutral
UgyDRVgOfTf8fGGQ4bB4AaABAg,Relatable
UgydS_u388Txb6hi_6F4AaABAg,Neutral
UgyDs3GkoOl3Yw1qfDV4AaABAg,Relatable
UgydsfPs4LkBKz6cf294AaABAg,Neutral
UgydsYdI7EmHBPqOoYZ4AaABAg,Relatable
UgydTRe3NJDhmzxAKn14AaABAg,Neutral
UgyDtU5KW-VaIkxuNN94AaABAg,Neutral
UgydUbsXL_pyoawpS7p4AaABAg,Neutral
UgydvoglCVpPgJCxG0B4AaABAg,Neutral
UgydvQOcXXWX43qrcFN4AaABAg,Neutral
UgydYCxo9NYbFUGTz_94AaABAg,Neutral
Ugydz0pB3J4hc5SWOoN4AaABAg,Neutral
UgydZab8LY21R9bTkOF4AaABAg,Relatable
UgyE-xC43qEaMXh_Cwp4AaABAg,Neutral
Ugye0e4i6z-94ebphn94AaABAg,Neutral
Ugye0KGS98M5w9UeGU94AaABAg,Neutral
Ugye2gcWMH7xniYk0354AaABAg,Neutral
Ugye2zOQe5xqj0cLHnh4AaABAg,Neutral
Ugye3jv4AG1QYGqK2Mh4AaABAg,Relatable
UgyE3m2D4pcb0gRKxLF4AaABAg,Neutral
Ugye4kuS0D01HDPRvYd4AaABAg,Neutral
Ugye6QtZbW-TrlPGSjd4AaABAg,Neutral
UgyE8g4qBKLCxEkeY554AaABAg,Neutral
UgyE8IXDcZ29GA3Gdwl4AaABAg,Neutral
Ugye8R4ybhz3-aruNW94AaABAg,Relatable
UgyE8tTh4_RQ51vjPhl4AaABAg,Neutral
UgyEa7EztxQNTZaNenh4AaABAg,Neutral
UgyEAgwq-TitNvYs4YZ4AaABAg,Neutral
UgyeAtaAYFiBP5xnScB4AaABAg,Relatable
UgyEBU9rbNZoQXH57hd4AaABAg,Relatable
Ugyebv2v9mgH0NPnMcZ4AaABAg,Relatable
UgyEcVYiEw2FctZGGLt4AaABAg,Neutral
UgyeD8i7fLTbX2G53Ht4AaABAg,Neutral
UgyeD91GHLYMgVuJJRB4AaABAg,Relatable
Ugyef0YHkzRMYIB1pJ14AaABAg,Neutral
Ugyeg3vKeLIllZ0ee1t4AaABAg,Neutral
UgyeGsVfjQjDxrar7QR4AaABAg,Neutral
UgyehbnQufFhKURnV-d4AaABAg,Neutral
UgyEhgPsO8pgr76z4JR4AaABAg,Neutral
Ugyei9Aw1lYQIkYJSGF4AaABAg,Neutral
UgyeiAuH5GPJlWyJKQZ4AaABAg,Neutral
UgyEjCqfeS2GjgcucN54AaABAg,Neutral
UgyEJSDC5IxWvDO-iKx4AaABAg,Relatable
UgyEK9W0osXTPqxR_0V4AaABAg,Neutral
UgyekbUybeGJr8hfHnp4AaABAg,Neutral
UgyekxWekatuIp5OB9l4AaABAg,Neutral
UgyeLh5itB-b8FiYaBJ4AaABAg,Neutral
UgyeM58x3RsBdPxe__l4AaABAg,Neutral
UgyemGOWzGMfBuYl5oB4AaABAg,Neutral
UgyeMZhDG48B-HiG6pZ4AaABAg,Relatable
UgyEN_FN9rT-1KGQJkh4AaABAg,Neutral
UgyEnYhqbWatIlJ6nNt4AaABAg,Neutral
UgyEO4s1Ze__han32294AaABAg,Relatable
UgyeoPytSlcsMDjLB9Z4AaABAg,Relatable
UgyePrlH9ijEZvs5TFJ4AaABAg,Relatable
UgyeQb-tMFuUemQoJXd4AaABAg,Neutral
UgyeQGiqptilZlXWbUR4AaABAg,Relatable
UgyEqx07CIyjr5cD4aB4AaABAg,Neutral
UgyEqzeviTmS2d2GCjF4AaABAg,Neutral
UgyeRH2GXR0VBQzW9N54AaABAg,Neutral
UgyERlh8-qmQxKQZXZx4AaABAg,Relatable
UgyertS0jU2P1LKrjuZ4AaABAg,Relatable
UgyeRYko_2m9njsmmNR4AaABAg,Relatable
UgyES_7xbDuh-UKOcBV4AaABAg,Relatable
UgyestrQPbCxXjwvy6J4AaABAg,Neutral
UgyeSYdlJWFPFtXr3Bd4AaABAg,Neutral
UgyeT7m7OmR3OsK1feV4AaABAg,Neutral
UgyeTdwv7NFI1VBHdCh4AaABAg,Neutral
UgyEUIB0q2aaJ0PwiKt4AaABAg,Relatable
UgyEUMfyAvh6skNXSal4AaABAg,Neutral
UgyewqdwwD35PNLBIhN4AaABAg,Relatable
UgyexFPcNgiAHT9SIjd4AaABAg,Neutral
UgyExutZH3xK6gH7uMV4AaABAg,Neutral
UgyEzcGflerAOg5mvR14AaABAg,Neutral
Ugyf-XPcJHDOuKiC8Kd4AaABAg,Neutral
Ugyf0knkpLZUofeu2BB4AaABAg,Relatable
Ugyf0M7QXgT9WqSd72F4AaABAg,Neutral
Ugyf0vH6cfJMn7qqEBV4AaABAg,Neutral
UgyF2rhQwEp7C83ADmp4AaABAg,Neutral
Ugyf31oN-QCgGqrlYeZ4AaABAg,Relatable
UgyF35WB7LqqrvSk2PF4AaABAg,Neutral
UgyF35Z9HyD5j8-JoAZ4AaABAg,Neutral
Ugyf3OHq3A8aVhzc-uR4AaABAg,Neutral
Ugyf3R6uwBNB18Mui614AaABAg,Neutral
UgyF3yyQ6IuzjifaTpR4AaABAg,Neutral
Ugyf49WUnshjpjVJLHR4AaABAg,Neutral
Ugyf54lXLJJ5UmBmgfh4AaABAg,Neutral
UgyF6kovVZN8OiDCtfh4AaABAg,Neutral
UgyF7iOSb974KKq4yMV4AaABAg,Relatable
Ugyf8vGukvzpE0b9Set4AaABAg,Neutral
UgyFAAImf8ruzamNsDZ4AaABAg,Neutral
UgyfAaTVDkwA8Lwhis14AaABAg,Neutral
UgyFAIt8tUs0NQnltXJ4AaABAg,Neutral
UgyFaueCkMdWVyZU1YJ4AaABAg,Relatable
UgyFB3kfgHBnMArp01d4AaABAg,Relatable
UgyfcCDYOXdKteWeeF94AaABAg,Relatable
UgyFcwmdfQI_ibyUi0t4AaABAg,Neutral
UgyFD_tRIVfsET6OmEp4AaABAg,Relatable
UgyFdB65c8joyg90Vqx4AaABAg,Neutral
UgyFdeeDcyz7fCTDD4R4AaABAg,Relatable
UgyFdO-kGVlfBo2hnSB4AaABAg,Neutral
UgyFDQkjngcuZZQiAL94AaABAg,Neutral
UgyFDrXIT3hTtlJB6ut4AaABAg,Neutral
UgyfDyY-D1jeAEr7V1B4AaABAg,Relatable
UgyfEaAcGtIAhalyZ0x4AaABAg,Relatable
Ugyfef6ImdILkv2dlwd4AaABAg,Relatable
UgyFETu8waAJYoZJUAF4AaABAg,Relatable
UgyFfXh8O_F2BFOpG5F4AaABAg,Relatable
UgyFIJpbhPrTmo9mABV4AaABAg,Neutral
UgyFiY-Wiydmnzf0oFR4AaABAg,Neutral
UgyFj2Rk7AbrGB8z6G14AaABAg,Neutral
UgyFjsaGlzpSojIqVON4AaABAg,Relatable
UgyFKCJW9IScS941gON4AaABAg,Neutral
UgyfkhLGaXEuHpx_kPd4AaABAg,Neutral
UgyfkqybPv__NI0HxiB4AaABAg,Relatable
UgyfkR_4qwnxtRgGCC54AaABAg,Relatable
UgyfKTPe_7Eq5kU7U2R4AaABAg,Relatable
UgyFkuPBqpchRo3uJSB4AaABAg,Relatable
UgyFl_OXr_9l2boo_jh4AaABAg,Relatable
UgyfL0s-nwthXuC9qad4AaABAg,Neutral
UgyflFW8f3w4P8yVUFF4AaABAg,Relatable
UgyfLJeE74WRSmgFJQB4AaABAg,Neutral
Ugyfm8R_ZJd-yL25Z_14AaABAg,Neutral
UgyfMBHoYOODR3_0eMV4AaABAg,Relatable
UgyfmILyuUE0rKA2YrF4AaABAg,Relatable
UgyFnCdfm6WjC1kUfRt4AaABAg,Neutral
UgyfnHjuav1OBPEVxxx4AaABAg,Neutral
UgyFnRViP9kNTQUD6VN4AaABAg,Neutral
UgyFNUD0XD20XeWSd3h4AaABAg,Relatable
UgyfNX1ccCL-C-O96Cl4AaABAg,Neutral
UgyFOMFxN35nmvTK2O94AaABAg,Relatable
UgyfPgxIERX8KCuakeB4AaABAg,Neutral
UgyfPkYVVBfDDGzsIHx4AaABAg,Neutral
UgyFPl26YQLove665b94AaABAg,Neutral
UgyFR-N5VRlTNR7VN6R4AaABAg,Neutral
UgyFRdjhcYJiaUyeYrp4AaABAg,Neutral
UgyfSFbMKVNlZwpcsx54AaABAg,Neutral
UgyFsm9P4oomahHOoQh4AaABAg,Neutral
UgyfTgz0Q42EZ4ia66h4AaABAg,Relatable
UgyfToUQRT1nZODswdt4AaABAg,Neutral
UgyFu7qAxVbNcWZ1lqN4AaABAg,Relatable
UgyfvmLgeIyENou742Z4AaABAg,Neutral
UgyFX4L7kCBe0YrehPV4AaABAg,Neutral
UgyFxNehhS9SVRlAaSh4AaABAg,Neutral
UgyFxSZlRV64wMQiT_d4AaABAg,Relatable
Ugyfy19b-PQEgw3sZgZ4AaABAg,Neutral
Ugyfy9yDKz_vTgl7-_J4AaABAg,Neutral
UgyFYc3_MLYiTw5hVO94AaABAg,Neutral
UgyFyeDmz5ss-rRCkWR4AaABAg,Relatable
UgyFyK3yoB4eO5RZEx14AaABAg,Neutral
UgyfZtnxy7f1vXLgR-d4AaABAg,Neutral
Ugyg_Cp_pEDTcCvWzy54AaABAg,Neutral
Ugyg-ltdd_RD8luGo154AaABAg,Neutral
Ugyg0CrLQeD6EcGNih94AaABAg,Neutral
Ugyg1TSsp0KyPPlBca94AaABAg,Neutral
Ugyg3vlFmCU6bL0xOC14AaABAg,Relatable
UgyG3w3H-CD7eWaAzRh4AaABAg,Relatable
Ugyg4-VCoRdDa3JON954AaABAg,Neutral
UgyG5Tqgo7G8w0R4MiF4AaABAg,Neutral
Ugyg5UZZKDfMeMEjYSF4AaABAg,Neutral
UgyG6LtSNra1aDq_k354AaABAg,Relatable
UgyG6nO8-BU3GzsRoQx4AaABAg,Neutral
UgyG8hKBhk7r_frEq1x4AaABAg,Relatable
Ugyg9eNn8ZT0FX0Ur8p4AaABAg,Neutral
UgyGacEqcWQWsxRWmLF4AaABAg,Neutral
UgyGAPZq_yyNRNPeOTl4AaABAg,Neutral
UgygB1Y6KJWuyk9Pqoh4AaABAg,Relatable
UgyGBqITv8qWB9hEkSF4AaABAg,Neutral
UgyGbt70_aI99IuD2O14AaABAg,Relatable
UgygBwdUS4nJLYTTP-B4AaABAg,Relatable
UgyGc5UC_GxNeFyjmZN4AaABAg,Neutral
UgygCEGuGYujpp7ZUtB4AaABAg,Neutral
UgyGcfn0qxf5uD3nHvJ4AaABAg,Neutral
UgyGDX9l3D-RoejLqTx4AaABAg,Neutral
UgyGeQxAI1S_2qCO2KV4AaABAg,Neutral
UgygEWzV786i833Xvp94AaABAg,Neutral
UgyGfq5GzbEyaz0wQlR4AaABAg,Neutral
UgygFSWNwjo56YcYRSR4AaABAg,Neutral
UgygfUpwmuLF0qMJ2d54AaABAg,Neutral
UgygG75SIow8KmVCDPF4AaABAg,Relatable
UgyGI70TiEWexAoth7h4AaABAg,Relatable
Ugygie3lboBIrrFzOsp4AaABAg,Neutral
UgyGivYpsBrkrr9oJPl4AaABAg,Neutral
Ugygj1WBewu1lC0Wgmd4AaABAg,Neutral
UgyGkdW3BztBrkHUBzt4AaABAg,Neutral
UgygKJeq512mvq5pUkl4AaABAg,Neutral
UgygKOeJPMthehQRr_R4AaABAg,Neutral
UgyGKTT8kZho7QXrh9p4AaABAg,Relatable
UgyGktVPFCVwikRB3Jt4AaABAg,Relatable
UgyglLeJ1FwEX8R7gYl4AaABAg,Relatable
UgyGlnirxuxiH1OjsVd4AaABAg,Relatable
UgyGlQ0REgEo-Yf-DuR4AaABAg,Neutral
UgyGM2o0EnVNiiJeC_l4AaABAg,Neutral
UgygmhS_q0R-htpEewd4AaABAg,Neutral
UgyGmsW_zzD1jN1LofN4AaABAg,Neutral
UgygmZbcdOo4jjx8C4V4AaABAg,Relatable
UgygnEkA60EUv3bJBFR4AaABAg,Neutral
UgyGnf_dSx3GhfOHNA54AaABAg,Neutral
UgygplvCIFb_tLE_dMN4AaABAg,Neutral
UgyGpps83wXDGCpqCpB4AaABAg,Relatable
Ugygq1YW50g3Uf5Wd9x4AaABAg,Neutral
UgyGQ4h1MGqEtgwwK7d4AaABAg,Relatable
UgygQfvIv-ZL1bO-Oml4AaABAg,Relatable
UgygqMbQJQD2DJo4RFd4AaABAg,Relatable
UgyGqO66gntHYnzq4mt4AaABAg,Neutral
UgygqT7vlC821pv-QpB4AaABAg,Neutral
UgyGRkXZybAhMzRJP694AaABAg,Neutral
UgygrZOoiL1Wua5H-HB4AaABAg,Neutral
UgyGSJXcfyfl5zBP5Wl4AaABAg,Relatable
UgyGt4aPMArLWghHmiR4AaABAg,Neutral
UgygU0IohaP7x8LMcOl4AaABAg,Neutral
UgygVgcRfDEz_udJfpR4AaABAg,Relatable
UgygWamFg7vYLt9QWlp4AaABAg,Neutral
UgyGWIwTxcqUFYNL20Z4AaABAg,Relatable
UgyGWU9by6azLG8Wmhl4AaABAg,Neutral
UgyGXEU6IDmid8ub-wN4AaABAg,Neutral
UgygxNh1hhT20YjU_dl4AaABAg,Relatable
UgygXQdy8d7iOlNb_q14AaABAg,Relatable
UgyGYm8pu4Rgx-LToZx4AaABAg,Neutral
UgygYqheQmDEEWZdgml4AaABAg,Neutral
UgyGZ0CAfYQLOv19R-R4AaABAg,Neutral
UgygZZHPvysXo8SmQl14AaABAg,Relatable
Ugyh_JOYv3VzPXVZ5Qh4AaABAg,Neutral
Ugyh_kIkg7udIlDQ2Dx4AaABAg,Neutral
Ugyh-lCQiC36Pi3Pind4AaABAg,Relatable
Ugyh3tG_dpq7UlJMz6Z4AaABAg,Relatable
UgyH4Q3BYGGPbE_ZfOR4AaABAg,Neutral
UgyH4xG5Pcvx_IJ7asd4AaABAg,Neutral
Ugyh5V84KYhIIUXx-th4AaABAg,Neutral
Ugyh5va79miwRMQM_PN4AaABAg,Neutral
UgyH6BOcXeIyVEpfkat4AaABAg,Neutral
Ugyh7K_uFqo1ROvnzpF4AaABAg,Neutral
UgyH7tuK4OB4PlzWyXx4AaABAg,Neutral
UgyH8KB271_rbimfytl4AaABAg,Neutral
UgyhA2woCW6IDNSsGOd4AaABAg,Relatable
UgyHa58jAV0wOq6CpIR4AaABAg,Neutral
UgyhafH2H1laZ6Mt3F14AaABAg,Relatable
UgyhAQ9nTirYiNgY-3Z4AaABAg,Relatable
UgyHB_VR_QW15RzqleN4AaABAg,Neutral
UgyHb6IKPWPrrxYZc454AaABAg,Neutral
UgyHbIy7lUsgiRcAq_J4AaABAg,Neutral
UgyhBRkYOJaC8PXhqfx4AaABAg,Neutral
UgyHCf5PanqZhWnow7Z4AaABAg,Neutral
UgyHcODsd1GH7nkxXYh4AaABAg,Neutral
UgyhDRIhkFIxUD1x37F4AaABAg,Neutral
UgyhDxqmT1FigKMmGKJ4AaABAg,Neutral
Ugyhe9roqHTS6L3XgGp4AaABAg,Neutral
Ugyhe9S4xSCe8Uj-cUt4AaABAg,Neutral
UgyHEms8aZIcGk7p0DZ4AaABAg,Neutral
UgyheUVMVIzsZQqayCx4AaABAg,Neutral
UgyHFPF9aPTrrgP2xqB4AaABAg,Relatable
UgyhgvAnxklXJblMvot4AaABAg,Neutral
UgyHI381JwzdwH3Z1CB4AaABAg,Neutral
UgyhIi1DxO7EG8WjSi14AaABAg,Neutral
UgyhIKU4tPLDGYFczo54AaABAg,Neutral
UgyHJUnDpm2Yyq4VHdJ4AaABAg,Relatable
UgyHjVxEq9WBGwWaP7V4AaABAg,Relatable
UgyHKjempavPeBG-4fF4AaABAg,Neutral
UgyhlazQvLCWEgBu1c54AaABAg,Neutral
UgyHLBN_QozioFfFkDp4AaABAg,Neutral
UgyHlLeLOjMS2SjzXTh4AaABAg,Neutral
UgyhlOfrSUXDLyWC8IF4AaABAg,Neutral
UgyHmffKLAu8dyBS9-54AaABAg,Relatable
UgyHMnsaMw7kbJSqyH14AaABAg,Neutral
UgyhMOHh9usGJ3rr6F14AaABAg,Neutral
UgyhmZ4kOIX3wXUJBTJ4AaABAg,Neutral
Ugyhn36P36yZffNWGWF4AaABAg,Relatable
UgyhnAbwqPam1bCuKqB4AaABAg,Neutral
UgyHnGlesRAiDAcGU7p4AaABAg,Neutral
UgyHNmS2ZpqH7x1NQaR4AaABAg,Neutral
UgyhNyFpqZ-pmxjXBMd4AaABAg,Neutral
UgyHO-Kt_1P0O3JOUZR4AaABAg,Relatable
UgyhO0zBiyVM0FPgPk94AaABAg,Relatable
UgyhoaJqWGGc6-SnCvd4AaABAg,Neutral
UgyhPcErdXC3dIMXQrd4AaABAg,Relatable
UgyHPnz1A1n70_LTEpB4AaABAg,Neutral
UgyHQ0re0ZszgleGoZh4AaABAg,Neutral
UgyHq2CPpBAqdJFJ6NF4AaABAg,Relatable
UgyhQgyeLkuoqjljQcV4AaABAg,Neutral
UgyHreYHYPrB4dO88el4AaABAg,Relatable
UgyHrhsk7oZ7cF-8-Gl4AaABAg,Relatable
UgyHscjf98COXT4EtH94AaABAg,Relatable
UgyHSSZNQZG7rEiIhGJ4AaABAg,Neutral
Ugyhsvt4NmSeC_wkpmx4AaABAg,Neutral
UgyhTG9JZZ8yhnpOIDF4AaABAg,Neutral
UgyhtIHez7VC2OY4mAV4AaABAg,Relatable
UgyhtJaW9-E6KGwt3ON4AaABAg,Relatable
UgyHtvdjYhs38e3odsl4AaABAg,Relatable
UgyhUIyHGvtzBfxmGTx4AaABAg,Neutral
UgyHUizqzsi7Uosr1mh4AaABAg,Relatable
UgyHwRswO0xcp8Jqet94AaABAg,Relatable
Ugyhya7RgehzlBn9LSJ4AaABAg,Neutral
UgyHzEgusn-8E6YiBjp4AaABAg,Relatable
Ugyhzf_UJTmrK4LqYUV4AaABAg,Relatable
UgyhZz66ax-eQ_msg0p4AaABAg,Neutral
UgyI_yXI_WyDLce-D2l4AaABAg,Relatable
Ugyi-URjS7KGzebPKLl4AaABAg,Relatable
UgyI-zA8EuRo_ejHZ3d4AaABAg,Neutral
Ugyi0Akhy_RjVuDcg-d4AaABAg,Neutral
UgyI21VGxdsrYI-_jxp4AaABAg,Neutral
UgyI2uOF-Hh07K0CN4Z4AaABAg,Neutral
UgyI2v_ZmUFbQ7bGWEB4AaABAg,Relatable
Ugyi3eOXkksb_Kb6uQp4AaABAg,Neutral
UgyI3fjUGNxYL4gPVml4AaABAg,Neutral
UgyI3gvYqqZq6tl_pad4AaABAg,Neutral
Ugyi3XnaeVG-hyEBlGh4AaABAg,Neutral
UgyI402DhpoTboKic314AaABAg,Neutral
UgyI4F5VdHg5SPpllw54AaABAg,Relatable
UgyI4mhnSl9owSsM4yt4AaABAg,Neutral
UgyI5DYokYgdBLenvpp4AaABAg,Neutral
UgyI5koOmQOLOVEwBLh4AaABAg,Neutral
UgyIaj9hr9FR_PRYzQt4AaABAg,Neutral
UgyiaL_MIN_FWfu0AtN4AaABAg,Neutral
UgyIAyuiawWbOa5syrN4AaABAg,Neutral
UgyIaZ6Hog3fDEHQFEd4AaABAg,Neutral
UgyIAZYcqVHqj7Sp2Fx4AaABAg,Neutral
UgyibIDzo41lr0Vqg9B4AaABAg,Neutral
UgyIbPfqkmCV-JGAikh4AaABAg,Neutral
UgyiBuK9RcfA_4MXnep4AaABAg,Neutral
UgyIC4_JiXfOERoEJyV4AaABAg,Neutral
UgyIDohbUCD3M2iHcGF4AaABAg,Neutral
UgyiEBqWDcyGbDvVclB4AaABAg,Neutral
UgyieFmqqAbzToYDwFJ4AaABAg,Relatable
UgyIEoUgkkAp8nTutwV4AaABAg,Neutral
UgyiET-_8Qtl4krmQup4AaABAg,Neutral
UgyiFIb0xdima-Q6afR4AaABAg,Neutral
UgyIg1zWspUOzMXhU_Z4AaABAg,Relatable
UgyIGAVBRZ951vFQzix4AaABAg,Relatable
UgyigV_QxTeJR82JFK54AaABAg,Neutral
UgyiGYFCzZSQFZpKHcJ4AaABAg,Neutral
UgyiH7bgdaEjQ9xbmg54AaABAg,Neutral
UgyIhJU-uDqBCQ1Cmp14AaABAg,Relatable
UgyIhu3Tx5sQOACY0WJ4AaABAg,Neutral
UgyihYJz9cNjbDreqXV4AaABAg,Relatable
UgyiISzfw30tnRcfTtd4AaABAg,Neutral
UgyIJmL2K-h3AnbvXhJ4AaABAg,Neutral
UgyikCo74q6qPorPdL94AaABAg,Neutral
UgyIKSPtUKIik25c36l4AaABAg,Neutral
UgyIL2sUeYzh69glC-h4AaABAg,Neutral
UgyiLCuY7LvgY8ka3Px4AaABAg,Neutral
UgyinHbmtMG_ifS0b6F4AaABAg,Neutral
UgyiO17x2JytUNgIkDh4AaABAg,Neutral
UgyIotgzlSi05afmTbx4AaABAg,Neutral
UgyiOTx8_dueAl1UxMF4AaABAg,Relatable
UgyiOYmqjesxP3Yi61V4AaABAg,Relatable
UgyiQwjywki6n58ilTx4AaABAg,Neutral
UgyIRh6FbGb7sogZqy94AaABAg,Neutral
Ugyis745STTqqkVklmB4AaABAg,Relatable
UgyISeTs92I1ywVjjR54AaABAg,Neutral
UgyitprYCLsHtNAJnZV4AaABAg,Neutral
UgyiTViEds7QhSk6BB94AaABAg,Neutral
UgyIu9K55anzyxsjIRp4AaABAg,Neutral
UgyiuIcirzWRF1aFv014AaABAg,Relatable
UgyiUY0fm5dR8VBnNpJ4AaABAg,Relatable
UgyiVfKGJlOjFHMsigZ4AaABAg,Neutral
UgyivGZVWf0ieewJSIR4AaABAg,Relatable
UgyiVuGYTFqNpqIaP3V4AaABAg,Neutral
UgyixxrfQARhUghwJeJ4AaABAg,Neutral
UgyIyJ3g1pbiUAs2uUd4AaABAg,Neutral
UgyiytkDX9SgTv7stt94AaABAg,Neutral
UgyIZ_5XVpvL5do9FSx4AaABAg,Neutral
UgyiZ7BmNmT-lObNlN14AaABAg,Neutral
UgyIz7ULBbpNQiz2TZN4AaABAg,Neutral
UgyIzdAV8CcwRT5nBQ14AaABAg,Relatable
UgyiZNgcwBiCa_2UnXJ4AaABAg,Relatable
Ugyj_hvbAx4iGKzW4UB4AaABAg,Neutral
UgyJ-B5r5qPBKyjXot54AaABAg,Neutral
Ugyj-fSm9gAe02jG14x4AaABAg,Neutral
UgyJ-gFMLiwy6YAy7ax4AaABAg,Relatable
UgyJ-wlLomE2PhCpj354AaABAg,Neutral
Ugyj1GB6PiAzge1kFHF4AaABAg,Neutral
Ugyj3V07zTsuWLbTWyx4AaABAg,Neutral
UgyJ3ylQcwH-iTnxNe14AaABAg,Neutral
Ugyj5Z4JO5417JFrL5F4AaABAg,Neutral
Ugyj6MF2YzThkJiQJpd4AaABAg,Neutral
Ugyj7QWfzpjPDhVhw1R4AaABAg,Neutral
Ugyj8on_uD__FSa5X2Z4AaABAg,Neutral
UgyJA06dh5883AUssGR4AaABAg,Relatable
UgyJAViDXWmOd8w5DQF4AaABAg,Neutral
UgyjAwJaedZbVm8o6hB4AaABAg,Neutral
UgyJb98Ch-SVaWx9Dc54AaABAg,Neutral
UgyjbFNzcOUYPqCx--N4AaABAg,Relatable
UgyJBwrQu95M1Rn2H4V4AaABAg,Neutral
UgyJC26eTluI97PJCM94AaABAg,Relatable
UgyjcfT9hjBv_XTPFMx4AaABAg,Neutral
UgyJCJnfPKqCIgjjO794AaABAg,Relatable
UgyJcpYXsj4y7gEK57d4AaABAg,Neutral
UgyjDekxDwr04Xe1aD14AaABAg,Relatable
UgyJDWSfazJJz6QGxKR4AaABAg,Neutral
Ugyje3QP4yre7ZLA1Et4AaABAg,Neutral
UgyJgRHPLMvtw_MG-ft4AaABAg,Relatable
UgyJGwRwNxzryntpDOV4AaABAg,Relatable
UgyjHI5fTOi6ggndGoN4AaABAg,Neutral
UgyjI6iDx0jc1W2_8Bl4AaABAg,Neutral
UgyjIM2GAwfieXc07s94AaABAg,Relatable
UgyJjF4A5Zg6w1Q1usl4AaABAg,Neutral
UgyjJYtwi0ME0sf-clR4AaABAg,Neutral
UgyjjYYa_2vo9QxL80Z4AaABAg,Neutral
UgyJklm1YoRQajRYWll4AaABAg,Relatable
UgyjKZyRIvUG6usF2354AaABAg,Neutral
UgyJLkC9fuXrQon73At4AaABAg,Neutral
UgyJlOneSgHoZp_354B4AaABAg,Neutral
UgyjlxDRzhHJ6qwBI_t4AaABAg,Neutral
UgyJmzEBR00gzLC6RAl4AaABAg,Neutral
UgyjNcJjT9AoDc1wvpt4AaABAg,Neutral
UgyjnZ9pqpyDyd7HIFt4AaABAg,Neutral
UgyJOykjKbGP_t5V1QR4AaABAg,Neutral
UgyJp9tGGTHt2v57xwR4AaABAg,Neutral
UgyjPQpwbxI_7lBTcp94AaABAg,Relatable
UgyjqMC9IPnMcgFTA1B4AaABAg,Neutral
UgyjqzA69rUMT0Bmbbh4AaABAg,Neutral
Ugyjr9ofjoc6Ls-vOJZ4AaABAg,Neutral
Ugyjrn9AxrCWkuvLZsl4AaABAg,Neutral
UgyjRS02WBCa27gsu_h4AaABAg,Relatable
UgyJs0MkSZK3tfW3SkV4AaABAg,Neutral
Ugyjs1sLdo-VvavBMy94AaABAg,Relatable
UgyjSbPia8V-2QoqaUF4AaABAg,Neutral
UgyjSZTF_MnozSb7s0d4AaABAg,Neutral
Ugyjt-wJDBD7Bh8S0qJ4AaABAg,Neutral
UgyJu9ZxBtQ866FHjjV4AaABAg,Neutral
UgyjVg2dKSrzUowg65J4AaABAg,Neutral
UgyjVIp9LUvEbeVfrXx4AaABAg,Relatable
UgyjVsNrqQrl9dNkaJl4AaABAg,Neutral
UgyJW37CFhSd5uk-qVl4AaABAg,Neutral
UgyjwmkAXIxCgVZibdF4AaABAg,Neutral
UgyJwMXGNZwUHLM1g4p4AaABAg,Relatable
UgyjWPRY4rT6Mm40AB94AaABAg,Neutral
UgyJWURgjcb-92XFxtp4AaABAg,Relatable
UgyJxdliTwa87Lq718V4AaABAg,Neutral
UgyJXhvK0YqaYCV43m94AaABAg,Relatable
UgyjxNHvK-_VXmmHJ_R4AaABAg,Relatable
UgyJXT5fHsptX-ka7G94AaABAg,Relatable
UgyJYA99QSxJceWAw8x4AaABAg,Neutral
UgyJYYDYr03lx2cTUYZ4AaABAg,Neutral
UgyjZo8hhtF2cVWUg8F4AaABAg,Neutral
UgyJzU_ax5m0bqmtoJV4AaABAg,Neutral
UgyK-4ag3AHFov7kFlF4AaABAg,Neutral
UgyK-q58sucDn-pRKNt4AaABAg,Neutral
Ugyk0jcXLh7xN6q7swF4AaABAg,Neutral
Ugyk0wuHESgfDklYze94AaABAg,Neutral
Ugyk1cdG1MgKO0e8D6N4AaABAg,Neutral
UgyK2uXvVeqCQTjId714AaABAg,Relatable
Ugyk3lpAuYoO9gIv9-V4AaABAg,Neutral
UgyK4DS52ORLRiFn6Wp4AaABAg,Neutral
Ugyk55ZTdzlyPazu7Bx4AaABAg,Relatable
Ugyk5FPqSsBIxT0ZXJN4AaABAg,Neutral
UgyK7fAbao-I3akEClF4AaABAg,Neutral
UgyK8k8NXS9g6MtZSTd4AaABAg,Neutral
UgyKAKH8cQ3a1BbX01R4AaABAg,Neutral
UgykAl_n5yAa3cnYwEZ4AaABAg,Neutral
UgykaL2rihUXiNEaayF4AaABAg,Relatable
UgyKaNpSvDf1UsXa6vR4AaABAg,Neutral
UgykAnsRRwPSNEb7azV4AaABAg,Neutral
UgykAS-gQN4jhat1eaR4AaABAg,Neutral
UgyKBwSEdI2SD4IPlFJ4AaABAg,Relatable
UgykcmfrDuLBDtxDFOh4AaABAg,Relatable
UgykdEKbe8z-fWtYAhV4AaABAg,Neutral
UgyKEm7-iJG5-KVkddB4AaABAg,Neutral
UgyKeQSs6W749nMXoat4AaABAg,Relatable
UgyKFq9tx0qA6iFPgXh4AaABAg,Neutral
UgykfVNejDlifrl8p7t4AaABAg,Neutral
UgyKh1Q3d0JcJjxFt4B4AaABAg,Neutral
Ugykh5rhiVrbR8OO6xR4AaABAg,Relatable
UgykHGjsdw35N5iNPE14AaABAg,Relatable
UgyKHkUWTEPXCU1khi94AaABAg,Relatable
UgykhNPJJworN2imNEt4AaABAg,Neutral
UgyKI_gocSoYL_2CUmB4AaABAg,Neutral
UgykI1UDl6ruAssSjh14AaABAg,Neutral
UgyKIfldv5K-w2AAHMJ4AaABAg,Relatable
UgykjL3-2O5WY8eiNwh4AaABAg,Neutral
UgyKJRVeTXZ1bhD-E994AaABAg,Neutral
UgyKK7tV4uqlahgNqFZ4AaABAg,Relatable
UgyKKfUd8q6buE0rc5p4AaABAg,Neutral
UgyKkJLBhHZ6-6W01Sl4AaABAg,Neutral
UgyKknR8THJHp0jpwDR4AaABAg,Relatable
UgykKqnoKi4bF4o7GBB4AaABAg,Relatable
UgykLF2qOpcFkmOwfzV4AaABAg,Neutral
UgykmdnjQROnvmrpPyN4AaABAg,Neutral
UgykmgJ9uF7o1If-gVF4AaABAg,Neutral
UgyKMIeCibI03SR3GDh4AaABAg,Neutral
UgykMkGTo4b50E3yizl4AaABAg,Neutral
UgyKN2snUHlMw3OC15B4AaABAg,Neutral
UgyknGCzPtson7_Rzcd4AaABAg,Neutral
UgykNiQhGHB1EQseyrJ4AaABAg,Neutral
UgyknjkUugG8AdzgtLZ4AaABAg,Neutral
UgyknLUau6CQQvFSEsV4AaABAg,Neutral
UgyKnsVDQ-633gjAw454AaABAg,Neutral
UgykOcDJ2V-O850MZB14AaABAg,Neutral
UgyKpDZNf0mtGtXjcGF4AaABAg,Relatable
UgykQt0VTfmXA-HmOOt4AaABAg,Neutral
UgyKRpei3nKS3FtKJ7J4AaABAg,Relatable
UgyKrygUGuCozeGnDbV4AaABAg,Relatable
UgykSPP5sSVtf8udL4Z4AaABAg,Relatable
Ugykt3h0jSOakXaPBwB4AaABAg,Neutral
Ugykt7_AsmAwSWK3vyl4AaABAg,Relatable
Ugykt70JSw1bGkhikRl4AaABAg,Relatable
UgyktQ6hSKyD16mEN7F4AaABAg,Neutral
UgyKuiM1R8Dka4QiWBZ4AaABAg,Neutral
UgykuZVcm3iXJoRDRrB4AaABAg,Neutral
UgyKwgjPAeC3E6YKTM54AaABAg,Relatable
UgyKwNYgbBYJfsQ1p754AaABAg,Neutral
Ugykwo4-vS8yk6Uc98h4AaABAg,Neutral
UgyKWoUqig-JI2IZ5jl4AaABAg,Neutral
UgyKWYRobjMrflr_EAt4AaABAg,Neutral
UgykxDLyanIjjWyej654AaABAg,Relatable
UgyKxMqxzz5RQhm7cWd4AaABAg,Relatable
UgyKXrCbmKRJLGICaCV4AaABAg,Neutral
UgykYl4UMeXBdqaN5OF4AaABAg,Relatable
UgykZ3e-kwRezlcVaD94AaABAg,Relatable
UgyKZBpVky7EU1mJSpt4AaABAg,Neutral
UgyKzcqjSejFm_ChjJ14AaABAg,Relatable
UgykzPh3l_B6OfHhBwl4AaABAg,Relatable
Ugyl_WA9AC7u0vl1U5J4AaABAg,Neutral
UgyL3FrznuYs1B9eWiV4AaABAg,Neutral
Ugyl4VfDOjtbkCouQYB4AaABAg,Neutral
UgyL5e2gqqfoUcxplH94AaABAg,Neutral
Ugyl6bQK2jXy4VAzszp4AaABAg,Neutral
UgyL7o8OhSQAaiTMRSt4AaABAg,Neutral
UgyL7SEE-j2DNesna2p4AaABAg,Neutral
UgyL8lIhiHC94yxus-Z4AaABAg,Neutral
Ugyl8sJ5Nw9ZykBIdn14AaABAg,Neutral
UgyL8w6QQcYRdaESpF54AaABAg,Neutral
Ugyl8YTWF74qZv8hQOt4AaABAg,Neutral
UgyL9TmZl0av0dxGkw54AaABAg,Relatable
UgylBdJIoIJjr2ka7Sx4AaABAg,Neutral
UgylBulXZnfVmzlkEzl4AaABAg,Neutral
UgyLc2qynKJoKy16p0h4AaABAg,Neutral
UgylC7lT_W6Qrkxx0254AaABAg,Relatable
UgyLCoassyd9ugCqLPF4AaABAg,Neutral
UgylD0cTAy5kRmFRh8d4AaABAg,Neutral
Ugyld1Q6-FuX7yXp0Yp4AaABAg,Neutral
UgyLdwz2R0cRI-PzLOt4AaABAg,Relatable
UgylE4xinAnvfEFMP-J4AaABAg,Neutral
UgyLFieiGwrRKGFO1Vh4AaABAg,Neutral
UgyLFnd0F68EYxeaKFF4AaABAg,Relatable
UgylGvuFpL7NoVZHkvB4AaABAg,Relatable
UgylHMvR5Jj-kH6uHNx4AaABAg,Relatable
UgylhX08WE6YjMUa4254AaABAg,Neutral
UgyLIg9bG8Nj9WgcThJ4AaABAg,Neutral
UgylilNneIIcY32FeFR4AaABAg,Neutral
UgylK10Ja5rmvF1p5EV4AaABAg,Neutral
Ugylk2q0IIevTsaCi6Z4AaABAg,Neutral
UgyLL3H-Wh1aVzetLxB4AaABAg,Relatable
UgylMbBQVcnvnWez0H54AaABAg,Relatable
UgylnK6GPGIICvC0d_94AaABAg,Neutral
UgylnL3DKLCzAWoFah54AaABAg,Neutral
UgyLnrSPt06toN8Rs4l4AaABAg,Relatable
UgylOCAI77YfbVcOTbt4AaABAg,Neutral
UgyLoZJ5mXvJsSJ5qHd4AaABAg,Neutral
UgyLq54nh4OZNgCmRP94AaABAg,Relatable
UgyLQSI1Qrn3SWeivGp4AaABAg,Neutral
UgylreXrMoicgnnytoJ4AaABAg,Relatable
UgyLsyyjQCYJZriaePl4AaABAg,Neutral
Ugylt_N7yfaniOH65Tt4AaABAg,Neutral
UgylueVydPp8oA4qHzF4AaABAg,Neutral
UgyLuP9kyQxL-dWsfJ54AaABAg,Neutral
UgyluWkq9t8XnwZVM9J4AaABAg,Neutral
Ugylv2TK9zK1ENP999t4AaABAg,Relatable
UgyLvqIrR622bhd726t4AaABAg,Neutral
UgylvRChQ6hOCvWDYWV4AaABAg,Neutral
Ugylw0q7ldClZoEBGl94AaABAg,Neutral
UgyLxBYKeOVAVZMgvQx4AaABAg,Neutral
UgylYouajgxwFMvFbsF4AaABAg,Relatable
UgylYP0W24ExrO708AJ4AaABAg,Neutral
UgylYwnJ8XmPMTTzaex4AaABAg,Neutral
UgylZMEfVdIWoWM9MRF4AaABAg,Relatable
UgyM_FwF0QBNdhICdHd4AaABAg,Neutral
UgyM5bxaCFr5xWq_3TZ4AaABAg,Neutral
Ugym5GRjC2iV5skP5CR4AaABAg,Neutral
UgyM6Dv9E6xiZGlGWxp4AaABAg,Neutral
Ugym6oHBTzjykgqxklR4AaABAg,Relatable
UgyM7F1iMeJbkszFZBR4AaABAg,Neutral
UgyM8E-oyfMDtuKMvTV4AaABAg,Neutral
UgyMAfsx6-ROuGTz7Et4AaABAg,Neutral
UgyMATwmSTnpaBUmHvt4AaABAg,Neutral
Ugymbau7ZBS4ka5nqat4AaABAg,Relatable
UgyMBjZQ1lvIjYNUsZ94AaABAg,Neutral
UgyMcltQxkqKO1LE3YN4AaABAg,Relatable
UgyMCVO2LzknMXTxoJl4AaABAg,Neutral
UgymCYFPEC2Nko1wXRB4AaABAg,Relatable
UgymDfaFYDJVIa0LpHF4AaABAg,Neutral
UgymDW1OxiI0kAM2Zv54AaABAg,Neutral
UgymDzztPQRZOUAyD6x4AaABAg,Neutral
UgyMecoFKBYWyts5bkd4AaABAg,Neutral
UgyMeF6b29qbGsl97nB4AaABAg,Neutral
UgymeFHFU8rNc0Ic1n14AaABAg,Neutral
UgymEJkXZ35hL4owoBd4AaABAg,Neutral
Ugymf_AKN5nKiFLqx6F4AaABAg,Neutral
UgyMfaSkqP2EEuY0VtN4AaABAg,Neutral
UgyMfZxKxyDwPDP_qwp4AaABAg,Neutral
UgymG8yJ8oJNHafuF_t4AaABAg,Neutral
UgymGai73XiDxBDbibV4AaABAg,Neutral
UgymGIPlD08YLeeuFU14AaABAg,Neutral
UgyMgQFZsSRSrRnwbDp4AaABAg,Neutral
UgymH-37UWxPrtNXdWN4AaABAg,Neutral
UgymHD30b89jr3bic7R4AaABAg,Neutral
UgymivM6HodiHKooPlV4AaABAg,Neutral
Ugymj5nWeMynVkPiRLl4AaABAg,Neutral
UgyMjaLJwB7ZeKkdHb54AaABAg,Neutral
UgyMjbErT5LLofKZ8kZ4AaABAg,Relatable
UgyMjC7vzUGxJMwWGxd4AaABAg,Neutral
UgymjDJBsU8-vShquQJ4AaABAg,Neutral
UgymJkkK6EvwWD9CVhp4AaABAg,Neutral
UgymkBnhk_fiSxITgnB4AaABAg,Neutral
UgyMlXj8kQyCD2gAERx4AaABAg,Neutral
UgyMMeBODQeNCPg6m_N4AaABAg,Neutral
UgymMH6sprNrz1V4zmZ4AaABAg,Neutral
UgyMmIIpdr8YdtyP0Kp4AaABAg,Neutral
UgymmtighID4UKkbIcZ4AaABAg,Neutral
UgymNaOB5VHIxnzcNVd4AaABAg,Neutral
UgyMo0WECtWTXO4tO_l4AaABAg,Neutral
Ugymp_CL8dCUxrp7wnN4AaABAg,Neutral
UgyMpJ9NAqnr3CSzlQ14AaABAg,Neutral
UgymQb0S5zlE6cYB7X14AaABAg,Relatable
UgymqKEDMumAHpJYhzB4AaABAg,Relatable
UgyMqX5WMQpbR8PQ7394AaABAg,Neutral
UgyMQxLsEMxRG-MaBmZ4AaABAg,Neutral
UgymR32MnW-KwH0xHkV4AaABAg,Relatable
UgyMRUv3TFdmzIIza-R4AaABAg,Neutral
UgyMsAwveWnot2j3N7p4AaABAg,Relatable
UgymSScncIqtX9J_dA54AaABAg,Neutral
UgymTq765xwot8fN0Ix4AaABAg,Relatable
UgymTuRLLXDeREfLa6d4AaABAg,Neutral
UgymtVUrUmK6fM8nblN4AaABAg,Neutral
UgymtZothm_KDagWVvF4AaABAg,Neutral
UgymunRzjMEf8FVfyxR4AaABAg,Neutral
UgyMWebIaHFfnVdFrB94AaABAg,Relatable
UgyMWqfNIX6rBhbTKoV4AaABAg,Neutral
UgyMxjAGnlF5UVH0Vv54AaABAg,Neutral
UgyMxSVZ7bd4ZiHyzml4AaABAg,Neutral
UgyMxVQAtI02Z-i8xGZ4AaABAg,Neutral
UgyMYDrnUXop5vU3YzN4AaABAg,Neutral
Ugymz5iWQHh788SME2h4AaABAg,Neutral
UgyMzmm5yz7YtAejMjZ4AaABAg,Neutral
UgyN-MAJg_T_QOBAzMJ4AaABAg,Neutral
Ugyn0e7TzmwieKqhjTJ4AaABAg,Neutral
Ugyn1F6zfJkmT78aMKV4AaABAg,Neutral
UgyN1V1IrBdVxqEBY414AaABAg,Neutral
UgyN2bIvZq1iLxVRBuN4AaABAg,Relatable
UgyN2ySpRrJ5gCVIFpZ4AaABAg,Neutral
Ugyn3QqHX-mN-gz-xmZ4AaABAg,Neutral
UgyN4ctbjBERyhzbw_p4AaABAg,Neutral
UgyN5HOstjFJCf9b64l4AaABAg,Relatable
Ugyn69re3PK1mbzZoPp4AaABAg,Neutral
Ugyn6g_fFy7beaWYMKF4AaABAg,Neutral
UgyN7BkeuuNiOPl90IJ4AaABAg,Neutral
Ugyn7VW-BbPn1PkXJ314AaABAg,Neutral
UgyN8daK5HzXgMLPEgV4AaABAg,Relatable
UgyNabaUAPr8AB-JVAh4AaABAg,Neutral
UgynaETDGhlNgOUUPRx4AaABAg,Neutral
UgynBhMnidycrLOtADh4AaABAg,Relatable
UgyNeB-tS0UUnoX_VNJ4AaABAg,Neutral
UgynEON6O22hPiLm_Tl4AaABAg,Neutral
UgyNEwKU80yPjSuoDVZ4AaABAg,Relatable
UgyNfVgYFnFs6tch7X94AaABAg,Neutral
UgynGGMmqaQY0u8gnpZ4AaABAg,Neutral
UgynguETjb9AvTysPkZ4AaABAg,Neutral
Ugynh-QTITZ2VoIh3eR4AaABAg,Neutral
UgynhDki6Nm_fucr5mF4AaABAg,Relatable
UgyNHgKtOKJmq54FzgN4AaABAg,Neutral
UgyNhIWzKjHx2Y5In3h4AaABAg,Neutral
UgynIG_ekGNoZntveKR4AaABAg,Neutral
UgynjwzBTEfZffqDpD94AaABAg,Neutral
UgyNKT45Q97Q1KPoyYV4AaABAg,Neutral
Ugynm6WPqsqJVx1XZCB4AaABAg,Neutral
Ugynmuj3X3g1b3tgQCd4AaABAg,Neutral
UgynnpWFXzY9W3Zz_6h4AaABAg,Relatable
UgyNNwwp_7_v1Xyav9l4AaABAg,Neutral
UgynoGgIczCc3Zjo2jx4AaABAg,Neutral
UgyNOSzg4Gs3MgGLibx4AaABAg,Neutral
UgyNPa8VHlIypp85gFF4AaABAg,Neutral
UgynPDCc9LPJaazOBqZ4AaABAg,Neutral
UgynQDPmRa5xU_wyxDl4AaABAg,Relatable
UgyNQRMej5nfvZGUpFl4AaABAg,Neutral
UgynQRZfUQSwVpcSsdV4AaABAg,Relatable
UgynrKgugDUXghMKkk54AaABAg,Neutral
UgyNRMYrZRiEeJqjju14AaABAg,Neutral
UgynSY9kUK1qrR0PMaN4AaABAg,Relatable
Ugynu-kZ4MBSJg6sD-p4AaABAg,Relatable
UgyNuRltm1fK_VQx8wt4AaABAg,Neutral
UgyNVe_dXq5xZgM937J4AaABAg,Neutral
Ugynvv3U4Hp_s3UIVph4AaABAg,Relatable
UgynWTF4TGhncPu429F4AaABAg,Relatable
UgyNXA_IDo7FOHNXvQ94AaABAg,Neutral
UgyNXc94oG5JrmyON0l4AaABAg,Neutral
UgyNxd7T4qUHZsRcZ594AaABAg,Neutral
UgyNxGcKmiquWLeVbLR4AaABAg,Neutral
UgynXTIbnjjQQ541V4h4AaABAg,Neutral
UgynyBUrUASbLOiLYil4AaABAg,Relatable
UgynYerlX6mIaMqHKJN4AaABAg,Neutral
UgynZsE1U6s1Ueeppo14AaABAg,Relatable
UgyO_7UZm6YGfbKlnzV4AaABAg,Neutral
UgyO_FCSSk2bcKvsymt4AaABAg,Relatable
Ugyo-immD1LqiWSCWVx4AaABAg,Neutral
Ugyo2W51p_fW4GDtXQV4AaABAg,Neutral
Ugyo3316eBlXWV4gHnh4AaABAg,Relatable
UgyO44Mm-nbjwcsmUZ94AaABAg,Neutral
UgyO5l-BFnadpJxnjqV4AaABAg,Neutral
UgyO8itTf35jw2yzgtF4AaABAg,Neutral
UgyO9g0uIAA8qQKtWTt4AaABAg,Relatable
Ugyo9ow1Ib7_T3W5-EJ4AaABAg,Relatable
Ugyoa9UHD7wDennQiQh4AaABAg,Neutral
Ugyoal1iLAPiCsxHsQF4AaABAg,Neutral
UgyobPv47Cy3ZukDxIB4AaABAg,Neutral
UgyoBxWlMXNbRrV_D3l4AaABAg,Neutral
UgyoC3RHLEFvkDBztyd4AaABAg,Neutral
UgyoCl8JNuJnrs7vZYl4AaABAg,Relatable
UgyocNYi2M7Pi4LluTZ4AaABAg,Neutral
UgyocrUHHVG77SwMXGJ4AaABAg,Relatable
UgyOddbAqOQPleRGfUB4AaABAg,Neutral
UgyODfkH4bkSJmGpdXl4AaABAg,Neutral
UgyOeB233CiHqtAtiwp4AaABAg,Relatable
UgyOes1jzYUkBy7l0wx4AaABAg,Neutral
UgyoFj91xvBl55NPro14AaABAg,Relatable
UgyOFM26H8iMrgirsFV4AaABAg,Neutral
UgyofwdK3NEInI8HzVJ4AaABAg,Neutral
Ugyog_i7nhLaYWEXc7l4AaABAg,Neutral
UgyOGoOUcxb0OoCeJHB4AaABAg,Relatable
UgyOH2qNGL1AyZf3IcF4AaABAg,Relatable
UgyOhWmlvyMKLsHyu2x4AaABAg,Neutral
UgyOIaCXYoMtQHwCc_J4AaABAg,Neutral
UgyoICxk0W-5LQ_VrPl4AaABAg,Relatable
UgyOKahzC_fx1IDsXAV4AaABAg,Neutral
UgyokcxoPNSFA-8em2x4AaABAg,Neutral
UgyoL5zgKJH9YVdzHEF4AaABAg,Neutral
UgyoleX95khYVgPeOx54AaABAg,Relatable
UgyOLwgUH5UdtLtrCPV4AaABAg,Neutral
UgyomDWlcPKkFqN84Up4AaABAg,Neutral
UgyomqL1thT4E3HCqM54AaABAg,Neutral
UgyOmTH6vYRh5pVVrSl4AaABAg,Relatable
Ugyon-_sQGJAgGhuBZ94AaABAg,Relatable
UgyopN4VeXn8kwEZHmB4AaABAg,Relatable
UgyopTCKmqmRZ_L0gut4AaABAg,Neutral
UgyOpw3rZoQzcdA-Hwd4AaABAg,Neutral
UgyoQ5EStGcRiS9iF1N4AaABAg,Neutral
UgyOQFtJ0FxXnuZ6k7V4AaABAg,Neutral
UgyoqIYXOH6545oeKqd4AaABAg,Relatable
UgyOQKrxcXoXi3C8bU14AaABAg,Relatable
UgyorBB8iXo2mLoWikp4AaABAg,Neutral
UgyorGYn4PjKbJws2u54AaABAg,Relatable
UgyOrW3DPIfq1REMjkt4AaABAg,Relatable
Ugyoso5DZ3brm1cUN0N4AaABAg,Neutral
UgyoSOZrBWtHmw23pgJ4AaABAg,Neutral
Ugyot-gkHP3soqlLEIt4AaABAg,Neutral
UgyOt8ReYmtuS1AG8794AaABAg,Neutral
UgyoTuk31sOBCVuzrUZ4AaABAg,Neutral
UgyoTwoggzBfdksHyZB4AaABAg,Neutral
UgyOUL51wx7-xhYViAF4AaABAg,Neutral
Ugyounn16NO_C19iHrV4AaABAg,Neutral
Ugyov86muVMKACderqR4AaABAg,Neutral
UgyoVoB5nwOjpf3zGYR4AaABAg,Neutral
UgyOvUM8KIYeqAINTsl4AaABAg,Relatable
Ugyow25sn0cXovFebrt4AaABAg,Neutral
UgyOWOdwBAHzgHexyiZ4AaABAg,Relatable
UgyOX1gWsdJzFJlGJid4AaABAg,Relatable
UgyOx9VRp5BCcUtAUqd4AaABAg,Relatable
UgyOXk_ixekvlM2ZYEJ4AaABAg,Neutral
UgyOxMsXinsUjGJDb6Z4AaABAg,Relatable
UgyoY4eYVYy8pZS1nbF4AaABAg,Neutral
UgyOZBoFRQxY879631F4AaABAg,Neutral
UgyoZIzq0dITrhbhBnl4AaABAg,Neutral
UgyP_DQnSAOThvpFM5d4AaABAg,Neutral
UgyP_xl_dnuX90x1hil4AaABAg,Neutral
Ugyp--VwOhQ109276sx4AaABAg,Relatable
Ugyp-ymyzLrJ6IvjyHp4AaABAg,Neutral
Ugyp1ea_2tziyt-d_MN4AaABAg,Neutral
UgyP24bnrTdW_hIVhot4AaABAg,Neutral
Ugyp2cyo8a0mHiMelYR4AaABAg,Neutral
Ugyp3D0TY_34YgxD2GV4AaABAg,Relatable
Ugyp3EEMsm0Vp5qyluN4AaABAg,Neutral
Ugyp3INati_wwrPOu5F4AaABAg,Relatable
UgyP4xkpCJWpsCZYy6l4AaABAg,Neutral
UgyP5EJWeKCoW9YYhbx4AaABAg,Neutral
UgyP8d1mjE3vxkOFU0Z4AaABAg,Neutral
UgyP98f6xBCMgK6Uayp4AaABAg,Relatable
Ugyp9vgQTP2EzEvurrp4AaABAg,Relatable
UgyPAePp78Gn7W9NRWp4AaABAg,Neutral
UgypBGKb056qB-9Qp2p4AaABAg,Neutral
UgyPcffBTJUwpkkUtxp4AaABAg,Neutral
Ugypd8l-3i5i_rn47ER4AaABAg,Neutral
UgyPEMj8bkdsM-6QkU94AaABAg,Neutral
UgyPeV12A0fJMee_-vB4AaABAg,Neutral
UgyPevYQCgdFkbPnk154AaABAg,Neutral
UgyPF1IyIHcZkTTivAp4AaABAg,Neutral
Ugypf8Q433eBXhHWcbB4AaABAg,Neutral
UgypFPIfSTFqwIH-UQB4AaABAg,Neutral
UgyPfWIuwgMijBDcXJp4AaABAg,Relatable
UgypH7gdYcmutXislpJ4AaABAg,Neutral
UgyPhcWNWEvwMIYMrVV4AaABAg,Neutral
UgypiOw50Kr21E33gT94AaABAg,Neutral
UgyPiZzYKFjjl_6LUxJ4AaABAg,Neutral
UgypJK_CwJdliT_94tZ4AaABAg,Neutral
UgyPjPvF0RqobYDYQ_F4AaABAg,Neutral
UgypjTBrUXl0wB1mN054AaABAg,Neutral
UgypKB6KmgX6JoY0Nit4AaABAg,Neutral
UgyPKgaqjf4VMHWTTBh4AaABAg,Neutral
UgyPKIw_JwtbFiwlJRt4AaABAg,Neutral
UgyPKnqq7c3MxvU4zDh4AaABAg,Relatable
UgyPkPzP0njFPh0Jalx4AaABAg,Neutral
UgyPkz4mIR_p-kdItj14AaABAg,Neutral
UgyPlIq_dxrQH7nCGv54AaABAg,Neutral
UgypllChnYgJBb5d4dZ4AaABAg,Neutral
UgyPm9am4DTdv9-2km54AaABAg,Relatable
UgyPmiaHWXxPo-pWyAl4AaABAg,Neutral
Ugypmo7onjX58_6qiIN4AaABAg,Neutral
Ugypmrv34qhrxAkF-MV4AaABAg,Relatable
UgyPMvXWUsx8rUQPDah4AaABAg,Neutral
UgypNdx34Aj4iJ4haSJ4AaABAg,Relatable
UgyPnV3W0WjP_1haWlV4AaABAg,Neutral
UgypPrQFPnH35lySAvJ4AaABAg,Neutral
UgyPPvDVEDIg7vYq8HF4AaABAg,Neutral
UgyPR_SXOy96U-JPG014AaABAg,Neutral
UgypS1ZhE83e1ArbdqF4AaABAg,Neutral
UgyPSpVJQrFD0snOLkx4AaABAg,Relatable
UgypSslq59NGnvNkJEl4AaABAg,Relatable
UgyPt80QP0wsrHoyJPl4AaABAg,Neutral
UgyPtYVFO1L6q1CQPwp4AaABAg,Neutral
UgyPuDdKbNS5AObzttl4AaABAg,Neutral
UgyPuNBaPDbGlgXO42B4AaABAg,Neutral
UgypVaGQW-VqDKUj_Q14AaABAg,Neutral
UgypVZfnKgiBkYsGeJt4AaABAg,Neutral
UgyPx2PO9bxvoI6ZxVF4AaABAg,Neutral
UgypxpvJirwIjH3ED3J4AaABAg,Neutral
UgyPYgBgOf2rCO-3WtN4AaABAg,Neutral
UgyPYP9nZffMHfSOPKl4AaABAg,Neutral
UgypyQ_8fzsKv_tCMMZ4AaABAg,Neutral
UgyPZorHEcrSct4Bh094AaABAg,Relatable
UgypZvtJzXq-EkcONmh4AaABAg,Neutral
Ugyq_5WMO_1gp5PIfCh4AaABAg,Relatable
UgyQ_eT_8zBz25Y9mvV4AaABAg,Neutral
Ugyq_rz-qcBdJYVaOFZ4AaABAg,Neutral
Ugyq_tEzKS3X8vDGLmd4AaABAg,Relatable
UgyQ0p0Yht8DhnRe6w94AaABAg,Neutral
Ugyq0v_VQDg43bnBUFh4AaABAg,Neutral
Ugyq1LSqcxX-aWKq5z14AaABAg,Relatable
UgyQ1N1O0GElB7Plug14AaABAg,Neutral
UgyQ1uwkxAH537DfQTp4AaABAg,Relatable
Ugyq3-UJmLele6_WxiR4AaABAg,Relatable
UgyQ3EggZ80Sek3rEtN4AaABAg,Neutral
UgyQ3YHWKsxZprNd5gt4AaABAg,Neutral
Ugyq72v2R022JO9eEal4AaABAg,Relatable
Ugyq7CX48xP9m6mar6x4AaABAg,Relatable
UgyQ8dk5jfzkKQbJ9mh4AaABAg,Neutral
UgyqAAQwMwdsDX4PW5l4AaABAg,Neutral
UgyQANatZ3QqhRUKiTx4AaABAg,Neutral
UgyQars4fzYReSNR6Up4AaABAg,Relatable
Ugyqb8lNKOjWwpgZuYl4AaABAg,Neutral
UgyQBqtaJhQgGeZHQ914AaABAg,Neutral
Ugyqc-S7JLSEc5ikXnp4AaABAg,Neutral
Ugyqc-uvg8jZvVOgGyt4AaABAg,Neutral
Ugyqc3MWpdYsTsIuaSd4AaABAg,Neutral
UgyQC8_cE-QHVo1v1o94AaABAg,Neutral
UgyqckbtD0GQQLvNZ3p4AaABAg,Relatable
UgyqDbx0OQgE_WnhH114AaABAg,Neutral
Ugyqdoi1pFX6Eo-6G494AaABAg,Relatable
UgyQDUPp-OaEKZNx_514AaABAg,Relatable
UgyQe4XRJMzUQvxGJXt4AaABAg,Neutral
UgyqF10y7riywQlpwpZ4AaABAg,Relatable
UgyQH1zIh7xC9MeqaJ14AaABAg,Neutral
UgyQh2KBZhjO3qJXdPB4AaABAg,Neutral
UgyQIAUylymDvYfrBL94AaABAg,Neutral
UgyqJwIwNe_8udpcecR4AaABAg,Relatable
UgyQkkfIsoU1A9I7s0x4AaABAg,Neutral
UgyQLDwedlfM1jCzpiF4AaABAg,Neutral
UgyQLqu0WTuJ87TKrqJ4AaABAg,Neutral
UgyQnB8T04RJqnkzVfp4AaABAg,Neutral
UgyqNiySVIy_-3Smc_x4AaABAg,Neutral
UgyQNSHbtaZCghKqkj14AaABAg,Relatable
Ugyqnz_8XISmPWnZuDV4AaABAg,Relatable
UgyqpiLoQoi17epiZD94AaABAg,Neutral
UgyQpIw2CPxtS_ffH5J4AaABAg,Relatable
UgyQPSqz6499HRScmhZ4AaABAg,Relatable
UgyqpwPqhmVz4DLZvjR4AaABAg,Neutral
UgyqQDl4aFA_UZpLF0x4AaABAg,Neutral
UgyqQW2o114kDJRAdsl4AaABAg,Relatable
UgyQR51BkS-R2J6J5aB4AaABAg,Neutral
UgyqRdjYAK5OgKPjazx4AaABAg,Relatable
UgyQRFlSEHwpRMsfJYx4AaABAg,Neutral
UgyQRMGcVMri4y2c9sp4AaABAg,Relatable
UgyqRqZKVfWlJQM-S1R4AaABAg,Neutral
UgyqrSTIUy_tCNK3iFh4AaABAg,Neutral
UgyQsH1lKARyEx35Jzt4AaABAg,Neutral
UgyqT_ufB0jdrPHBtxt4AaABAg,Neutral
UgyQThAfarTjoEnUDRN4AaABAg,Relatable
UgyqTuNHXla7ToEKcBp4AaABAg,Neutral
UgyqUOmo1cWe-eklo9Z4AaABAg,Relatable
UgyquvzmvvgbgrjwMCB4AaABAg,Neutral
UgyqVPQ_Ijodk2vlEQB4AaABAg,Relatable
UgyQwMVv1mOM8wZYmPV4AaABAg,Relatable
UgyQwQ6lRdW3Czb6cRZ4AaABAg,Relatable
UgyQXh0AEGND3VWKisx4AaABAg,Relatable
UgyQxHdqdEobq5_0IEZ4AaABAg,Relatable
UgyqXqv_cFvxPJEAzuR4AaABAg,Neutral
Ugyqy9jg8vvfnOUKyXB4AaABAg,Neutral
Ugyqymy3CvvzoGgUDcx4AaABAg,Neutral
UgyQyqV0OZzrFfphOvV4AaABAg,Relatable
UgyQz2CHxAgKchl5rWJ4AaABAg,Neutral
UgyqzjypLn77Ng2td3J4AaABAg,Neutral
UgyqZLJOZrsSLNllBvp4AaABAg,Neutral
UgyQZYf-a8pB9uwjjQx4AaABAg,Neutral
Ugyr_njWpdfjTWB7r1F4AaABAg,Neutral
UgyR-dRwm8g4KCkSDJh4AaABAg,Relatable
Ugyr-mH5thGVgzRfBQV4AaABAg,Neutral
Ugyr-ySj3mCcGZmwoVJ4AaABAg,Neutral
UgyR2X5Sage0bmN9pdB4AaABAg,Neutral
Ugyr3XaGfKxMun_3EMN4AaABAg,Relatable
UgyR40OLSUG0Ufhybzl4AaABAg,Neutral
Ugyr4WHLYGs6XfKa4x14AaABAg,Neutral
UgyR6VLfNQWzIhp2E1V4AaABAg,Relatable
UgyR7zllSJd9nlQpcGd4AaABAg,Relatable
UgyR8tEBqQwxqnuHVOB4AaABAg,Neutral
Ugyr9XXJQputfuktpkp4AaABAg,Neutral
UgyrAHz-v_6uDsBQKhR4AaABAg,Neutral
UgyraZkpt9B85_KyFx94AaABAg,Relatable
UgyRbB8GoNihfy7c3J54AaABAg,Neutral
UgyRBDldEheUUKbbxy94AaABAg,Relatable
UgyRbPEg8OHHpXLqEg54AaABAg,Relatable
UgyrbrIdLaVqRkJKowl4AaABAg,Neutral
UgyrBXGKjqk2uEX5fod4AaABAg,Neutral
UgyrEsBC5Ol9fmG0TJx4AaABAg,Relatable
UgyreyBrPM6qJa0CV914AaABAg,Neutral
UgyrFWsWWYutUWSflmR4AaABAg,Neutral
UgyRFzSxac7-NlDsOkt4AaABAg,Relatable
UgyrGVxkjz7I8XZi6sp4AaABAg,Neutral
UgyrI55y6A56zWl1TzB4AaABAg,Neutral
UgyRigLBL4ORPCJrVHN4AaABAg,Relatable
Ugyrj7FUjrBBhbR4H6Z4AaABAg,Relatable
UgyrjABCJjp4o-Xnc2J4AaABAg,Relatable
UgyRJaSJ1tdpJ9X1KdB4AaABAg,Neutral
UgyRjeM3lOz0RtM2H2Z4AaABAg,Neutral
UgyrK_VWOrMEccGbjUF4AaABAg,Neutral
UgyrkRlArkYyHeJ95D14AaABAg,Relatable
UgyrKWQPHRObDakKsX54AaABAg,Neutral
UgyrL2Q_dkP-uniM4a54AaABAg,Neutral
UgyRlbTiEMeOFNermNV4AaABAg,Neutral
UgyrlR-Cnr-kLX62sI14AaABAg,Neutral
UgyRMq1fxB_akkiUeHB4AaABAg,Neutral
UgyrN4_zIb5SEgNNbvJ4AaABAg,Neutral
UgyRNqQ2oQ4D0s0sRJh4AaABAg,Relatable
UgyrNQQ8DT8Wo0gquf14AaABAg,Neutral
UgyRo-fGm6xNOmngt9J4AaABAg,Neutral
UgyrpYZMcb4gUr4-PvF4AaABAg,Neutral
UgyRq_cmeVbDkHal-bJ4AaABAg,Relatable
UgyrQNquXfTmDEUQjfB4AaABAg,Neutral
UgyRrM1Lecwc529n4P14AaABAg,Neutral
UgyRrNwfWKYYQ6QEN3N4AaABAg,Relatable
UgyrS6BmEkjpmRzRduZ4AaABAg,Neutral
UgyRscCyLHY2U0ckzER4AaABAg,Neutral
UgyRScx4VAzBIRUbYEV4AaABAg,Relatable
UgyRszk5y-F6tuBqC6J4AaABAg,Neutral
UgyRt07OAyyQRfmgupJ4AaABAg,Neutral
UgyRt4bXq8hbnJiDvoV4AaABAg,Relatable
UgyRT4e7PsQOGW2L4754AaABAg,Relatable
UgyRuiqxCa4DdgnYYt14AaABAg,Neutral
UgyrVkI8R-fdFZcMnQB4AaABAg,Neutral
UgyrVPXqy8suWY_ArTB4AaABAg,Relatable
UgyrVyvS2eXK425YjyV4AaABAg,Relatable
UgyRwk8dzU92pB0s4214AaABAg,Relatable
UgyrWLLn_w_0GCr4uTF4AaABAg,Neutral
UgyrWXaCi57LF82wA1d4AaABAg,Neutral
UgyRXczPZI2oQnEZpJt4AaABAg,Neutral
UgyrXM4Ci2enKVXCXeB4AaABAg,Neutral
UgyRydawGrF9-xiFyXN4AaABAg,Relatable
Ugyryh1RkEVvapPcSzt4AaABAg,Neutral
UgyRywUIwi4XNh-pB014AaABAg,Neutral
UgyRzHaMG3JvlQ0-akt4AaABAg,Neutral
UgyrZOTxgR-qBzvhWHF4AaABAg,Relatable
UgyrZyNSzs9NcGJMnMp4AaABAg,Relatable
Ugys_XHCx3Wg-tAUmnZ4AaABAg,Relatable
Ugys-XHW9V1PhZpM3tV4AaABAg,Neutral
UgyS0iLeolqP_bdhES94AaABAg,Neutral
UgyS0KjB_HtcOP-ywmV4AaABAg,Relatable
Ugys26JUMHF5hzwZFGN4AaABAg,Neutral
UgyS2P_hHgtx6W60OXp4AaABAg,Relatable
UgyS33gSgD6-Qo37FD94AaABAg,Neutral
UgyS3RDV7O8ggqDGyxx4AaABAg,Neutral
Ugys3w6Y60Gezdo8OWZ4AaABAg,Relatable
Ugys4Jb8MAmOidp1bsB4AaABAg,Neutral
UgyS6INCu20k9hdW3RF4AaABAg,Neutral
Ugys9ECDj5tKxqFav6d4AaABAg,Relatable
UgySb1_X-2jVLx3cS-p4AaABAg,Neutral
UgySBFiCx2RG6Ghda2Z4AaABAg,Neutral
UgysbOvdSGgkkcfGU-R4AaABAg,Neutral
UgyScczhEjZParGYmod4AaABAg,Neutral
UgySE14LdlTmFcQzzct4AaABAg,Relatable
UgysERY4rxE57ovgwg94AaABAg,Neutral
UgyseUVnFU1ZqG9pYEF4AaABAg,Neutral
UgySFHHBhhcHz0W4MEV4AaABAg,Neutral
UgysGeuH5Glx5wG4UN14AaABAg,Neutral
UgysGfTJbowyabKgsMN4AaABAg,Neutral
Ugysgz1gDKgRL-kgONJ4AaABAg,Neutral
UgySh2_fzv1Mir0lWbF4AaABAg,Relatable
UgyshAz1bDJ5hoHo9SR4AaABAg,Neutral
UgyShGjRmvpEDD45u9d4AaABAg,Neutral
UgysHzkJIbiiOzs6hg14AaABAg,Neutral
UgySi2yrMhfg06Y0fMZ4AaABAg,Neutral
UgySiLZVhAzK6ouqfbh4AaABAg,Relatable
UgySItSJXkubFcrpEIx4AaABAg,Neutral
UgySJlCoN3AZaPmx3MV4AaABAg,Neutral
UgysjUfAX4FThQTTPfx4AaABAg,Neutral
UgySJw7BhK6FTlgiD2N4AaABAg,Neutral
UgyskJEGpDUyMYM6ITN4AaABAg,Neutral
UgySKkDqBF0kzoDgoFF4AaABAg,Neutral
UgysmGgjnFIxqAsrl6J4AaABAg,Neutral
UgySMNUBWZuqsJyFpwB4AaABAg,Neutral
UgySmXg5VECali7DYNN4AaABAg,Relatable
UgySMYd6LnivgzD8DpB4AaABAg,Neutral
UgySNY7P9XPs8V4_YEV4AaABAg,Relatable
Ugyso_8Fe8jSw8bTcIt4AaABAg,Neutral
UgyspaOBRx0NoNV3A9l4AaABAg,Neutral
UgySpmihEZzpskdINsp4AaABAg,Neutral
UgySpojQzGt0ASyZiwt4AaABAg,Neutral
UgysPR5kYwTyAp5syAB4AaABAg,Neutral
Ugysq0IQUf7jLVNBtkF4AaABAg,Neutral
UgySqF_yufWZVNKuh6x4AaABAg,Relatable
UgysQhp5UruQi0x15uV4AaABAg,Relatable
UgySRbHZrVWbK6vT5Dt4AaABAg,Relatable
UgySrCQk85DVtWeaLyF4AaABAg,Relatable
UgySRnDgVG56dAlrShp4AaABAg,Neutral
UgySsEKioqcNfN0aMFR4AaABAg,Neutral
UgysTHtcsu0Mj-CGgUh4AaABAg,Neutral
UgyStyy1-lkZ3hfKlCZ4AaABAg,Neutral
UgySuoDBk50CoywCgeZ4AaABAg,Neutral
UgysUPDgQYlsLzVtBzF4AaABAg,Neutral
UgySUx1IcvrtFf1k23l4AaABAg,Neutral
UgySuyYhuN2qsNtQmwB4AaABAg,Neutral
UgysuZEznfV8RawtdKN4AaABAg,Neutral
UgySv8fZsZIQSAx3vdJ4AaABAg,Neutral
UgysvCtcYS7r77ptPqN4AaABAg,Neutral
UgysvHr9f1jvDv0Ps694AaABAg,Neutral
UgySvIM8Esbkl_dYa294AaABAg,Neutral
UgysvnAvSfsv8dQZjoB4AaABAg,Relatable
UgySXEGFHqWsdpkmlI94AaABAg,Neutral
Ugysy01ljo4EwXxk0bl4AaABAg,Relatable
UgySYNX_SKhvZpvqqQp4AaABAg,Neutral
UgyszkyRv0EyGhfr5nR4AaABAg,Relatable
UgyT0ik5Izm5uZ90BHZ4AaABAg,Relatable
Ugyt0OvLi_K7F0E4M5h4AaABAg,Neutral
UgyT1sY3umaANhbAGY94AaABAg,Neutral
Ugyt2gknI7_MHg8ySbp4AaABAg,Neutral
UgyT2owbaDY2CZ4cB8Z4AaABAg,Relatable
Ugyt4hF7IIO62k0kDv54AaABAg,Neutral
Ugyt5Ol8RPgFuXgH-GR4AaABAg,Relatable
UgyT5Xg5yBslaKbV2il4AaABAg,Neutral
UgyT75tVJxmbM9LfseF4AaABAg,Relatable
Ugyt7EpuYqMlTO1VIfd4AaABAg,Relatable
Ugyt7snS_RdyynBuBqp4AaABAg,Neutral
UgyT876eP8wxaWT_mTJ4AaABAg,Neutral
UgyTA0F4MVuOGzJnzaN4AaABAg,Relatable
Ugytb00xt86MswYhp9h4AaABAg,Relatable
UgyTb0hLHzs1PjShedF4AaABAg,Neutral
UgytcnXyGduYKhhAzAV4AaABAg,Relatable
UgyTcZrH9QFIOO5x3At4AaABAg,Relatable
UgytddbxSWVU2qT_K-94AaABAg,Neutral
UgyteBvcIZAECXeq92Z4AaABAg,Neutral
UgyteSHBSmGpNh4YinJ4AaABAg,Relatable
UgytEZqXmnzvEUWRqfZ4AaABAg,Neutral
UgytfiMjr7sDVaFeE6N4AaABAg,Neutral
UgytfU7ty4nX_9GCtRB4AaABAg,Neutral
Ugytfv7hx6gB2CEeJ7d4AaABAg,Neutral
UgyTGhdrlbu6TzZKFtR4AaABAg,Neutral
UgyTgw9NXQovg28YM1V4AaABAg,Neutral
UgytI_A4Tkm05Axfmal4AaABAg,Neutral
UgyTI1NDbcCwUAg8dYB4AaABAg,Neutral
UgyTiFoxfdyFt4chorF4AaABAg,Neutral
UgyTIrJZ4U2chGlE9ZF4AaABAg,Neutral
UgyTJv5kZyaykUbsMcZ4AaABAg,Neutral
UgyTJYMgmjd8IeX0F-54AaABAg,Neutral
UgyTklkIjS4-2I441ZJ4AaABAg,Relatable
UgyTLBmwwTvu0N4AVP54AaABAg,Neutral
UgyTlCBFSzN2uF23bcx4AaABAg,Neutral
UgytLFJZw96tO2hqUEh4AaABAg,Neutral
UgyTlnTwBcFDzkbZ1oN4AaABAg,Neutral
UgyTlogWa-wfwpxUOUB4AaABAg,Neutral
UgyTm4DF47l_UFJGebd4AaABAg,Neutral
Ugytm7r2h4xK9OGIp254AaABAg,Neutral
UgytN6lKOD6K1NRwExR4AaABAg,Neutral
UgytO0Tn2iIbMHoxbeN4AaABAg,Neutral
UgytOediET2RHhcFHut4AaABAg,Relatable
UgytOftZ_ls9WZWe2PZ4AaABAg,Neutral
UgyTOIS91qBkdcew-694AaABAg,Neutral
UgytOOTuMYN8FwXdrZ94AaABAg,Neutral
UgyTp1SBvWGDqLWrhOt4AaABAg,Neutral
UgyTPQ_9Hx1dAvsyfV14AaABAg,Neutral
UgyTPTP59vTjMpYwQe14AaABAg,Relatable
UgytQTnWC95uJgdoYBN4AaABAg,Neutral
UgytrDlO_k5gjywiTI14AaABAg,Neutral
UgyTrYa2-uw37L9saVN4AaABAg,Relatable
UgyTsgFO-OFRL9x4LIR4AaABAg,Neutral
UgytSwZby7N04h5VU1N4AaABAg,Relatable
UgyTT1RHDWf9Emj-wuh4AaABAg,Relatable
UgytT2OJul49mNJj3_B4AaABAg,Relatable
UgyTTOOwynHgwi9QdCt4AaABAg,Relatable
UgyTuaqLLMYQe90o15R4AaABAg,Relatable
UgyTuI-dFK2g7HurLSd4AaABAg,Neutral
UgytujkKcNZvfSMWAbp4AaABAg,Neutral
UgyTVUgopeFY7adDvzd4AaABAg,Neutral
UgytwG9-o3juTfOMNyd4AaABAg,Neutral
Ugytwo9Bsb81mILPczV4AaABAg,Neutral
UgytWWLD9fDAHHq9dEF4AaABAg,Relatable
UgytX1TEeubO6K7L8wd4AaABAg,Neutral
UgyTxTL9oxDpEGNmkTh4AaABAg,Neutral
UgyTYLPw5hr4V_fsnjx4AaABAg,Neutral
UgyTysPcGunFuztr1Fd4AaABAg,Neutral
UgytZn8cwUgDbKp2fk14AaABAg,Relatable
Ugytzq8nkckge7AtrB14AaABAg,Neutral
UgytzuPOByzxuPPXZLF4AaABAg,Relatable
UgyU_03zesQGqKs-5Vd4AaABAg,Neutral
Ugyu-lGLKloHZRQqQTF4AaABAg,Neutral
Ugyu-LR9ThU57p_i9TZ4AaABAg,Neutral
UgyU09x8RHumEJ0bmct4AaABAg,Relatable
UgyU0qX4t6LMDwG_C8Z4AaABAg,Neutral
Ugyu3-NUZ8TAReMvLkp4AaABAg,Neutral
UgyU3xLxp7LoTmTwmN54AaABAg,Neutral
UgyU4M6B8MpDjxLR_4B4AaABAg,Neutral
UgyU4RhdldeajQ4pPx14AaABAg,Neutral
UgyU4SiSiJJrWAoJGn94AaABAg,Neutral
Ugyu5e6Owo1EM_fpAfR4AaABAg,Relatable
Ugyu5PneEsesM-PJibp4AaABAg,Neutral
UgyU7ofT0lBc31pOSxJ4AaABAg,Relatable
Ugyua2wqhBiyuSZLA2N4AaABAg,Neutral
UgyuaBHiGagNGk_fbZl4AaABAg,Relatable
UgyUAqCWAfPPBtWOeBJ4AaABAg,Neutral
UgyuaXEo-3Me0bdDvOh4AaABAg,Relatable
UgyUb0qK65bhv230GYB4AaABAg,Neutral
UgyUBJ8xr_h8m-Z_5oV4AaABAg,Neutral
UgyuCLz808bmWY9DOiF4AaABAg,Neutral
UgyUDEQ-8mO5cUXM6Zh4AaABAg,Neutral
UgyUEG78IRR6dBDtnPJ4AaABAg,Neutral
UgyuEVX0TeJy4kWVNit4AaABAg,Neutral
UgyuF2GT02rAHx1jR5J4AaABAg,Neutral
UgyuFQ6UNXYlKFIyllF4AaABAg,Neutral
UgyuFZUNMt3C7vGZOON4AaABAg,Neutral
UgyUGWZ-LwUXaQ9E2Nh4AaABAg,Relatable
Ugyui5nHfiLuRiFXMNB4AaABAg,Neutral
UgyUIh34L7dOBxMcvZl4AaABAg,Relatable
UgyuiH5-w9e9WQugrv14AaABAg,Relatable
UgyUIpTT_84k8GxXFOZ4AaABAg,Neutral
UgyUJDSdt2nhs7sMFKh4AaABAg,Relatable
UgyUKp5jCkxwv_nayRZ4AaABAg,Neutral
Ugyul1uREa3I2gun20F4AaABAg,Neutral
UgyULSlnUlEZ-TkFWgh4AaABAg,Neutral
UgyULYDsL5-_w0KeAJ54AaABAg,Neutral
UgyuMFn9fpgWkgWmcyt4AaABAg,Neutral
UgyumOXgo8si3oOpH2F4AaABAg,Neutral
UgyUn2r_T5IfDZ82uaN4AaABAg,Neutral
UgyUo3eTYh84MI61J9B4AaABAg,Relatable
UgyUO6jODT9sZchsILx4AaABAg,Relatable
UgyuorRpM32TefAm2rx4AaABAg,Relatable
UgyUoUfLbwsn4IRvsNx4AaABAg,Neutral
UgyuQi-n6cgcISg7_0F4AaABAg,Neutral
UgyuqWQMf_yYpN54s_J4AaABAg,Relatable
UgyuraCpIMGh2twsdER4AaABAg,Neutral
UgyURL8PyhKFjMamwjR4AaABAg,Neutral
UgyUrmoJtjuj3cC5vkx4AaABAg,Neutral
UgyUsNGvJBJUtWq7Qvx4AaABAg,Neutral
UgyUsrp2yHc-t37Y8ZV4AaABAg,Relatable
UgyUSVuAZjw-7Yk7DQB4AaABAg,Relatable
UgyUT-zrFhUe3btkhn14AaABAg,Neutral
UgyUtZhXyCpJKWV5Pvd4AaABAg,Relatable
UgyUUQ5dY1WFi8ycaFl4AaABAg,Relatable
UgyUviw__gaQ_dpBcsh4AaABAg,Neutral
UgyUVmtWs-rcCwN-hd54AaABAg,Neutral
UgyUwdbn0lUCTNr1ktN4AaABAg,Neutral
UgyuWqJr_U1GXDskWCh4AaABAg,Neutral
UgyUWzXdXiHjQUfjFil4AaABAg,Neutral
UgyUXCvKqDMzgwzsogd4AaABAg,Neutral
UgyUxd_DRsIkO93EvvZ4AaABAg,Neutral
UgyuYlmS9J2pV65sG3B4AaABAg,Neutral
Ugyuz_j0lbj-mbR0kQF4AaABAg,Neutral
UgyUz5YbRWgKEgc33gd4AaABAg,Relatable
UgyUZX7dqbyFBJBh5TR4AaABAg,Relatable
Ugyv_uQqS9NBok0wIyN4AaABAg,Neutral
Ugyv0HNCf_tvRQ5mHqJ4AaABAg,Neutral
UgyV1tw7gQ0KaJH4IU54AaABAg,Relatable
UgyV5_3FWGWQGGdhFAd4AaABAg,Neutral
UgyV5OWMuOKLyteOO-B4AaABAg,Neutral
UgyV7tqp4XrruyXQJHZ4AaABAg,Neutral
Ugyv826nkvi8Wq9PLGJ4AaABAg,Neutral
Ugyv8hrMMRH8lbQoDxp4AaABAg,Relatable
Ugyv8VOldY-tJlX2fq94AaABAg,Neutral
Ugyv9gdsxzfd-nWCGlF4AaABAg,Relatable
UgyvadLK5G_UwhnCkTZ4AaABAg,Neutral
UgyVaotT673PqwQ8hnd4AaABAg,Relatable
UgyVb6Z9zkY2pXlKEZh4AaABAg,Neutral
UgyVBIkkQXqrMD37ZUZ4AaABAg,Relatable
UgyvcCLk1bPMKP-IWT54AaABAg,Relatable
UgyVCeod9xIFUo8m5gh4AaABAg,Relatable
UgyVcj4APG5TKVSYA6x4AaABAg,Neutral
UgyVcS87E5YT3tGFboV4AaABAg,Relatable
UgyvdC2aaOSpj58a-7F4AaABAg,Neutral
Ugyve1DErtn6gaiyZAl4AaABAg,Relatable
UgyvekSTPCyfQ4-2TbF4AaABAg,Neutral
UgyvELdAzeHw-pPak_V4AaABAg,Neutral
UgyvFm6jExwTRbYYszt4AaABAg,Neutral
UgyVGDpjrE47msYqMal4AaABAg,Neutral
UgyVGFAvhHe4WprPifF4AaABAg,Neutral
UgyVH44lwQoMn5I-K9t4AaABAg,Neutral
UgyvhcUKWETZGGwJe5x4AaABAg,Neutral
UgyvhiDPU44vqMBIEzt4AaABAg,Neutral
UgyVhxh_Z_c175WXtiR4AaABAg,Neutral
Ugyvi-pUyq84zypQpep4AaABAg,Neutral
UgyVi4-O9iVSpy8cjJB4AaABAg,Neutral
UgyVIRPA2LpP16ywtc94AaABAg,Neutral
UgyVj_J_Iu5ocboJFq14AaABAg,Neutral
UgyVJCqVxYpfUjn7KwJ4AaABAg,Neutral
UgyvjfmhUewEvKdJXP94AaABAg,Neutral
Ugyvjt728h20PS9RAJ14AaABAg,Neutral
UgyvK9L961-APHcSo8V4AaABAg,Neutral
UgyVkuOdwz2Agia_Qy14AaABAg,Relatable
UgyVkZHOPrMpwVIhLQl4AaABAg,Relatable
UgyVLDv0KzBBh2wXSgx4AaABAg,Neutral
UgyvLIx39VFaI3vaIWp4AaABAg,Neutral
UgyvlNGIqJbIqpNIBVx4AaABAg,Relatable
UgyvLXIjoNlfNocd3id4AaABAg,Neutral
UgyVLy_fDI_-REyPLiF4AaABAg,Relatable
UgyVlYVJ_F3Ac8I_J154AaABAg,Neutral
UgyVM2SS74aqFreRISd4AaABAg,Relatable
UgyVn4rsZUz1_xcgLVN4AaABAg,Neutral
UgyvN8lBwhtvAu-WNwl4AaABAg,Neutral
UgyVOGbGPF5bc3I_sXZ4AaABAg,Neutral
UgyvONHwVML9Lqy_g5p4AaABAg,Relatable
UgyVPekM9HqKqVNUawR4AaABAg,Relatable
Ugyvpr44SBfwsu2Q92d4AaABAg,Relatable
UgyvQFVezqLGBkyuqrF4AaABAg,Relatable
UgyVqnqegAAQOxKrOnV4AaABAg,Relatable
UgyVr4it_qiwBgL9Wu94AaABAg,Neutral
UgyVRL1Rn8sT87041Dl4AaABAg,Neutral
UgyvrpQU4K_xnh5vdGB4AaABAg,Neutral
UgyvSKnWDBiMPOqaF-R4AaABAg,Relatable
Ugyvt8zhFYke672vTe54AaABAg,Neutral
UgyVtGL45sPzs90dfmR4AaABAg,Neutral
UgyVtgxKc4J4P4Q7xyZ4AaABAg,Neutral
UgyvUEc4PmfbBUhzwa14AaABAg,Neutral
UgyvumEWa8Wb6ijDQUt4AaABAg,Neutral
UgyvUy1LowPH6c-bTDF4AaABAg,Relatable
UgyVuzLVfhYIfeEAWPt4AaABAg,Neutral
UgyVvKv9NdTndx1p-Hh4AaABAg,Neutral
UgyVVqJ_u5Jt_stIjF14AaABAg,Relatable
UgyvW0N4BnXIOtcZIYN4AaABAg,Neutral
UgyVW5VLhxxZxfFBlrB4AaABAg,Relatable
UgyVYoOmImHlbIU4RcR4AaABAg,Neutral
Ugyw_5aqo1NiLTV1gRJ4AaABAg,Neutral
UgyW_5y-UYeVllnS4cp4AaABAg,Neutral
Ugyw_Qfcyd1zEcd60aB4AaABAg,Neutral
UgyW-6C36lRlrF9WpZZ4AaABAg,Neutral
UgyW-jGE6EKYL4entWh4AaABAg,Neutral
UgyW0Jq4mUZ4RxZIaqV4AaABAg,Neutral
Ugyw0Q6nXsfvntWlOZ94AaABAg,Neutral
UgyW0sMMs0CtJgrK4GJ4AaABAg,Neutral
Ugyw2yPhq3EY5cFfPmJ4AaABAg,Neutral
UgyW35PT6ycOoM40Fzd4AaABAg,Relatable
UgyW5jzcAXgbztK0C754AaABAg,Neutral
UgyW7GrBL74pQqjRF3V4AaABAg,Neutral
UgyW824n0bWROZEZUkV4AaABAg,Neutral
Ugyw89eo1LYlPRGLdjN4AaABAg,Neutral
Ugyw972ZF9ko8yBD00p4AaABAg,Neutral
UgyW9HF4c5AYWx5MEON4AaABAg,Neutral
UgyWb-XnZjEmB_DtzZN4AaABAg,Relatable
UgyWBjZ5KtQ5sDNGNKF4AaABAg,Neutral
UgyWBQHu5o-Nrc6zWrp4AaABAg,Relatable
UgywCaBYZ-sV8-_1Mgp4AaABAg,Neutral
UgyWCgelSjOM_nm7GAd4AaABAg,Neutral
UgywCIy0sERBcEVZ0c94AaABAg,Neutral
UgyWdJMg0EyAIdVVM6J4AaABAg,Neutral
UgywEGn6c4xA21jfaGV4AaABAg,Neutral
UgyWehKgg3UwDWillrp4AaABAg,Neutral
UgywfJY8j0QAXmvtlwJ4AaABAg,Neutral
UgywFW313llJ0XIe37F4AaABAg,Relatable
UgyWFYB_jjWNvyDJLYx4AaABAg,Relatable
UgyWfyooE1NfioCg5mp4AaABAg,Neutral
UgywG3k4SE_jQ19MoBZ4AaABAg,Neutral
UgyWgeK71Gl54rFryvp4AaABAg,Neutral
UgywgpTqzwhKOfgFg7p4AaABAg,Neutral
UgyWgPUi9tkYxsi8tCZ4AaABAg,Neutral
UgyWgQgQt_IfnFEVEtp4AaABAg,Neutral
UgyWgvUFp10UOlZj11p4AaABAg,Neutral
UgywhmvoaKQP6IxamPJ4AaABAg,Neutral
UgywICuDEttWEbM8Bot4AaABAg,Neutral
UgyWIy48Bt4nrk7WR5J4AaABAg,Neutral
UgyWiZFfQ5rUGPuNIkh4AaABAg,Relatable
UgywJiy5K3dZpZsE7vp4AaABAg,Neutral
UgywKxC33Yp-fdJCdTx4AaABAg,Neutral
UgywL0PUenlpQ1NFbqt4AaABAg,Neutral
UgywMM49US55Vo8pybV4AaABAg,Neutral
UgywmvqIzpRhWnEwxOx4AaABAg,Neutral
UgywnEGFCGXT7-ktoRJ4AaABAg,Neutral
UgywNeZ3_MXsHr3cfgB4AaABAg,Relatable
Ugywni8lCSOiJAhqURl4AaABAg,Relatable
UgywntGFs1Mz-rfYJVh4AaABAg,Neutral
UgyWo4IZRiYzYxSVnOZ4AaABAg,Neutral
Ugywp65RkCkX0yuRU6R4AaABAg,Neutral
UgywpaHzet_xwLwXD-l4AaABAg,Relatable
UgyWpPA62Ie48-8ZFI54AaABAg,Relatable
UgywQM3BgqKtFauKUcl4AaABAg,Neutral
UgywQPBOXQljEoAvpkZ4AaABAg,Neutral
UgyWqv4ewVgWSX7s3Dl4AaABAg,Relatable
UgyWqX_dHq6TIKP7l8h4AaABAg,Neutral
UgywRMYfwe4KfPrj0FB4AaABAg,Neutral
Ugywrz9GLQM9l9Opnph4AaABAg,Neutral
UgywSm79NasdTRbWZyp4AaABAg,Neutral
UgywSOKjSepr8cBTTvp4AaABAg,Relatable
Ugywu8kqKVnemq3EqVN4AaABAg,Relatable
UgyWUiEZD4385LYsIfN4AaABAg,Relatable
UgyWUTq8KnLsNjvXs_V4AaABAg,Neutral
UgywVtJDEfqczwE-sv14AaABAg,Neutral
UgywWcmWmRie7vSFIG54AaABAg,Neutral
UgyWwPDUg5wsiohfWBp4AaABAg,Neutral
UgyWXFMmAuE_oYOqaFh4AaABAg,Relatable
UgyWXtJ-pmsM9oQf3fh4AaABAg,Neutral
UgyWxVB7-BUKD4Tmeo94AaABAg,Neutral
Ugywz9Ub2U0s6-_KPvV4AaABAg,Neutral
UgywZDABZFBl-Aawbbt4AaABAg,Relatable
UgyX_ACsChXp_axVipZ4AaABAg,Relatable
UgyX-661csjAssu3Vap4AaABAg,Neutral
Ugyx-VRy5xo9-e8_zQx4AaABAg,Neutral
UgyX00ifMWaPvYhuWQZ4AaABAg,Neutral
Ugyx2s8qBzcEolFZ8Ud4AaABAg,Relatable
UgyX3g49krA3_ub-Ij94AaABAg,Neutral
Ugyx3l8p_orSOdcM1y54AaABAg,Relatable
Ugyx3Y-ArBKK7u6gpvl4AaABAg,Neutral
Ugyx4AEvOm3yHXbpRJ94AaABAg,Neutral
Ugyx7119DlGFvCcicy94AaABAg,Neutral
UgyX7HH9iaNJbyiZB2l4AaABAg,Relatable
UgyX7ja0O4WXsHjdnHh4AaABAg,Relatable
UgyX86atDaW41GPiONJ4AaABAg,Neutral
Ugyx8B5URCQVzm29gL14AaABAg,Relatable
UgyXAbywCtv6k1Ef7bJ4AaABAg,Relatable
UgyxAvonvzNhaY1eHDV4AaABAg,Neutral
UgyXbEGT9vax20RwuAJ4AaABAg,Relatable
UgyxBTgRtauYnp9317Z4AaABAg,Relatable
Ugyxc-wYGbwet8HDzTx4AaABAg,Neutral
UgyXCBR1p_6gHco4zdJ4AaABAg,Neutral
UgyXcjDAvv7B5MRRC2d4AaABAg,Relatable
UgyxCq6lyE8krRxlsE94AaABAg,Neutral
UgyXDShzH1JKltC4m3d4AaABAg,Relatable
UgyxEebyuVF6csJaGRR4AaABAg,Relatable
UgyxEPsU3trj13oX4i14AaABAg,Neutral
UgyxFRTyutFXA0jZt394AaABAg,Relatable
UgyXFUEuDmNVFXHxJjJ4AaABAg,Relatable
UgyXFwiOWp0LuXGwJeV4AaABAg,Neutral
UgyXg_wRQrfy9sZYQmV4AaABAg,Relatable
UgyXgvCvGti0mUhLbqd4AaABAg,Neutral
UgyXh86ys1UVNFWYrKp4AaABAg,Relatable
UgyXIAhzpo2fQvuUA_Z4AaABAg,Relatable
UgyxIjqIVSP8Tu3JjUd4AaABAg,Relatable
UgyxjcSEF7wQ3hU1KmN4AaABAg,Relatable
Ugyxjpl5lTBSaNJzgW14AaABAg,Relatable
UgyxjsJw303SwbKgFJR4AaABAg,Neutral
UgyxKphphdXgDzbXI994AaABAg,Relatable
UgyXLbMolY2IqZUvlx94AaABAg,Relatable
Ugyxlpu9zHDDnE0NX5p4AaABAg,Neutral
UgyxLrXlEmeWxgh6mmx4AaABAg,Neutral
UgyxlS7-B8dfz6lNAhV4AaABAg,Neutral
UgyXlvibe1MFUVFsuvF4AaABAg,Neutral
UgyxmC6ybXUsHmncWUJ4AaABAg,Relatable
UgyxN7nbyT96AMUhdlx4AaABAg,Neutral
UgyxnEjxLFUcwNZ5vAF4AaABAg,Neutral
Ugyxnf6E6lJ0lRnP2Bp4AaABAg,Neutral
UgyxnG2GOpgPylks_GB4AaABAg,Neutral
Ugyxo-2UcOe1GC1mXWx4AaABAg,Relatable
UgyxoFMgBxCk-C4ax3d4AaABAg,Neutral
UgyXOJV5NC4LrILIi5x4AaABAg,Neutral
UgyxONTGYbJnCoT1yHR4AaABAg,Neutral
UgyXpDhvAPM0McLCNxp4AaABAg,Neutral
UgyXPGTsJM5YaM6JlIh4AaABAg,Relatable
UgyxPN8_7AMDGjK_2mB4AaABAg,Neutral
Ugyxq6I67Dk5nRdQhTJ4AaABAg,Neutral
UgyXswfGdi4R-dXk0eR4AaABAg,Neutral
UgyXtLLTxlj_7_oxrX94AaABAg,Neutral
UgyXu1O9GIfQaimKR814AaABAg,Neutral
UgyXV0Y_Q4oJd0uSBn94AaABAg,Neutral
Ugyxv5yXTsXt-7zpkR14AaABAg,Neutral
UgyXVAa6TsHjiy7F88N4AaABAg,Neutral
Ugyxw8okuuG1rn2NaGp4AaABAg,Relatable
UgyXwlo7W1nYZzg67gF4AaABAg,Neutral
Ugyxy1HMLrKi1fAGm1R4AaABAg,Neutral
UgyxYV0bqSmoaKE1dRF4AaABAg,Relatable
UgyXZeCCzOM1PqnkBnJ4AaABAg,Neutral
Ugyy_ec3W_E7P6DcbN94AaABAg,Neutral
UgyY-2-hqPreuyGU_K14AaABAg,Neutral
Ugyy-icfSpUfKw7YSsN4AaABAg,Neutral
Ugyy-IDNFh7MJwYJ4cZ4AaABAg,Neutral
UgyY0CwSqp3kneXOdBx4AaABAg,Neutral
Ugyy0JfOx8wzjho4kYd4AaABAg,Relatable
UgyY119ceZpKUewj_pB4AaABAg,Neutral
UgyY1M-zPB89tEguOYZ4AaABAg,Neutral
Ugyy1NybLRS4SvuFOp94AaABAg,Neutral
UgyY236F89snqB7xiwl4AaABAg,Neutral
UgyY328YIfslzDQ2C0V4AaABAg,Neutral
Ugyy3Gsn-CTDY_fcToR4AaABAg,Relatable
Ugyy42Bx56HjaLgdK4x4AaABAg,Relatable
UgyY4sHVdyUfK-dhPZJ4AaABAg,Neutral
UgyY6F1kmTQAWmwMYDB4AaABAg,Neutral
Ugyy6fYTpuUG8L5y8Nd4AaABAg,Neutral
UgyY6qqCTcShsWx2yuV4AaABAg,Relatable
UgyY7KKgf4N4RQnMrVV4AaABAg,Neutral
UgyY7KzkyL9nWR-1iAN4AaABAg,Relatable
UgyY8qxOEQH2RR26s8F4AaABAg,Neutral
UgyY96Hg98iNwHqGVcF4AaABAg,Neutral
UgyyAfxmzAnCRDDGCft4AaABAg,Neutral
UgyyAKQFJovkcXN1lyZ4AaABAg,Neutral
UgyYaygN16qOXYYZiTN4AaABAg,Neutral
UgyyBc6Gm6Sa3Gqslxx4AaABAg,Neutral
UgyYBhvW2bBk78_HDlR4AaABAg,Relatable
UgyycEPUPwzbMdaYvfB4AaABAg,Relatable
UgyycJijm7vcgiuBZ0x4AaABAg,Relatable
UgyYdbCrrdD_x_DdY8d4AaABAg,Neutral
UgyYe0ZdKB62DGmEHtN4AaABAg,Neutral
UgyyEJoARmSsy2phEd94AaABAg,Neutral
Ugyyf20xbz4fUC_7bMF4AaABAg,Relatable
UgyYFBLz-PBg4-_MWyJ4AaABAg,Relatable
UgyYFj8TRJw_ovXleKJ4AaABAg,Relatable
UgyyFnik3sYOTtv4tlV4AaABAg,Relatable
UgyyGfJr70mKXNNNQ994AaABAg,Relatable
UgyYgFnqLKANM5xuejB4AaABAg,Relatable
UgyyGjzXJUtzl_h2s6t4AaABAg,Neutral
UgyYgoEW0ew3fXZ7Cll4AaABAg,Neutral
UgyYhBS5ajzJMI_2dix4AaABAg,Relatable
UgyyhhC1qK1uQOo3AMl4AaABAg,Neutral
UgyYi-MiOh3C9mltACh4AaABAg,Neutral
UgyyIBp5zLqtSwsBa514AaABAg,Neutral
UgyYicmReXgRwwqE8gJ4AaABAg,Relatable
UgyyIFHKX9RkqMpilbt4AaABAg,Neutral
UgyyiO-Kq-RWGKOb2GJ4AaABAg,Neutral
UgyyIOvXP4xX3jHMVBV4AaABAg,Neutral
UgyyiQrdMuOJS-CX7Dp4AaABAg,Neutral
UgyYIyz8df4WU8hM_jR4AaABAg,Neutral
UgyYj0lSaQKyu_aIboB4AaABAg,Neutral
UgyyjaKTshJNIT-uGJp4AaABAg,Neutral
UgyyJlUuQONGkw2gmIh4AaABAg,Neutral
UgyykLICWSt8XHejXA14AaABAg,Neutral
Ugyylwt-TUOwd6nMyAl4AaABAg,Neutral
UgyyM8l_CL-z3uNt-Nh4AaABAg,Relatable
UgyyMsrqEsP2HAdz1cJ4AaABAg,Neutral
UgyymydKP_cq24-m4p94AaABAg,Neutral
UgyYnjUO7_mhuGDD93x4AaABAg,Neutral
UgyyoQa0vVa-vgsHvIl4AaABAg,Neutral
UgyYOw6xb2-j3SEv-yp4AaABAg,Relatable
UgyYpBhCrfanqFObzF94AaABAg,Neutral
UgyYpBiPUIvGr_qLhjZ4AaABAg,Neutral
UgyYqG4SKnxJsPQZ6KZ4AaABAg,Neutral
UgyyrT-TxoOHwMSXfWl4AaABAg,Neutral
UgyyS6bIAQ7v6_v6C814AaABAg,Neutral
UgyYs866sY9TSiYw0-R4AaABAg,Neutral
UgyyTaCEp62QsTufm9V4AaABAg,Relatable
UgyytMb857ScSaSzq494AaABAg,Neutral
UgyYTon06ZStXgUSNv94AaABAg,Neutral
UgyyTpQsP3YT3CW6Qrx4AaABAg,Neutral
UgyYVV0bNwyujSzYVkt4AaABAg,Neutral
UgyyVvNTody_tJ35ciB4AaABAg,Relatable
UgyYw2CFlw8JsIAHtxV4AaABAg,Relatable
UgyyX9sa5q5HjwXijZN4AaABAg,Neutral
UgyyXnBLmR5K90kcFY14AaABAg,Relatable
UgyyxuAarHAWci06ret4AaABAg,Neutral
UgyyyWQ6yY3_ekb9vSh4AaABAg,Relatable
UgyYyzh11v8G6nV2qmB4AaABAg,Neutral
UgyyZ2Dnn5UbdyyVtiF4AaABAg,Neutral
UgyYzn4mIFSIjDm_I8F4AaABAg,Relatable
UgyYZOQFjekJK3IRXlt4AaABAg,Relatable
UgyyZp9HjGaqezUIGzx4AaABAg,Relatable
Ugyz_faznPZOJfe4NX14AaABAg,Neutral
UgyZ-374rJ6P2NXRtjR4AaABAg,Neutral
Ugyz-LE4J5c_WHt28qx4AaABAg,Neutral
Ugyz-tBZ4klUvWy2uOt4AaABAg,Neutral
UgyZ05oI5EozGk8JVJt4AaABAg,Neutral
UgyZ30Xq7AWCmMmf-w94AaABAg,Neutral
Ugyz3URAKV-xXgOJFbZ4AaABAg,Neutral
UgyZ4COgUnl1_yaJy0R4AaABAg,Neutral
UgyZ5adrBImbesVx0b54AaABAg,Neutral
UgyZ6XNdSacCr1CSapB4AaABAg,Neutral
UgyZ7dGG0UWtV4Q1R9l4AaABAg,Neutral
Ugyz8mQb_PUgoUZKKxZ4AaABAg,Neutral
Ugyz9tlZuinQGnhRoBB4AaABAg,Neutral
Ugyzb9cWLdmwHjIMrU14AaABAg,Neutral
UgyZbsP5ReVUW7A49pV4AaABAg,Neutral
Ugyzckgb_kWSpaOOLtp4AaABAg,Neutral
UgyzCVlYma1SfFZK3nJ4AaABAg,Neutral
UgyZCygj1cCkMTz8HVN4AaABAg,Neutral
Ugyzd9nU_UK3EmaPsnJ4AaABAg,Relatable
UgyzdA2STFdjW9Hqzml4AaABAg,Neutral
UgyZf0xAYUUqyhkLEYd4AaABAg,Neutral
UgyzFb3jmes6RhXTUB94AaABAg,Neutral
UgyzHGbFLjF4zFViEZd4AaABAg,Neutral
Ugyzhy5c4CxkqVgWDm14AaABAg,Relatable
UgyZIhEKgmOpZ8u6SYV4AaABAg,Relatable
UgyZiZJ4G5oB5Qsn25V4AaABAg,Neutral
UgyZJi_Y3grePhEeDA94AaABAg,Relatable
UgyZjmdOiw0m92Ik4PJ4AaABAg,Neutral
UgyZk8QmdliiON2LWd54AaABAg,Relatable
UgyZkFJJu8MbOeu28294AaABAg,Relatable
UgyzKG2qfJwRkFBAuoN4AaABAg,Relatable
UgyZl6PLijt_DzLLHRV4AaABAg,Relatable
UgyZlbzRgLmzYAm8PE14AaABAg,Neutral
UgyZmpILiyad5B7EZvp4AaABAg,Neutral
UgyZNipovMUSEnZe5OR4AaABAg,Neutral
UgyzntFPMx9KUY_B1Hd4AaABAg,Neutral
UgyzosdVBTbbpmN1EpB4AaABAg,Neutral
UgyzpaaRcaktA8JFhj54AaABAg,Neutral
UgyZPaWDaILhCEct0fd4AaABAg,Neutral
Ugyzq1kUuMjZjGlz1j94AaABAg,Neutral
UgyzQiUm7WC87e3gZtl4AaABAg,Relatable
UgyZqTnijQwuMzg_ws54AaABAg,Neutral
UgyZrEwdU1ZP_Vr-UFp4AaABAg,Relatable
UgyzS08SRh-Jl-iDkB54AaABAg,Relatable
UgyzS7xrwJdqAynzNSJ4AaABAg,Relatable
Ugyzs9sM2YPFJ8xqQu54AaABAg,Neutral
Ugyzsn8sx2QoCWPydK14AaABAg,Relatable
UgyzSPtaQTY8_kqi-9x4AaABAg,Relatable
UgyzsTdWPy36Nd6tP8R4AaABAg,Neutral
UgyZswx_jghrf8sBdWt4AaABAg,Neutral
UgyZT_pXe7_gvWC14Wd4AaABAg,Relatable
UgyztF2e1geJqZ-XgGZ4AaABAg,Relatable
UgyZUv1cmbE5i5EvKcJ4AaABAg,Neutral
UgyzvZrvxkRd-4yYgkt4AaABAg,Relatable
UgyzwkovcTNXqAWCzoR4AaABAg,Relatable
Ugyzwo9I_L4DmAOkmdZ4AaABAg,Neutral
UgyZxubPw_AJS44Tt8B4AaABAg,Neutral
UgyzYL37l_Paluf-YiJ4AaABAg,Neutral
UgyzySVVTDR9_sgeAo94AaABAg,Relatable
UgyZzXIX04vFGC010KZ4AaABAg,Neutral
Ugz__aEiF3FcIm3R3NB4AaABAg,Neutral
Ugz__Ha0IDhatd9TON94AaABAg,Relatable
Ugz_3MGCzF-gvOsWxfJ4AaABAg,Neutral
Ugz_3UqhybEtJD6KEZJ4AaABAg,Neutral
Ugz_5l5xRWdWHhP2w7N4AaABAg,Neutral
Ugz_5qbi-BKaiZC-NE94AaABAg,Relatable
Ugz_8h0BuUsiOCYrLsR4AaABAg,Neutral
Ugz_9GDLOS6HU9W01cN4AaABAg,Neutral
Ugz_aliwdLkWJ1ehmqF4AaABAg,Neutral
Ugz_AnXhbcWQWDccjDF4AaABAg,Neutral
Ugz_ApGvLAq_OpbjkGR4AaABAg,Relatable
Ugz_ATQCk1bdZmZHrDV4AaABAg,Neutral
Ugz_BS_NqRWlG_JsGil4AaABAg,Neutral
Ugz_C4O4ZGIfYQEvs8t4AaABAg,Relatable
Ugz_cTbiPgQsm0b_NjZ4AaABAg,Relatable
Ugz_D6PbdKqBav2y-TR4AaABAg,Neutral
Ugz_DX9wk764HMMMMNt4AaABAg,Neutral
Ugz_eLmzJUXKkYNe8jh4AaABAg,Neutral
Ugz_ev2erg_SD80qnKZ4AaABAg,Neutral
Ugz_g_cBo6G8mnxqoip4AaABAg,Neutral
Ugz_i9ZZdvxEipAWrLB4AaABAg,Relatable
Ugz_ItSz4hFfEuHOwO14AaABAg,Neutral
Ugz_iuEVytT87RV8vP14AaABAg,Neutral
Ugz_Lxye_OfOhsqwjJx4AaABAg,Relatable
Ugz_lzdjjtxZnbDAg9t4AaABAg,Relatable
Ugz_oicYcKcV_L2yHq94AaABAg,Neutral
Ugz_opWHirjRj6DGrit4AaABAg,Neutral
Ugz_qMdTZDSI8Kjy9oR4AaABAg,Neutral
Ugz_tTIsdih5i9iu0nV4AaABAg,Neutral
Ugz_uhcfKDsEOpF-Yb14AaABAg,Neutral
Ugz_uJwEYSQNZmp043R4AaABAg,Neutral
Ugz_vkfhHNs6F_35hqp4AaABAg,Relatable
Ugz_vXiv0FoaSDdtl9d4AaABAg,Neutral
Ugz_wf9639ypbI5jJLR4AaABAg,Relatable
Ugz_YLoNgKzTYIgrWCV4AaABAg,Neutral
Ugz_YzG_pwVjV7mpvBR4AaABAg,Neutral
Ugz-7IXSKP3STCGa6KZ4AaABAg,Neutral
Ugz-7WxfKsw0o626dlJ4AaABAg,Relatable
Ugz-90mOf7-rExNTvB14AaABAg,Relatable
Ugz-9Icw6nATePgiMUJ4AaABAg,Neutral
Ugz-aLm8i-Y6LnMpivx4AaABAg,Neutral
Ugz-aPb8kNjte_qp9Gh4AaABAg,Neutral
Ugz-ARWHdUTZ4n8p87B4AaABAg,Relatable
Ugz-BNlUCTzyz8cU4fN4AaABAg,Neutral
Ugz-c_hcNfXFNg0c5gl4AaABAg,Neutral
Ugz-C3S-cJpb0TFd7gJ4AaABAg,Neutral
Ugz-craoQ1KcMURUYNl4AaABAg,Neutral
Ugz-GSa0_SMA-xDaKMl4AaABAg,Neutral
Ugz-H2evdlInw-u0nAV4AaABAg,Neutral
Ugz-ib2GQ5WT7Xwp0NV4AaABAg,Relatable
Ugz-jn0DhH7mJI2b_494AaABAg,Neutral
Ugz-kERmI3Zx0bRS9vl4AaABAg,Neutral
Ugz-llnj8a5L1v2SZIB4AaABAg,Neutral
Ugz-Nf8s18rDQsRjJsh4AaABAg,Neutral
Ugz-noY4t7FU1t0yMBd4AaABAg,Relatable
Ugz-OfwM_ir1ipYkZHl4AaABAg,Relatable
Ugz-q31bZqmEs7MH5wB4AaABAg,Neutral
Ugz-QJ8Ejk8kmYMtP4J4AaABAg,Neutral
Ugz-QoyeftB2S74LEFd4AaABAg,Relatable
Ugz-RDF5aswQtivaJ8d4AaABAg,Neutral
Ugz-ROVkN46txRQIjVh4AaABAg,Neutral
Ugz-ThlIEQ_wvjf5kN54AaABAg,Relatable
Ugz-UT_6Yn6wMA-aeaN4AaABAg,Neutral
Ugz-vPy1WRnBr7HVCz54AaABAg,Neutral
Ugz-VZbr1XZvajmHRax4AaABAg,Neutral
Ugz-wGlqsczgkq0Xxdp4AaABAg,Neutral
Ugz-wlQYl-FGw5YOubp4AaABAg,Neutral
Ugz-wqcXb7MNl75-nnl4AaABAg,Neutral
Ugz-Y0ZmZkIbuoJYmY54AaABAg,Relatable
Ugz-YvFMGn_9t_GK-2l4AaABAg,Neutral
Ugz-zMyfXAI8s3YGAFx4AaABAg,Neutral
Ugz0-8P2EldXm6nGMR14AaABAg,Neutral
Ugz0-Cxc9EvMJ14YyH94AaABAg,Neutral
Ugz04Oq0yEPkxg5UPaV4AaABAg,Relatable
Ugz06Pji8xuGSF5YwTZ4AaABAg,Neutral
Ugz07HsxDx1S-1-Rkz14AaABAg,Relatable
Ugz0b9N1my6W01RLA-V4AaABAg,Relatable
Ugz0BNDVhJBiAMnbieV4AaABAg,Neutral
Ugz0BonxfWi_-8_gO7F4AaABAg,Neutral
Ugz0BP3lfOMzkolJQ5F4AaABAg,Relatable
Ugz0c3eE0jecOa4HQjJ4AaABAg,Relatable
Ugz0cAx85F5B7w98hH54AaABAg,Neutral
Ugz0D2VTyBrZuKetj-B4AaABAg,Neutral
Ugz0GFtFi8vvFCutl694AaABAg,Relatable
Ugz0HXoxpn7kKFndkLt4AaABAg,Neutral
Ugz0iJOov_FdDfSiSTB4AaABAg,Neutral
Ugz0imSjNf6giXz_Wet4AaABAg,Relatable
Ugz0lg3Q9WlgcPa_Izl4AaABAg,Neutral
Ugz0ls9xGXCwXQmAg6t4AaABAg,Neutral
Ugz0lvhiQXSKkhZCCKR4AaABAg,Relatable
Ugz0M6ePBubxtNKQESJ4AaABAg,Neutral
Ugz0mMm7z-lXavihevR4AaABAg,Neutral
Ugz0MYNgAeJ981nqrbl4AaABAg,Relatable
Ugz0oTT5qmuqpI6Vb8p4AaABAg,Relatable
Ugz0OyEpFRn26J6eSgF4AaABAg,Relatable
Ugz0QbHWqJKsMCip1wN4AaABAg,Relatable
Ugz0RvhF32JtLDpEElN4AaABAg,Neutral
Ugz0UIOmrvmkd9KAwe14AaABAg,Neutral
Ugz0uV1I0zPAXvSjwJR4AaABAg,Neutral
Ugz0w1gaSHKHE_4pchF4AaABAg,Neutral
Ugz0xnNKc7SQq7ZhIWl4AaABAg,Neutral
Ugz0yajlv4402QkbHkl4AaABAg,Relatable
Ugz0YLIx21L-8ukP3R94AaABAg,Relatable
Ugz0zUZnhHqtClw7OEB4AaABAg,Neutral
Ugz10sen0N6o6vmw9ed4AaABAg,Neutral
Ugz12xfEI7neznL2oFR4AaABAg,Neutral
Ugz13GwNirEYG_syH6R4AaABAg,Neutral
Ugz14yBAnZ_5CF8K7UJ4AaABAg,Neutral
Ugz17ohrdlphuHBUpMl4AaABAg,Neutral
Ugz192RntRhxL1xDPSZ4AaABAg,Neutral
Ugz1BE-TeQ9pk1z0vaN4AaABAg,Relatable
Ugz1CcuWg8Hr2n8AGMR4AaABAg,Neutral
Ugz1CkChnSoRcmDg51l4AaABAg,Neutral
Ugz1DFVGKP-Mdv8c9xp4AaABAg,Neutral
Ugz1FSj7P5rNkNa-VTp4AaABAg,Neutral
Ugz1fu3qQQGs3JtNg3d4AaABAg,Relatable
Ugz1FUD44ctYN2XfRn94AaABAg,Neutral
Ugz1h0Dmj7cX5rToks14AaABAg,Relatable
Ugz1HgTk9reDCxPv8tV4AaABAg,Relatable
Ugz1HuKm6XBEh83NMOB4AaABAg,Neutral
Ugz1J9dLzAgtj9zMZuN4AaABAg,Relatable
Ugz1jBQH0dMf11CIYxB4AaABAg,Neutral
Ugz1KCK9KFYA99VF1Jd4AaABAg,Neutral
Ugz1KCyzLcKULC8IAdJ4AaABAg,Relatable
Ugz1kjSinXA0znUmouR4AaABAg,Neutral
Ugz1P_oJz3eB3YUMcC54AaABAg,Neutral
Ugz1P48YeTJN4PqiujJ4AaABAg,Neutral
Ugz1pM5JcJgnMqEKLI54AaABAg,Neutral
Ugz1qfCZUgBdMPunn1Z4AaABAg,Neutral
Ugz1QP6OiaslNoqvHtN4AaABAg,Neutral
Ugz1rdRUsm2ecZaefk54AaABAg,Neutral
Ugz1rSdGLEU9Qn8AmAF4AaABAg,Neutral
Ugz1TrN_CS1MaP5ZgcJ4AaABAg,Neutral
Ugz1tzBx0xa4vmWL8e94AaABAg,Neutral
Ugz1uKTrInkyFFHSZbZ4AaABAg,Neutral
Ugz1vinXmFZgjXEH2_54AaABAg,Relatable
Ugz1vQfzhXnNLeHdRV14AaABAg,Neutral
Ugz1XHlW9qiFKBYcB314AaABAg,Relatable
Ugz1yYT1V0-a36NKbe54AaABAg,Neutral
Ugz1z5yASV6Q9bFJbWd4AaABAg,Neutral
Ugz1Z8PIjxa5qSx6ZSl4AaABAg,Neutral
Ugz1Z8ZQCeb72nVYA8h4AaABAg,Neutral
Ugz20rwn9uh7xy_mZfB4AaABAg,Neutral
Ugz210z1EuBUZy8nYYt4AaABAg,Neutral
Ugz22kkY1EgXt8yGAsd4AaABAg,Neutral
Ugz25JvrxwlmkSOheBB4AaABAg,Neutral
Ugz25pWNnwWAZMYg6L94AaABAg,Relatable
Ugz25QMVLET6ZsWrok54AaABAg,Neutral
Ugz27NqFdl_xXxnkffx4AaABAg,Neutral
Ugz27RS0H8JHGwC85qB4AaABAg,Neutral
Ugz2anM9AgioH16yBs54AaABAg,Neutral
Ugz2BXH2Dn90-_HxeGZ4AaABAg,Relatable
Ugz2CCbyrQmZzoi-w4Z4AaABAg,Neutral
Ugz2CXGrd17H9RXxGel4AaABAg,Relatable
Ugz2e711sSg180dX5Zp4AaABAg,Neutral
Ugz2hVN-CjwailuZa_54AaABAg,Neutral
Ugz2I5E1q69UxZq0UCx4AaABAg,Neutral
Ugz2IzFim3aO0LU-b-t4AaABAg,Neutral
Ugz2JK9W-LDmoRiT0ZR4AaABAg,Neutral
Ugz2JKHnJcoGRVPXN0F4AaABAg,Relatable
Ugz2jTqPeODgG-BOgat4AaABAg,Neutral
Ugz2k-r1Qq2R3co38PB4AaABAg,Neutral
Ugz2K1pmQz0EFNwHiyt4AaABAg,Neutral
Ugz2kC2we4keN0dluud4AaABAg,Neutral
Ugz2kxRtuGJwdiILmRR4AaABAg,Neutral
Ugz2Ml1_LQKU3Mpk5el4AaABAg,Neutral
Ugz2NzP_E2EtZkJEenN4AaABAg,Neutral
Ugz2o0K5mGJdoZIjaU54AaABAg,Neutral
Ugz2O1hqDsuw_Q0KvUN4AaABAg,Neutral
Ugz2o541plmikHd-oV54AaABAg,Neutral
Ugz2OtD3Ze2HP7NdDYx4AaABAg,Neutral
Ugz2pNBxazp0iQZYM9x4AaABAg,Relatable
Ugz2qaEkNLPLc6qVJdR4AaABAg,Neutral
Ugz2Qs7QTUd7XXUESbJ4AaABAg,Neutral
Ugz2R_bU-Z_RWJmiouR4AaABAg,Neutral
Ugz2r8lM7yKN3gFn8N54AaABAg,Neutral
Ugz2rfFke03lOesX56x4AaABAg,Neutral
Ugz2SXLd1yplMDcP3c54AaABAg,Neutral
Ugz2t_fUbRazbJhr1MF4AaABAg,Neutral
Ugz2T-PF49tmoShQ-Hx4AaABAg,Neutral
Ugz2tHiDt-uscbLQmrh4AaABAg,Neutral
Ugz2tjtkQvEX7eFXLWF4AaABAg,Neutral
Ugz2tzvzv17vXjdQSzl4AaABAg,Neutral
Ugz2UI0SiNHuWOkIgZh4AaABAg,Neutral
Ugz2VUTD1rC6gVH1H-R4AaABAg,Neutral
Ugz2VxFzgSj3Z32yT9l4AaABAg,Relatable
Ugz2w9cDyxEWhA4Q4El4AaABAg,Neutral
Ugz2XNb7xNFvqWFmLHd4AaABAg,Relatable
Ugz2xoYG5vRvUAcTwd14AaABAg,Relatable
Ugz2Y6ZSZeDmRpDlxGd4AaABAg,Relatable
Ugz3_GMGtpywcqH_A994AaABAg,Relatable
Ugz3-T841747fkjowh14AaABAg,Neutral
Ugz300UaMRviwIRw2I14AaABAg,Neutral
Ugz30ufzIFZEoF3ZHAV4AaABAg,Relatable
Ugz32IXPj3Q4Myq7A6V4AaABAg,Neutral
Ugz3byC0O1DUHttWN0B4AaABAg,Neutral
Ugz3C6WEUgv8CpmYTnV4AaABAg,Neutral
Ugz3eeAgUMdb82u9Ff94AaABAg,Relatable
Ugz3eerRoPLYxLS51BN4AaABAg,Relatable
Ugz3GQy7TwIOy170lot4AaABAg,Neutral
Ugz3gs4AmRF-pgu9haV4AaABAg,Neutral
Ugz3hqDtLG5JOGDtQgV4AaABAg,Neutral
Ugz3jPEh1fahkwGglep4AaABAg,Neutral
Ugz3L-5DFhCLsOECLf14AaABAg,Relatable
Ugz3lKzT6f4R_fJ9NUB4AaABAg,Relatable
Ugz3LsI_N9j1Y3oI0n14AaABAg,Neutral
Ugz3MTR_BCi5rQjxunB4AaABAg,Relatable
Ugz3mvla7Ry4Ad-7YsR4AaABAg,Neutral
Ugz3qmWEdDWUyDzAk_14AaABAg,Relatable
Ugz3R-Vwcv5dZydeSbF4AaABAg,Neutral
Ugz3TIpSqrkSiMetcZp4AaABAg,Neutral
Ugz3VESK7kWp1R1TdQZ4AaABAg,Neutral
Ugz3Vi0UVY0CBs2S3hF4AaABAg,Relatable
Ugz3W6xnVwUhKkusf-14AaABAg,Neutral
Ugz3wbjO0-XAM0yCJcR4AaABAg,Relatable
Ugz3xcEU4fMzO6XNsKl4AaABAg,Relatable
Ugz3XdVSW9Mvl-1_zEt4AaABAg,Neutral
Ugz3YHpDsjGdSzzgAJB4AaABAg,Relatable
Ugz3Z4VtVRGaPH2E5Ut4AaABAg,Relatable
Ugz3Z8oKaE6p8EmB9Ip4AaABAg,Neutral
Ugz405egZmsgPvISPHB4AaABAg,Neutral
Ugz42y2FLqTQp2BpfYd4AaABAg,Neutral
Ugz461FMY4FyOGcrMrt4AaABAg,Neutral
Ugz46c-JapN8KkUMFHx4AaABAg,Neutral
Ugz471M1DxiSP2j03Wd4AaABAg,Neutral
Ugz48g6Af_ZQ0N4sLJJ4AaABAg,Relatable
Ugz48ukUB8AthI03qNB4AaABAg,Neutral
Ugz48zW9LNkLLT63KHp4AaABAg,Neutral
Ugz4AsMw8R3KaYtEohd4AaABAg,Neutral
Ugz4BE9Oo3Nyi88mZm14AaABAg,Relatable
Ugz4C783viysCmC1G454AaABAg,Neutral
Ugz4CmsbwNN_3kUmtqJ4AaABAg,Neutral
Ugz4En_370j037DGfzJ4AaABAg,Neutral
Ugz4fC9_PvE469SGjdR4AaABAg,Neutral
Ugz4FJLAKvXe4UnWcWR4AaABAg,Relatable
Ugz4Gx_7GvivDomSRTZ4AaABAg,Neutral
Ugz4HeLhBBv_-RKw77N4AaABAg,Neutral
Ugz4i_LtnPHpRi-i3FV4AaABAg,Neutral
Ugz4I0WP29gllvyiU2Z4AaABAg,Neutral
Ugz4j2OgrF53-8Eh7o14AaABAg,Neutral
Ugz4jQy3DLllTmIpa9l4AaABAg,Neutral
Ugz4kZdAeEwnxuAmQE94AaABAg,Neutral
Ugz4llUt0dMmz41f_hN4AaABAg,Relatable
Ugz4MYQ5ODDTOwdjMV54AaABAg,Relatable
Ugz4N1Rl0obNQ3cna_p4AaABAg,Neutral
Ugz4oC4Jht96Vhjg6Yh4AaABAg,Neutral
Ugz4PUyW9T1pwEt4mTZ4AaABAg,Neutral
Ugz4pZd7JzHP2Fl5Bj54AaABAg,Neutral
Ugz4quRZ7uO5XFmBusl4AaABAg,Neutral
Ugz4rW3LymltU65MQUd4AaABAg,Neutral
Ugz4RzfCjfsH7APn5cx4AaABAg,Relatable
Ugz4TdmO01694RBLWuF4AaABAg,Neutral
Ugz4UHa0ITkuQnzWTc14AaABAg,Relatable
Ugz4y6IlMjFzoDjkoiB4AaABAg,Neutral
Ugz4YW1ca8KPgzJL4sx4AaABAg,Neutral
Ugz5_DmEwVl5rcwml8t4AaABAg,Neutral
Ugz5_vkg6ukk49o437R4AaABAg,Neutral
Ugz50-yzkBJlEWH7MI14AaABAg,Neutral
Ugz50AWZGLPR_baoBr14AaABAg,Relatable
Ugz516Bum7hRB7XlCG94AaABAg,Neutral
Ugz56b1uWXdQWfGSz6B4AaABAg,Relatable
Ugz58sukQlyDFu1xQ2x4AaABAg,Neutral
Ugz59iBujxePaCGzWJB4AaABAg,Neutral
Ugz5CCIz3z48o0BS_4d4AaABAg,Relatable
Ugz5DbiTAkjVCEDrSoV4AaABAg,Neutral
Ugz5eh_ufzioLIEXuat4AaABAg,Neutral
Ugz5ElgkuJy92Wk1ZgJ4AaABAg,Neutral
Ugz5faQW12E0Ch_jBOt4AaABAg,Relatable
Ugz5ggQbIvkn2QjCJgt4AaABAg,Neutral
Ugz5GOip8ocXhBg2cnh4AaABAg,Neutral
Ugz5H_8VMJA5qvfipdF4AaABAg,Neutral
Ugz5JuzLgzesjr3SmXN4AaABAg,Neutral
Ugz5jXSbm03RUXnuPGx4AaABAg,Neutral
Ugz5KjU893AEOjObAXl4AaABAg,Neutral
Ugz5kn-ostXOWb7xhgN4AaABAg,Neutral
Ugz5LgcS87VB53o0mid4AaABAg,Relatable
Ugz5lPdQ5f8sYj3zHRF4AaABAg,Relatable
Ugz5p7k_m3uQkFutDrF4AaABAg,Neutral
Ugz5req3uw3pdY7EnDh4AaABAg,Neutral
Ugz5RW3BzumZWeDRnWJ4AaABAg,Neutral
Ugz5RztB8kXIhETgHvx4AaABAg,Neutral
Ugz5utkSFqa3oj4oxTJ4AaABAg,Relatable
Ugz5WsvQuwCi_zoPeSN4AaABAg,Neutral
Ugz5XCvv3f2RzpanY154AaABAg,Neutral
Ugz6_giNrfchAjL4wZR4AaABAg,Relatable
Ugz6-P1sIGVa9rq35J94AaABAg,Neutral
Ugz605eni3zyF9XT-hx4AaABAg,Neutral
Ugz61zKOTZZPhfpN7th4AaABAg,Neutral
Ugz63N0KWZbGvQhJMHt4AaABAg,Relatable
Ugz65OrTW9uOpumGvct4AaABAg,Neutral
Ugz663wthdzfMmlualR4AaABAg,Neutral
Ugz67_wH3wbspfJZ4oZ4AaABAg,Neutral
Ugz68AueGlkrsZ6mQVp4AaABAg,Neutral
Ugz6AOhgh_ZP1CnxN3t4AaABAg,Neutral
Ugz6cYs2nu0osdQDDix4AaABAg,Neutral
Ugz6d_R1U_YpF-UueE54AaABAg,Relatable
Ugz6EBJIrhfOSRH5-D54AaABAg,Neutral
Ugz6FT7Vr0VybkxOWNp4AaABAg,Neutral
Ugz6g7DeSgMJb0tuHc94AaABAg,Relatable
Ugz6HC7MeItGci5ifzt4AaABAg,Relatable
Ugz6hvPdzrZIXYPOiaF4AaABAg,Relatable
Ugz6HxKW8mTCCpjVSdp4AaABAg,Neutral
Ugz6I7A7-G8dJajDOkt4AaABAg,Neutral
Ugz6kWMSLsyQz11GRn54AaABAg,Neutral
Ugz6LCtAGu0FoiiAWLN4AaABAg,Neutral
Ugz6lFi2A1UH2SrT0Sp4AaABAg,Relatable
Ugz6nq2BRgWnjomF8XV4AaABAg,Neutral
Ugz6otlmKZJfGBIoyrx4AaABAg,Relatable
Ugz6QRygTlC8HZSLrBd4AaABAg,Neutral
Ugz6Rpdwt_SUeCRdAbF4AaABAg,Neutral
Ugz6td-QhJWni-PN1Qd4AaABAg,Relatable
Ugz6tGghfMI9RwYOEUZ4AaABAg,Neutral
Ugz6TkpYaT314JDwgdh4AaABAg,Neutral
Ugz6URVTi-63oMQvFml4AaABAg,Neutral
Ugz6UxrrtEuJrKthBeB4AaABAg,Neutral
Ugz6w1iOdC9jH9ddpYN4AaABAg,Relatable
Ugz6WvNOzEAaBvey8ol4AaABAg,Neutral
Ugz6yMXjReuFyoy3IKh4AaABAg,Neutral
Ugz7_xIbKxyLJbmh9TR4AaABAg,Neutral
Ugz706BUtF1fSGrLQPF4AaABAg,Neutral
Ugz70WPnyfArpVUmuu14AaABAg,Neutral
Ugz71dpIGwhKV2EZ4Ip4AaABAg,Relatable
Ugz71yBoYbzad4At1St4AaABAg,Neutral
Ugz734hLJZwBZLqcuAV4AaABAg,Neutral
Ugz7455axVgvKlFfLIZ4AaABAg,Neutral
Ugz77mMndwmVafVT3Fx4AaABAg,Neutral
Ugz7A2MkUBzF5t4D4Ol4AaABAg,Relatable
Ugz7alL1wS-wAVJk7Px4AaABAg,Neutral
Ugz7aO16Tru1Y51U6pR4AaABAg,Neutral
Ugz7aoZf3eQILXLDQHN4AaABAg,Neutral
Ugz7C47LjMD-j2VvBFJ4AaABAg,Neutral
Ugz7CSoIHJDwnDIo2214AaABAg,Relatable
Ugz7d_Iw7NKXaemt4jN4AaABAg,Neutral
Ugz7fZFKldalxN1OVQ14AaABAg,Neutral
Ugz7GQvlsJMOVY3x7nN4AaABAg,Neutral
Ugz7ho8TdM5gH1egqN54AaABAg,Neutral
Ugz7I-D-fs1r-pKnfxV4AaABAg,Neutral
Ugz7j4Yc6Y5oReYGn9J4AaABAg,Neutral
Ugz7jYUbWQJmle2Rc_N4AaABAg,Relatable
Ugz7LkiVQjG3tyMXidl4AaABAg,Neutral
Ugz7LtRfS0u2T3d6fK14AaABAg,Relatable
Ugz7lu_0sfleTSZHsA94AaABAg,Neutral
Ugz7lVt-6EwDJmkbN0J4AaABAg,Neutral
Ugz7MF2rbKL_-8bxhdF4AaABAg,Neutral
Ugz7mPtXMWNaV1Nl2RZ4AaABAg,Neutral
Ugz7nAl1zb-AEiRy4-l4AaABAg,Relatable
Ugz7OKxNTBW6bdwG7_R4AaABAg,Neutral
Ugz7OZLkQHOwzxIUEZp4AaABAg,Relatable
Ugz7PO4e-HQJaWw2NnJ4AaABAg,Neutral
Ugz7qqdM9ys_p_lZxVB4AaABAg,Neutral
Ugz7qrl_5Kdd_j--guR4AaABAg,Relatable
Ugz7rJuEmC2HzqIh1U54AaABAg,Neutral
Ugz7tAi1sgA8t2zPyRh4AaABAg,Neutral
Ugz7tva5pUIsIZNYEUd4AaABAg,Relatable
Ugz7UIXx1il72JsIoOt4AaABAg,Neutral
Ugz7VCX1WD9doXmxagR4AaABAg,Neutral
Ugz7vK0Pt2MUzF3qkHZ4AaABAg,Neutral
Ugz7zWj1WBHnjWWSxul4AaABAg,Neutral
Ugz8-WelGVr23Sj_Llh4AaABAg,Neutral
Ugz869AMvUDXSTP4x_N4AaABAg,Relatable
Ugz86wZhhEqmmK4FFfh4AaABAg,Neutral
Ugz897hWi9lotuaSFP54AaABAg,Neutral
Ugz89855GgDro3mmGeZ4AaABAg,Neutral
Ugz8CGzog1ZewBY_Z0h4AaABAg,Neutral
Ugz8dAuertBG80J5fFl4AaABAg,Neutral
Ugz8EHRv93ZKDQNmE2h4AaABAg,Relatable
Ugz8EyL9j8pPQO7hm-Z4AaABAg,Neutral
Ugz8HPm3Mg5wS7VKTFB4AaABAg,Neutral
Ugz8HSLI43G9r5fg9uJ4AaABAg,Neutral
Ugz8KrC25__1hkgkMxx4AaABAg,Neutral
Ugz8LAVzh9gfYxXvuyt4AaABAg,Neutral
Ugz8M6iCZlkwZXkDgeZ4AaABAg,Neutral
Ugz8mr6k_bB08J8fEUB4AaABAg,Relatable
Ugz8pBwaMLegppJNZbB4AaABAg,Neutral
Ugz8pP_xqB1xJPAc9vB4AaABAg,Relatable
Ugz8QYq2SbIibSoMy_54AaABAg,Neutral
Ugz8RmnwZk0XVK_LfE94AaABAg,Neutral
Ugz8sOudXQO9P_-YfEh4AaABAg,Neutral
Ugz8sXuavesGARGQmCd4AaABAg,Neutral
Ugz8TCL7e63hq8qNWDt4AaABAg,Neutral
Ugz8TUFqfk6ULWJrNFt4AaABAg,Relatable
Ugz8vI-cRCIriiUgIsV4AaABAg,Relatable
Ugz8viG1-kU8UguYkbJ4AaABAg,Neutral
Ugz8WOoc7G91yg2yGzd4AaABAg,Neutral
Ugz8YZzpnW2fUo_j0Ux4AaABAg,Relatable
Ugz8ZUf0livlvtu42rB4AaABAg,Neutral
Ugz9_tfVZR4U5_nO_fp4AaABAg,Neutral
Ugz921qKCCRv-fBOFSF4AaABAg,Neutral
Ugz92qcuRKQ-9tJigqN4AaABAg,Relatable
Ugz94bdy4UfnaNW8CdB4AaABAg,Neutral
Ugz95AAlkCixtZU68rB4AaABAg,Neutral
Ugz9AD7j4BzySiNAUGh4AaABAg,Neutral
Ugz9ALAhw2Ub9ih7ifh4AaABAg,Neutral
Ugz9b4-BFYyzpPPR4Sl4AaABAg,Relatable
Ugz9BB3Ek4_dVs-ZA7p4AaABAg,Neutral
Ugz9bfNTKsCtIIu2NTJ4AaABAg,Neutral
Ugz9C89y3hTnReBw9a14AaABAg,Relatable
Ugz9CXcfstPOh-02r8B4AaABAg,Neutral
Ugz9CZga9NeOnFE54SR4AaABAg,Relatable
Ugz9DHueY1JKrLN5Lep4AaABAg,Relatable
Ugz9ErfQeXN8uO3M1z54AaABAg,Relatable
Ugz9f60NOmUv2eUX0GR4AaABAg,Neutral
Ugz9gGO2H1iXv6ZfTF94AaABAg,Neutral
Ugz9GvbsLnvbZOGp4HF4AaABAg,Neutral
Ugz9IIqtpW_v9qRIbXt4AaABAg,Neutral
Ugz9iyMEDRPufo89CLZ4AaABAg,Neutral
Ugz9jrFTCwGFrPvnjVt4AaABAg,Neutral
Ugz9L4r3fJKLKHiG8TB4AaABAg,Relatable
Ugz9lJbU56uyyDuZ8o14AaABAg,Relatable
Ugz9LXpZmK-zWFvZmIZ4AaABAg,Relatable
Ugz9lYRokRIlAWsFj814AaABAg,Neutral
Ugz9MZptt1jSfARw7tV4AaABAg,Neutral
Ugz9O5jtgeg7D5lsuOd4AaABAg,Neutral
Ugz9o5obcnoopc0TyHd4AaABAg,Neutral
Ugz9OD6BbiB6BVI7TGJ4AaABAg,Neutral
Ugz9pCn7M4d8TN81hlF4AaABAg,Neutral
Ugz9pxHPQMs2NeiZXnd4AaABAg,Neutral
Ugz9R2ZUd0mU9Vg2jdx4AaABAg,Relatable
Ugz9RAq_6H353WIdFk54AaABAg,Neutral
Ugz9reI5iK7F1ST5r8Z4AaABAg,Neutral
Ugz9S5kmgtZ1PSWBu-V4AaABAg,Neutral
Ugz9Sp2kVdqjpGsstPh4AaABAg,Relatable
Ugz9TEKEkEwbsxhYnCJ4AaABAg,Neutral
Ugz9UmLAIP0ekn_sOZF4AaABAg,Relatable
Ugz9wnIRgFBAOGsGVzd4AaABAg,Relatable
Ugz9WZYtuhOS7Q69Agt4AaABAg,Neutral
Ugz9z-vKV4NfCDWYMO94AaABAg,Relatable
Ugz9z2ww9p13yeePSyJ4AaABAg,Neutral
Ugz9ZdRaItPHoNKscjt4AaABAg,Relatable
Ugz9zED9rGCwM-Lic7J4AaABAg,Neutral
UgzA17l0YHlaZR-6PTp4AaABAg,Relatable
UgzA1ITSVdibGGhdkSd4AaABAg,Relatable
Ugza2hMEK9_jcleSrm14AaABAg,Neutral
UgzA2T0XcSC10Teqoz94AaABAg,Neutral
UgzA3t3s4M0gOxaOo014AaABAg,Neutral
Ugza3tAoICr3IpMk5Ox4AaABAg,Neutral
Ugza46xChrtuVG5ChpJ4AaABAg,Relatable
Ugza4CiAnNvpHnAAbTZ4AaABAg,Relatable
UgzA4NOXFeICI_3yFF94AaABAg,Neutral
Ugza4vrMs6u2p8pb1EZ4AaABAg,Neutral
UgzA4xkX_1NimQvhxh94AaABAg,Relatable
Ugza4ZxFrbuCSd2Fgcd4AaABAg,Neutral
UgzA5SXBfKt_8kDJjjJ4AaABAg,Neutral
UgzA6h_8YieiM72zUEd4AaABAg,Relatable
Ugza8h7A8Ct65T5KEep4AaABAg,Neutral
UgzA9HTq70-75cBfA2J4AaABAg,Neutral
UgzAAnRm2b-lOxWXwyB4AaABAg,Relatable
UgzaArq6vS75qDBjeYN4AaABAg,Neutral
UgzAbZp9C-PZGJJ9CvN4AaABAg,Neutral
UgzAc3uE9QwBD8nCw5d4AaABAg,Neutral
UgzACwZolS80uo23cJZ4AaABAg,Relatable
UgzADjUFMsVA1VNiPwl4AaABAg,Neutral
UgzadtdBEuf9E4u_nb14AaABAg,Neutral
UgzadZad4Vb8z7OsHvx4AaABAg,Neutral
UgzaECpbgWLu3143RYZ4AaABAg,Neutral
UgzaefzhGkC1VvM7yoN4AaABAg,Neutral
UgzaEHB2HTcHBhQow854AaABAg,Relatable
UgzaEIJUaUdDgt1zbGx4AaABAg,Neutral
Ugzaf25GYaTslrZYNxh4AaABAg,Neutral
Ugzag9QQl6xNQVs4V114AaABAg,Neutral
UgzaGPPTE25EYVEhClh4AaABAg,Neutral
UgzahTRcARXnuqRaQ294AaABAg,Neutral
UgzaIuPL-9OA70uhkm54AaABAg,Neutral
UgzaIzuhAbEHrS0hjwt4AaABAg,Neutral
UgzAjE2hDTJrH-dEklp4AaABAg,Neutral
UgzajeuqB5F4sxgZTeF4AaABAg,Neutral
Ugzak72blujD26qSPcp4AaABAg,Neutral
UgzAKbaWdhKGPPExqll4AaABAg,Neutral
UgzAKOyN9zbmhFXvISF4AaABAg,Relatable
UgzALlG2-EzAwUmc9oV4AaABAg,Neutral
UgzAMbOjMZ143Vp8QbR4AaABAg,Relatable
UgzAMXkwvrQkmxJ3xHh4AaABAg,Neutral
UgzANDq6d17LWYJiPBx4AaABAg,Relatable
UgzAOCBJmU1B1U14rOV4AaABAg,Neutral
UgzapD0d8GETL9iuCLB4AaABAg,Neutral
UgzapePMuCJJfYfH_r54AaABAg,Relatable
UgzAPoj3A-MIkAwVBoR4AaABAg,Relatable
UgzApPMKn8UNOpYGCCV4AaABAg,Neutral
UgzAqawQ8aipfvirkl14AaABAg,Neutral
UgzAr93oe2Catsn1Bht4AaABAg,Neutral
UgzAroj1OVMWWinh8tJ4AaABAg,Neutral
UgzArVLli6EEqN6AvKd4AaABAg,Neutral
UgzAs7B69RwAKSL2SAN4AaABAg,Relatable
Ugzask9YFpLdRq8iTnB4AaABAg,Neutral
UgzasOpAD14jevVKIg14AaABAg,Neutral
UgzATdL1S5Gig_RO8rZ4AaABAg,Neutral
UgzAtiqkAdrOYI5oG_14AaABAg,Relatable
UgzatMAXmQpmkiCI0Bl4AaABAg,Neutral
UgzAUjkAjj9zOGcvVPl4AaABAg,Neutral
UgzaUvxnky9wxiA-g614AaABAg,Relatable
UgzAVMBUV8LHRbRMYgd4AaABAg,Neutral
UgzAw8sXRVokN4R13aZ4AaABAg,Neutral
Ugzawn2mrEv2Gmx7aLd4AaABAg,Relatable
UgzAxSQelCuEEV9IxOh4AaABAg,Neutral
UgzAXWZaAYMwkzy4Tth4AaABAg,Neutral
UgzAYhSQ2k1onBh9Ttx4AaABAg,Relatable
UgzAYKIwgopv9aTLC2x4AaABAg,Neutral
UgzaYrJW2yrxkubApOx4AaABAg,Relatable
UgzaYWwvwMFltz12fhF4AaABAg,Relatable
UgzAZbHmi-23VoIIANJ4AaABAg,Neutral
UgzAzBupqhI82xNG0V54AaABAg,Neutral
UgzazmRhVJM4uLUP-wx4AaABAg,Neutral
Ugzb_T6iliOzh7tgCKt4AaABAg,Neutral
Ugzb-2cArR22x4FuNtR4AaABAg,Neutral
Ugzb-8eZN0G85ZGffmR4AaABAg,Relatable
UgzB-a3S5iE_mnbsaZx4AaABAg,Neutral
Ugzb0WDaHMO54v7IyyJ4AaABAg,Neutral
UgzB0Xq8eSO_2s8npBt4AaABAg,Neutral
UgzB2TAo0H5DgXXn9KN4AaABAg,Neutral
UgzB3-iCG41vDtWTpkh4AaABAg,Relatable
UgzB4E7ZPxdGs3mSp6t4AaABAg,Neutral
UgzB4oZFOUlAz7HMbAl4AaABAg,Neutral
UgzB5e13_6_1jvH1lvJ4AaABAg,Neutral
Ugzb62r0uYLvYbpfYe14AaABAg,Relatable
Ugzb6sPo_92-n6M6pJd4AaABAg,Neutral
UgzB7-XLf-RAuEInXsJ4AaABAg,Neutral
UgzB7sLRF8UgZA2mLCN4AaABAg,Neutral
Ugzb8_pt3_dIo6no31F4AaABAg,Relatable
Ugzb9TcOaFYLdAo733t4AaABAg,Neutral
UgzBaa_PzQ84fFc5tsV4AaABAg,Neutral
UgzBagBUwfz91u0NcHV4AaABAg,Relatable
UgzBAN9_QoFekVRL9h94AaABAg,Neutral
UgzBB4aNxmsO4ocSirl4AaABAg,Relatable
UgzBB6ok_LedWYE69FZ4AaABAg,Neutral
UgzbBE7V-UdfHGdPY994AaABAg,Neutral
UgzBcMoZSyqJlP1iavR4AaABAg,Neutral
UgzBDki8uXoLUGBdjzd4AaABAg,Neutral
UgzbDnxjCHq__PV8s5t4AaABAg,Relatable
UgzBdQJwkwwg9UgKF2R4AaABAg,Neutral
UgzbE3MmdltsM4hB1Jt4AaABAg,Relatable
UgzBEaEgeBOKMrL_xPN4AaABAg,Neutral
Ugzbf_TovgDCH4nre2t4AaABAg,Neutral
UgzbFPltMoM6NUsLjAt4AaABAg,Neutral
Ugzbg-W18tS8dbmN_S14AaABAg,Relatable
UgzBG6kov_9jk83xllF4AaABAg,Neutral
UgzBgesbTWZWVcFlshl4AaABAg,Neutral
UgzbgKta20whOwKuedR4AaABAg,Neutral
UgzBgmwQp2yrqx0_mO94AaABAg,Neutral
UgzbGtPmOTdgCPOD50B4AaABAg,Neutral
UgzBhr6z2144EkPScMh4AaABAg,Neutral
UgzbHtkfVsfklunItkB4AaABAg,Neutral
UgzBHwGD653v0v_X5Vx4AaABAg,Relatable
UgzBi-rfT8SaMHTIdUd4AaABAg,Neutral
Ugzbid_egu1REnZIf1R4AaABAg,Neutral
UgzbiEDxYp5UJxnGvRR4AaABAg,Neutral
UgzBjb8TrnSwfTED2Sp4AaABAg,Neutral
UgzbkESe0PkAlcP0JgZ4AaABAg,Neutral
UgzBKUtoORa5iILue6F4AaABAg,Neutral
UgzbkWquVitzScWhv_B4AaABAg,Neutral
UgzBky0ovs59khJ5stV4AaABAg,Neutral
UgzbkyNKGsKxT99TB8F4AaABAg,Neutral
UgzBL-k9efhxAKr0BaJ4AaABAg,Neutral
UgzbL6KIxUFhEPFA03Z4AaABAg,Relatable
Ugzblo0nXD_H5oTtrzB4AaABAg,Neutral
UgzblwQsboDQCVZy2DB4AaABAg,Relatable
UgzBMFm69uTjlHrrEBp4AaABAg,Neutral
UgzBMYHupVolzSPfp3t4AaABAg,Neutral
UgzBN80MwmJdoCzySJh4AaABAg,Relatable
UgzbNCAqClCMoWlnqgp4AaABAg,Neutral
UgzbNgi1zN3txVeEfSx4AaABAg,Relatable
UgzBnNREdBPekMyLSp94AaABAg,Neutral
UgzbnUaSSiV-LslvMoV4AaABAg,Neutral
UgzBNytlYeY-ehtgbvx4AaABAg,Relatable
UgzboAr3hfKygdmkzfR4AaABAg,Neutral
UgzBocpDvWaRHm8x1Y54AaABAg,Relatable
UgzbOJ1jHp3b-DPprs94AaABAg,Neutral
UgzBpkHG0uwPwyjD4ch4AaABAg,Neutral
UgzbpvdsPl0ZGoPG1u54AaABAg,Relatable
UgzbpZ-tNZjEvm1yzqp4AaABAg,Relatable
UgzBRDd3CuZ1piYCn-x4AaABAg,Relatable
UgzbrnxKKO2Yr5FDQ5V4AaABAg,Neutral
UgzBSHyYoBGPVJ14F5F4AaABAg,Relatable
UgzBSMXkAY3eSeyvrqB4AaABAg,Neutral
UgzbSnjJcisIwszt7EB4AaABAg,Neutral
UgzbsNluutRLgSY7q7l4AaABAg,Neutral
Ugzbt6A6SOetGcUhyxZ4AaABAg,Relatable
UgzBtdweY4HkRBmFky14AaABAg,Neutral
UgzbTk3RR1fBGWop7Bd4AaABAg,Relatable
UgzbTSLre1vJBcH_ZUJ4AaABAg,Relatable
UgzBVh1Kd6xCiW0Fag94AaABAg,Neutral
UgzBVUrUjj-oEdIalyx4AaABAg,Neutral
UgzBwaC78Np8OgScj314AaABAg,Neutral
UgzBwfTvU7AXltG7HyR4AaABAg,Relatable
UgzBXH44r2c_Bt72Sc54AaABAg,Relatable
UgzbXPyEGscRGrjnhbt4AaABAg,Neutral
UgzbxQRezssf09yn-VF4AaABAg,Neutral
UgzByj6CKaugJjpLDRt4AaABAg,Relatable
UgzBywhswT87dgJd1cl4AaABAg,Neutral
UgzBzxVY3jN_Q_BG6xp4AaABAg,Relatable
Ugzc_5N1aNJlSITznLJ4AaABAg,Relatable
Ugzc-DZhe6qybzJ_VgR4AaABAg,Neutral
UgzC2I5yCkH_XjkkGq14AaABAg,Neutral
UgzC3xPEzg7yiZiZWJ14AaABAg,Neutral
Ugzc4FDKSPc07eD2GYV4AaABAg,Neutral
Ugzc4nSUxEhvPVm9G5t4AaABAg,Neutral
Ugzc4QlEGNSEVFBG8914AaABAg,Neutral
Ugzc4WH1_cIBPNbGF8t4AaABAg,Neutral
Ugzc98Hxj2RBIlgjCoB4AaABAg,Relatable
UgzC9h4JjDhj4j3qZ254AaABAg,Relatable
UgzCAkDX4LERbsorW1t4AaABAg,Relatable
UgzcanfrAdvmiVuYPUV4AaABAg,Neutral
UgzcAscCCgrCJsgSt3V4AaABAg,Neutral
Ugzcb7lsrHVyiQyKLUh4AaABAg,Relatable
UgzcBut6sfP5Y8-Y9yZ4AaABAg,Neutral
UgzCC-O5Gexlk8IxYgt4AaABAg,Neutral
UgzCc0TRDTdj00JxMbN4AaABAg,Neutral
UgzcC7jDP3nE8kT_AOp4AaABAg,Relatable
UgzCcfcVJl3ozRSSV-N4AaABAg,Neutral
UgzCCUmu9qUpQViYIOV4AaABAg,Relatable
UgzCcwnnkweArlKK3bl4AaABAg,Neutral
UgzCCyw9hdCPYjz7RNt4AaABAg,Neutral
UgzcdV74HZbDWwTrVaB4AaABAg,Neutral
UgzceqGGW9VMdINBxNN4AaABAg,Neutral
UgzCFPNsmTtGDDmfvVh4AaABAg,Neutral
UgzCFQzkJkPGlwp3wkl4AaABAg,Neutral
Ugzcgdmg3TJMosNETuN4AaABAg,Neutral
UgzcGl_qtQNzbU-5h-54AaABAg,Neutral
UgzChLKW8Pax5ytYqC54AaABAg,Neutral
UgzCI1E8WQjddR7gXXF4AaABAg,Relatable
UgzCi2OF8w2-U9e1Qd54AaABAg,Neutral
UgzcIbHaZspb05iroH94AaABAg,Neutral
UgzciclqKBsX2gnGlgN4AaABAg,Neutral
UgzcinYPaDsV7s808AN4AaABAg,Neutral
UgzcJd1K5lE0KiYhKO14AaABAg,Relatable
UgzCjesa1vKyKZ3AbRF4AaABAg,Neutral
UgzcJFoHVVwJDZg3uIZ4AaABAg,Neutral
UgzcKdtzYiCQN8szKLl4AaABAg,Neutral
UgzCkjtlUmXXCiO7n7x4AaABAg,Neutral
UgzClYkVIh6k8SVJa7h4AaABAg,Neutral
UgzcMOB6EgoWDnN3xGR4AaABAg,Neutral
UgzCMy3-oozIUntCNpR4AaABAg,Neutral
UgzcN8lYCrXaXTXRnXN4AaABAg,Neutral
UgzCnDP2ySld7DsqKOl4AaABAg,Neutral
UgzcNfguBBB66ftHl_F4AaABAg,Relatable
Ugzcpix78c17Y56cFTN4AaABAg,Relatable
Ugzcpwnob7aI-vqL57F4AaABAg,Neutral
UgzCqgxyDw2atSCGdFd4AaABAg,Neutral
UgzCR8GUX-EK8YKE0bd4AaABAg,Relatable
UgzcrAr8l00n1cQjQ_x4AaABAg,Neutral
UgzcrfcllTukdVxXmSN4AaABAg,Neutral
UgzcrKn2ear9moT97hd4AaABAg,Neutral
UgzcS5SiLmEe8C15XGx4AaABAg,Neutral
UgzcSxE2Qu2A9DsAymZ4AaABAg,Relatable
UgzcSzSxxmihQSdy0E14AaABAg,Neutral
UgzCt4R7UsvHu3ghjUt4AaABAg,Neutral
UgzctNYVgpNMrHgs8YR4AaABAg,Relatable
UgzCtSC9f0Y7Yt1hCql4AaABAg,Neutral
UgzctwsvIQaiD6LQx1V4AaABAg,Neutral
UgzcV7p4N4uMZ_I6Rm14AaABAg,Neutral
UgzcVWP-V01T58vDQqt4AaABAg,Relatable
UgzcwEBoJY8VMl8UtgV4AaABAg,Relatable
UgzCwlGN0lxgoEzeQDp4AaABAg,Relatable
UgzCxjbNzkNe4w3ehGN4AaABAg,Neutral
UgzcxuWnXVlKw5yF5sF4AaABAg,Relatable
UgzcYMlrmAJe4yp4Nol4AaABAg,Neutral
UgzczKS-f8KZM8xPrQx4AaABAg,Neutral
Ugzd1VZOjWTHYGFSGQd4AaABAg,Neutral
UgzD3OUt9N_ea3O27M94AaABAg,Neutral
UgzD4p0dTlKzNG9huhF4AaABAg,Neutral
Ugzd54LDzB04KfIhCuB4AaABAg,Relatable
UgzD5qSoRoMRpGVeF_54AaABAg,Relatable
UgzD88VsGclQu4GBR7R4AaABAg,Neutral
Ugzd9CoLE-Ixe9AqCzd4AaABAg,Neutral
UgzdaAquuPFwZbgcbSx4AaABAg,Neutral
UgzDAQQdgaMkCL_f8FF4AaABAg,Neutral
UgzDbCIEMZ5gagCPok94AaABAg,Neutral
UgzDcE_N4-WbXWvInTB4AaABAg,Relatable
UgzDcJ5gb3LzRDCh-aZ4AaABAg,Neutral
UgzdDadputX6-ToJDOh4AaABAg,Neutral
UgzDdL4RA-PGNhKg_od4AaABAg,Neutral
UgzDEN1eFNGhQbQC4Ld4AaABAg,Neutral
UgzdEsQYCpB4RZMm8Tl4AaABAg,Neutral
UgzDf2aE-BfWzNDAvPF4AaABAg,Neutral
UgzdGbUPrVQjV5RaAk54AaABAg,Neutral
UgzdgjgemrDE4QFpgEF4AaABAg,Relatable
UgzDH3e6a_3-o5yC8Zt4AaABAg,Neutral
UgzDhdXsKOCp-7gGsVN4AaABAg,Neutral
UgzDhwbjtR_KA5fn74V4AaABAg,Neutral
UgzdiCjoWFWl5JvE1wF4AaABAg,Neutral
UgzDIdI1Ez9Sl0OeZYJ4AaABAg,Neutral
UgzDipIT33_Z76sL0Tt4AaABAg,Relatable
UgzdISJYh_-3MCcWM814AaABAg,Relatable
UgzdjgB0g0wnT2FVzTN4AaABAg,Relatable
UgzdJybVBPjOZrgT04p4AaABAg,Neutral
Ugzdk8g_FDZPzD12KyB4AaABAg,Relatable
UgzdkVsmLlEwaBTzAMJ4AaABAg,Relatable
UgzDKYLlFy78H5RvpiJ4AaABAg,Neutral
UgzDL4At_E5UTswQv9F4AaABAg,Neutral
UgzDMgs4244VKUzl3dN4AaABAg,Relatable
UgzDMjfAtWptlJhSVZp4AaABAg,Neutral
UgzDO_O8VSCH71YF6hZ4AaABAg,Relatable
UgzdOaGHqcsiJsdGTQJ4AaABAg,Relatable
UgzDosot6QmBY9z7ixJ4AaABAg,Neutral
Ugzdp00LWHulCgUOggt4AaABAg,Relatable
UgzDP4o5BXAduQW9xnF4AaABAg,Relatable
UgzDPBp0pgyf9IKS_dh4AaABAg,Relatable
UgzDpBSfeN19G1GQkJN4AaABAg,Neutral
UgzDpl9T6BppZYzOI9Z4AaABAg,Relatable
UgzDQ0e-ICJehd2nFf14AaABAg,Relatable
UgzDqQ81R_VWmBXP9vx4AaABAg,Neutral
Ugzdt4XFDS4mFFLrp6F4AaABAg,Neutral
UgzdT5H4aH-wAcvTTNF4AaABAg,Neutral
UgzdtGWYg0LX7YERSwB4AaABAg,Neutral
UgzDtNUXpEuiarAlkrV4AaABAg,Neutral
UgzDtpnxtZPENWznUrF4AaABAg,Neutral
UgzDtxxmHiYfwjPzxvV4AaABAg,Relatable
UgzDUHsWLk5QsOe27yx4AaABAg,Neutral
UgzduPkvPhUZCGyymed4AaABAg,Neutral
UgzduUoRYjbEMc2WYbF4AaABAg,Relatable
UgzdUwcYMMw4qx5L4YB4AaABAg,Neutral
UgzdVBN5t-QtBxi8IzV4AaABAg,Relatable
UgzdVfMeZnj-ZHFHSGN4AaABAg,Neutral
UgzDvnJ3kbZekjpZbER4AaABAg,Neutral
UgzDx8eUh_zkvxI1-sN4AaABAg,Neutral
UgzdXMJ7JpcyR5oKdTx4AaABAg,Neutral
UgzdxvjfObNrIl9L6OR4AaABAg,Neutral
UgzdYOPEsAtmCcFDwAF4AaABAg,Relatable
UgzdYvTRBKNbBIK1VPF4AaABAg,Neutral
UgzDZo_zB1XXZHT8E8x4AaABAg,Relatable
UgzdZwkRZe0vJ3wN2l14AaABAg,Relatable
UgzE_dYoIS9tXB4pC2F4AaABAg,Neutral
UgzE_FK_9upwUzSEjQt4AaABAg,Relatable
UgzE_ttCGoOpN7l6U5p4AaABAg,Neutral
Ugze02oR4e3UUNswARV4AaABAg,Neutral
Ugze0pyq3NVx54altPZ4AaABAg,Relatable
UgzE2bO76NW8wJwIGit4AaABAg,Relatable
UgzE2M4qDmmr-X-ny9x4AaABAg,Relatable
UgzE5uu-YonI5R1tpAB4AaABAg,Neutral
UgzE68EFSObEVpl5ZQF4AaABAg,Neutral
Ugze70jUMeOtPYoPind4AaABAg,Neutral
UgzE77KHCco8vmsEUU54AaABAg,Neutral
Ugze7GQWo2djjUNx6Qh4AaABAg,Neutral
UgzE7yzA3BVUhjKfk954AaABAg,Neutral
UgzE8IfbMfp34Izbcmp4AaABAg,Neutral
Ugze8u7acozy1DD3UHF4AaABAg,Relatable
UgzEa6m2jqTgxtZ28DN4AaABAg,Neutral
UgzEa7OGgDuDaMcioVl4AaABAg,Neutral
UgzEaVuQUuQJz-Yn00J4AaABAg,Neutral
UgzeB0nmEJcfcHMtiAx4AaABAg,Neutral
UgzeC6-RoeuQP7W8LIx4AaABAg,Neutral
UgzeDi1aacJFdmWYxCt4AaABAg,Neutral
UgzEe02oXpZLX3Id2Sx4AaABAg,Neutral
UgzeeTq6-jyQHELiYv94AaABAg,Neutral
UgzEeYADqWDvO1Xv6pN4AaABAg,Neutral
UgzeFum_ipPvMQkTrk14AaABAg,Neutral
UgzeFXUoX7O-CROwkNd4AaABAg,Neutral
UgzEGaXL58O_Ros9lkp4AaABAg,Relatable
UgzegI2V0-W7OJ_Oa5V4AaABAg,Relatable
UgzEH_05WhaEUN5myKV4AaABAg,Neutral
UgzEh7D6kl27fX2tTRF4AaABAg,Neutral
UgzehES3xwHyrWS2hpR4AaABAg,Neutral
UgzehN1AENq10h86AAF4AaABAg,Relatable
UgzEhr3I95pi2JCFIpV4AaABAg,Neutral
Ugzeih8XPMTpII5o3Et4AaABAg,Neutral
UgzeJpR8GquhnTRD2yd4AaABAg,Neutral
UgzeK5fP9OZQlhjKGJZ4AaABAg,Relatable
UgzEMBm0my6zM_X-Xe14AaABAg,Relatable
Ugzemm_kwdqKyMul68F4AaABAg,Relatable
UgzenFB9KLPOTueI3uJ4AaABAg,Relatable
UgzEp5hmBxEDgX65icx4AaABAg,Neutral
UgzeQ-CKWuUAu6hDyUN4AaABAg,Relatable
UgzEQnNPKkr4wUvYP1B4AaABAg,Neutral
UgzEQOkmVzMO8Sc_bkJ4AaABAg,Neutral
UgzEtnQWZ3RcsJlPtWp4AaABAg,Relatable
UgzEUe6vSwpW-C4C0HF4AaABAg,Neutral
UgzEUeJ5zdRfaZXf8pF4AaABAg,Relatable
UgzeVrWPuWkcuHVYjJ54AaABAg,Relatable
UgzeWKH2noR1UffM3gJ4AaABAg,Neutral
UgzEX-AaP_pSdaKs3pN4AaABAg,Neutral
UgzEXNPP_0DXlGKX4Px4AaABAg,Relatable
UgzEYAaOAF5qVji1wbN4AaABAg,Neutral
UgzeyapnAvJ-FpWuZhp4AaABAg,Neutral
UgzeycQYAZ5YHJlsUK54AaABAg,Relatable
UgzeyKGGAEcr1x-VezF4AaABAg,Neutral
UgzeyL5iFJNdNHUfx1p4AaABAg,Neutral
UgzEyuzGtLaaKTO7kqZ4AaABAg,Neutral
UgzezCI93TFjCgdu09t4AaABAg,Neutral
UgzeZowLxKosL43UZLh4AaABAg,Relatable
UgzF_hixJF1i8otiOC54AaABAg,Relatable
UgzF_WhnWc2HWoccgMl4AaABAg,Neutral
UgzF2Ucjf42fNmthmeF4AaABAg,Neutral
Ugzf3AvF9gB4NIsy39t4AaABAg,Neutral
Ugzf3odPo0rPL4X0whF4AaABAg,Neutral
Ugzf3Yb0CwmBxJ-FdIB4AaABAg,Relatable
UgzF4aDHXi9RA16u-jx4AaABAg,Neutral
UgzF4c4NlFDXktaHLK54AaABAg,Neutral
Ugzf4YU6VWIHOLhmIqt4AaABAg,Relatable
UgzF5NlfDUn6deCywXF4AaABAg,Relatable
UgzF6CYOa2-5xxMMw1l4AaABAg,Neutral
Ugzf6PdHoeBIWxPHgSh4AaABAg,Neutral
UgzF9IGgXxPopVBGaoR4AaABAg,Relatable
UgzF9k2T86XjB5sg_PZ4AaABAg,Neutral
Ugzf9yG7dOp9JZqk2rp4AaABAg,Neutral
UgzfAEV5yrIyN1bqdcp4AaABAg,Neutral
UgzfAHF3pX3x5ZVUuld4AaABAg,Neutral
UgzfALa6RYOVJlRZeh94AaABAg,Neutral
UgzFB0jPSOhUh9TAmjh4AaABAg,Neutral
UgzfB49Zt7-TY5ydW_94AaABAg,Neutral
UgzFBGF4iwIc7YscFK54AaABAg,Neutral
UgzfbIbjp2LfLPupFO14AaABAg,Relatable
UgzfbIF-xhIZm9JA2954AaABAg,Neutral
UgzFBiMMK7cs78Fu9s14AaABAg,Neutral
UgzfBiObXfqgmE0dR6Z4AaABAg,Neutral
UgzfC2Qhhbj4jHXYUfV4AaABAg,Relatable
UgzFc8P4rG_8kGzyQAx4AaABAg,Neutral
UgzFd4SacNEvF9QEUvB4AaABAg,Relatable
Ugzfdp8b0tH10A2NlVN4AaABAg,Neutral
UgzfeBmpt8PtoRmSXtd4AaABAg,Neutral
UgzFEH8uJNjSAtVyMyt4AaABAg,Relatable
UgzfEj33Xlr5TwZvSfd4AaABAg,Relatable
UgzFetOb2bGf_3H7G6R4AaABAg,Neutral
UgzfFlgQoV0YQjMQQHV4AaABAg,Neutral
UgzFfSIyto7EEZaE7894AaABAg,Neutral
UgzfGdTnaYgPpzODIEd4AaABAg,Relatable
UgzfGgZGJrzmTxrkHFZ4AaABAg,Neutral
UgzfhgEyohJOmwnHM4F4AaABAg,Relatable
UgzFHlHW7WeBg3Xjgt94AaABAg,Neutral
UgzfHzGfMVXIuMAguYB4AaABAg,Neutral
UgzFhzO_7XChA6GYwGJ4AaABAg,Relatable
UgzfiMTQ4XfL6iHULNp4AaABAg,Neutral
UgzFIMV6LKcDVyzDV8t4AaABAg,Neutral
UgzfioMMOakJF6i9DG94AaABAg,Neutral
UgzFIWU5spi-WhnrSZZ4AaABAg,Relatable
UgzfjcPSrvFx7fuonrd4AaABAg,Neutral
UgzFjnwWVP5pBx3ZeUd4AaABAg,Neutral
UgzfJRYSwj3vL8wh67J4AaABAg,Neutral
UgzfJyjKo9ycWpbQQrt4AaABAg,Neutral
UgzFK0MdOn_M0TCpF9N4AaABAg,Relatable
UgzfKeJFaGAbmYatVAp4AaABAg,Relatable
Ugzfl_oj0zWDuclYjg94AaABAg,Neutral
UgzFLCvebk1GxZyHIgN4AaABAg,Neutral
UgzfNlmmcJ7gY8hphJ54AaABAg,Neutral
UgzFNMweBSjuOEcZM-p4AaABAg,Neutral
UgzFNpGXESjF0DJSkXh4AaABAg,Relatable
UgzFo4b0VeCZI8MXpFh4AaABAg,Neutral
UgzfOnccbfWKYzN5_Oh4AaABAg,Neutral
Ugzfos6ukKQU7WF0qHZ4AaABAg,Relatable
UgzFOW4ukZRC8BhiQ8t4AaABAg,Neutral
UgzfpBEDPQgfFMljKeB4AaABAg,Neutral
UgzfpZLFtZjTQDZCOSd4AaABAg,Neutral
UgzfQACKVOwS1oEdIUB4AaABAg,Neutral
UgzFQAQOyrHrSPylG7V4AaABAg,Neutral
UgzFR-7N73hyCK-s4uh4AaABAg,Neutral
Ugzfr68yAroItp9hR7d4AaABAg,Neutral
UgzfRcn2GbV8IZ0NJIl4AaABAg,Neutral
UgzFroLRekCfPAOAsYN4AaABAg,Neutral
UgzFRXJ39hXIpxWZNKR4AaABAg,Relatable
UgzfSsFiZTjRBN2h2NN4AaABAg,Relatable
UgzfTc_joIDaQFsZSZx4AaABAg,Neutral
UgzFtylFi2erxtTng214AaABAg,Relatable
UgzFUvy3dsZoTdEdeNF4AaABAg,Neutral
UgzfVj4shfyhdqvpU3Z4AaABAg,Relatable
UgzfvkEG7jOriWoJB5h4AaABAg,Neutral
UgzFVWI60FLYlhyYlCl4AaABAg,Relatable
UgzfwMEGOpz-B9yfhqB4AaABAg,Neutral
UgzfWmVLbQ6hLpTKsdx4AaABAg,Neutral
Ugzfx-xPk2Yn7aXx6Zx4AaABAg,Neutral
Ugzfx0D8Ya1Qv4l4j554AaABAg,Neutral
UgzFyKXA6UIChaUs5Ul4AaABAg,Relatable
UgzfyQskK1LXSdIb4Kp4AaABAg,Relatable
UgzFYuuTo5qo1EXLDgl4AaABAg,Neutral
Ugzfz1yt6S0SxGExK6h4AaABAg,Neutral
UgzfZJwQxLwrtaH4Ah14AaABAg,Relatable
UgzFZS_oxu8zAu6eiB94AaABAg,Neutral
UgzG_t3tyzY54tL9AZJ4AaABAg,Neutral
UgzG_TWSs29_ppvnELd4AaABAg,Neutral
Ugzg0LvPhy4l6PYjYLl4AaABAg,Neutral
Ugzg16b1_csfmH4TlCF4AaABAg,Neutral
UgzG1XAwQ8a9x1CYAUl4AaABAg,Relatable
UgzG2EFfCzFKxmnmInZ4AaABAg,Neutral
UgzG2GsN6BvfjvBPObx4AaABAg,Neutral
UgzG4mqTKG8m7w5fPod4AaABAg,Neutral
Ugzg4XYy7cZeTclMK6R4AaABAg,Relatable
UgzG5sRvWl7BkuZXzVF4AaABAg,Neutral
Ugzg65Gf4M2eYpwrfKZ4AaABAg,Neutral
UgzG6yB2ePROCk7eDvd4AaABAg,Neutral
Ugzg7OYgC-I2dLPh4wx4AaABAg,Relatable
UgzG9V-r_dmOhxR7hiF4AaABAg,Neutral
UgzgbhMIre6kX9PLb3d4AaABAg,Relatable
UgzgBTDovN8Egf0NxnZ4AaABAg,Neutral
UgzGBZkncrBg4oTuRqd4AaABAg,Neutral
UgzgCS4BJ1a-AhqES3x4AaABAg,Neutral
UgzgddErpHFmFMvvYS54AaABAg,Neutral
UgzGdl0Wabs-VefzyA94AaABAg,Neutral
UgzGeiokD-l3z8ARBUt4AaABAg,Neutral
UgzgerBZpiYBlUq4Cb54AaABAg,Neutral
UgzGfCDSF5g3M-BmBT14AaABAg,Relatable
UgzgfwJJUlAvxsWCZJV4AaABAg,Neutral
UgzGh9b7WcmX4J4HU0N4AaABAg,Relatable
UgzGhkHJqEtikXQlQ-h4AaABAg,Neutral
UgzgHkO2PpDm4lS2O0l4AaABAg,Neutral
UgzGILBCg6wfuln3mLJ4AaABAg,Neutral
UgzgiwuxTWbYZvTs0vx4AaABAg,Relatable
UgzgJKt36eJcQf-31e54AaABAg,Relatable
UgzgjSfnyqVNJx3Z6A94AaABAg,Neutral
UgzGjZi5_KH3Xb_zzZt4AaABAg,Neutral
UgzGK-FtJHZMJIcPWCx4AaABAg,Relatable
UgzGKIaAvfTDwsuBWyt4AaABAg,Neutral
UgzGlog44ccEf5pSoZ54AaABAg,Relatable
Ugzgltaqwr95Rr1nYuF4AaABAg,Neutral
UgzGMjbv9Peg72guF_54AaABAg,Neutral
UgzgNIzFV0NmqraWhBp4AaABAg,Neutral
UgzgNmHzBcYS23FUv0Z4AaABAg,Relatable
UgzgnZn7BH-dCHlJJoJ4AaABAg,Relatable
UgzGOGALEYBZlHroFhx4AaABAg,Neutral
UgzGpF_WpQt_0tZIQjd4AaABAg,Relatable
UgzGpJJMIDZW1m9tNUt4AaABAg,Neutral
UgzgpqAIkXaAjt6WEYh4AaABAg,Neutral
UgzGq258rsBQpP4jX7B4AaABAg,Relatable
UgzGQbboa7sCzotY_kx4AaABAg,Neutral
UgzgQcXSZaV2jRFm0S14AaABAg,Relatable
UgzGQNCteRUaUCiCwjV4AaABAg,Neutral
UgzgRijfkCuYxEvOhTl4AaABAg,Neutral
UgzGsLHkaXRFijMGd6F4AaABAg,Relatable
UgzgSqdyBPsBgViLz9N4AaABAg,Relatable
UgzGT8u7u5DEafSDSH94AaABAg,Relatable
UgzgtHUUzdG1x6xUDfF4AaABAg,Neutral
UgzGtk2fxkZJ520c7wB4AaABAg,Neutral
Ugzgu7znPVkUji1UP1R4AaABAg,Neutral
UgzgukrsJNUiuIsH1ed4AaABAg,Neutral
UgzguvU3wHdta2WCWhF4AaABAg,Neutral
UgzgVB399FQHfTqvE5V4AaABAg,Neutral
UgzGw7-udaidtMXMRzx4AaABAg,Neutral
UgzGwzzMOGL_RKNNzR94AaABAg,Neutral
UgzgXHfzPdNHmxEYc8Z4AaABAg,Neutral
UgzGZjucjDJT9JLhTPd4AaABAg,Relatable
UgzgzRvLTZEoYNuazh54AaABAg,Neutral
Ugzh_enWFKKg5NwaIU14AaABAg,Neutral
Ugzh_Tzc-O13kB92m_l4AaABAg,Neutral
UgzH_WVBoxzys-mb7tx4AaABAg,Relatable
UgzH-qYESNMeZnXX78V4AaABAg,Relatable
Ugzh1E73KzPrXhcFeLh4AaABAg,Neutral
UgzH2fDaTrAu8FLQyHh4AaABAg,Relatable
UgzH2mzq2z0QMQAocGl4AaABAg,Relatable
UgzH3ONmcisjRj6zimB4AaABAg,Neutral
Ugzh3ZrFwSLfSJ5zqKx4AaABAg,Neutral
Ugzh6nRkZX0Hgd95GKF4AaABAg,Neutral
UgzH6SuCLbXbjnGa0wR4AaABAg,Neutral
UgzH9EXsuL77PO1idHx4AaABAg,Relatable
Ugzh9kkpxJomAeY9TOx4AaABAg,Relatable
UgzHaUZvTwnjyR9rnFZ4AaABAg,Neutral
UgzHc3QbLDFDU4iG1ch4AaABAg,Relatable
UgzHDqCVvRujxNnZry14AaABAg,Neutral
Ugzheh0UR0zJzqzyYLx4AaABAg,Neutral
UgzhEKUzEcXE0kr7ih14AaABAg,Neutral
UgzHEpVnV4W92xX7k-V4AaABAg,Relatable
UgzhF86qPwEFd-pN5694AaABAg,Relatable
UgzhgS1XMRRwwkLpIzV4AaABAg,Neutral
UgzhhKjPrh9Z6OCQCvB4AaABAg,Neutral
UgzhhqjYmqvqSFgZmsB4AaABAg,Relatable
UgzhhsxCt8yoZiUIiW54AaABAg,Neutral
UgzhJJRlwaVJzZz9MmV4AaABAg,Relatable
UgzhjM3NU1wAfFVUJaB4AaABAg,Neutral
UgzhkJ4eRZoOQcPSD5Z4AaABAg,Neutral
UgzHL87HRsQ5AI7AUVR4AaABAg,Neutral
UgzhlwISXxtajAjD-2d4AaABAg,Relatable
UgzHmSBIdFA5qFQ7m5R4AaABAg,Neutral
UgzhNniXK1gEgxFgMvN4AaABAg,Neutral
UgzHoe9FLAgUSfKWIbl4AaABAg,Neutral
UgzHOiKn_4_ZectnRPl4AaABAg,Neutral
UgzhOl8ce--437d8drx4AaABAg,Neutral
UgzHOlqHsLL3lwmuDsN4AaABAg,Neutral
UgzHOskjA8a-KRReUqJ4AaABAg,Relatable
Ugzhowpi8ahPdKbJIH54AaABAg,Relatable
Ugzhoxq7WIzFryzJPHN4AaABAg,Neutral
UgzHP5EFWfg8NM8fgnl4AaABAg,Relatable
UgzHpiGyI5VzFVuSJC54AaABAg,Neutral
UgzhpqGP2BsOtDbpWM94AaABAg,Neutral
UgzhpVL8PkY4qJvaRr54AaABAg,Neutral
UgzhqHC6Vj-ldRoe7yd4AaABAg,Neutral
Ugzhr97qXPHwOG8pvUB4AaABAg,Neutral
UgzHRDd69tmHalNvAY54AaABAg,Relatable
UgzHs-lMnPzwI6kwBIN4AaABAg,Relatable
UgzHsapqt5W8DPHb4yl4AaABAg,Neutral
UgzhsaUeWi8_yGKAcwp4AaABAg,Neutral
UgzhsM9Gy1yh-yzcptt4AaABAg,Relatable
UgzHSmJS5IlCMRv9QVB4AaABAg,Neutral
UgzhSz7gIHqa09ZQUrN4AaABAg,Neutral
UgzHtpvdCt_VuNK4GUh4AaABAg,Neutral
UgzHTXfBxlo1ghv3uvZ4AaABAg,Neutral
UgzhTYskrkJ67GVY0Jh4AaABAg,Relatable
UgzHudkK6Fpm94DK7QJ4AaABAg,Neutral
UgzhuKCCUIzAq9fKWNZ4AaABAg,Neutral
UgzHvfSYI6hEpndl97h4AaABAg,Neutral
UgzhVMEyIXnCiA7rWDt4AaABAg,Neutral
UgzHw81ROuoptUKYVyR4AaABAg,Neutral
UgzHwce1UQ8oTAW7FAR4AaABAg,Neutral
UgzHWKC5xDAe9CSyd-B4AaABAg,Relatable
UgzHxBy0ClIfkMKKkwB4AaABAg,Neutral
UgzhY5vHQr0STGB8kz14AaABAg,Neutral
UgzHyqU_L9T8K4oqxwh4AaABAg,Neutral
UgzHyu1Cfj28k-LZmY94AaABAg,Neutral
UgzHyx5-D-Knut8Xibd4AaABAg,Neutral
UgzHZ0bh4G4HVRhjKO54AaABAg,Neutral
UgzhZQeIZWzc3mePBYR4AaABAg,Relatable
Ugzi-9mJ4TXC0BmKzNN4AaABAg,Neutral
Ugzi0_OSD9209FVgJAd4AaABAg,Neutral
UgzI1PwuRw7mWpAP0054AaABAg,Neutral
UgzI1sM2U8-copoma8h4AaABAg,Neutral
UgzI2SpWWRP4kEv8_-d4AaABAg,Neutral
Ugzi43UXxrCqQMRLf8l4AaABAg,Neutral
UgzI4n0rZsCZIKf77Q94AaABAg,Neutral
Ugzi5ciHBRwzOhW3dtJ4AaABAg,Neutral
Ugzi5HZ7Q_6hEEAI7pl4AaABAg,Neutral
UgzI6RpyPT9bnm3GjkZ4AaABAg,Neutral
UgzI71U-Y4JvJUxetvh4AaABAg,Relatable
Ugzi7DO_mlh2OlmiryZ4AaABAg,Neutral
Ugzi9AFn5aXFxYCi5Vp4AaABAg,Neutral
Ugzi9MGaNKNboKwnPip4AaABAg,Relatable
UgziaePmzwnHOANNdn54AaABAg,Relatable
Ugziarb6eIIlIREOakx4AaABAg,Neutral
UgziAXWRFoYJ1i5ZdM14AaABAg,Relatable
UgziBhs4wsu7cS86oXl4AaABAg,Neutral
UgzId5YaxpdOFiVKSM14AaABAg,Relatable
UgziDbXyWMpF_btb8kN4AaABAg,Relatable
UgzIdgDeJpG3M00KDA14AaABAg,Neutral
UgzIDKEJfg3icDD9KCR4AaABAg,Neutral
UgzieepfQjMb3fbTIEt4AaABAg,Neutral
UgziEERazq146hC_80R4AaABAg,Relatable
UgziEj0sXWfVHKGuQgR4AaABAg,Neutral
UgzieVPmD3ty3Vo5GKB4AaABAg,Neutral
UgziF0LJXg9mRRBAbrV4AaABAg,Neutral
UgzIff_3cclG7xN2-rx4AaABAg,Neutral
UgziffCyB7XQtev-ZI14AaABAg,Relatable
UgzIfpb_f1YILEfz9cR4AaABAg,Neutral
UgzIFqsTY0a0f17x-V94AaABAg,Relatable
Ugzigc1Dx-G7dbCGh0N4AaABAg,Neutral
UgzigFoVNhndZOHmBap4AaABAg,Neutral
UgzIGRFGnb4qNNwQavV4AaABAg,Relatable
UgzIHeq9sn9CFJ2JE5p4AaABAg,Neutral
UgzIhSlaoRtnHPbE0ip4AaABAg,Relatable
UgzIijDNsFRWN3rg42l4AaABAg,Relatable
UgzIimZg_e0D0T6wLgZ4AaABAg,Relatable
UgziIvButJz-hh9eSfJ4AaABAg,Neutral
UgzIj1OBZsufdWfanMJ4AaABAg,Neutral
UgzijiT6a_8vyHR2eo54AaABAg,Neutral
UgzIKg57xBJDxRIB1dl4AaABAg,Neutral
UgziltqyIhMn2BGBs0t4AaABAg,Neutral
UgzilxpJ0POdZUAHrCt4AaABAg,Relatable
UgzimGtJTEZ_bZJVTvV4AaABAg,Neutral
UgzIMOJAMDMeS_o4_4h4AaABAg,Neutral
UgziNCyfLYnubxMV26R4AaABAg,Relatable
UgzInJdt-Rhqfzy6BBh4AaABAg,Relatable
UgzINoemfKmYzzfi0d94AaABAg,Neutral
UgzInYdugaU8nKdBdyt4AaABAg,Neutral
UgzIpIPwR36THCpnxbV4AaABAg,Neutral
UgziQDBprS2NtEmFEaN4AaABAg,Relatable
UgzIqgO8ZEjdPvrxKo94AaABAg,Relatable
UgziqV5u00i-yXzlHb14AaABAg,Neutral
UgziRnXo3QI0tnZ18N54AaABAg,Neutral
UgziRWM4x_XG5gGm0KB4AaABAg,Relatable
UgzIrXUflFpviDtoXzZ4AaABAg,Relatable
UgzISHYieYcj1GDbK0t4AaABAg,Relatable
UgzIUaCxsFDfiKmtepl4AaABAg,Neutral
UgziUagaZqopSOcMREB4AaABAg,Neutral
UgzIujmspd_9D14DNtp4AaABAg,Relatable
UgziuOFaBSedNi_Eekh4AaABAg,Relatable
UgziVd_C4e1bgDGzWTN4AaABAg,Neutral
UgzivHbfTCuV9RpZw5t4AaABAg,Relatable
UgzixT4XfEWGrXsmS754AaABAg,Neutral
UgziYHW0bbbx4GJ208J4AaABAg,Relatable
UgzIYpm3xXsFLYLxhtd4AaABAg,Neutral
UgzIywx-0FGEH_fWbVF4AaABAg,Neutral
UgzIYX4XIb-ONwNRgat4AaABAg,Relatable
UgzIZfTlS7Ll9l678Mp4AaABAg,Neutral
UgziZi9_NDX-2Zy3KLx4AaABAg,Neutral
UgzIZRLt8HRsb36tbwF4AaABAg,Relatable
UgzJ_5bctGeHpM41uCJ4AaABAg,Relatable
Ugzj_xq5oU_O97EBZlp4AaABAg,Neutral
Ugzj-cOU2oTlTTHNh_N4AaABAg,Neutral
Ugzj1H8czgmAZh2w_-Z4AaABAg,Neutral
Ugzj2j6efkVi6afpRVR4AaABAg,Neutral
UgzJ4phG0cr91EQlS154AaABAg,Neutral
Ugzj4rNR9gGhRQ1yhd54AaABAg,Neutral
UgzJ6tH2ddjQuN2V8754AaABAg,Neutral
UgzJ7ikt-iYemcbFLDx4AaABAg,Neutral
Ugzj87lEX8GnDVO-ZU94AaABAg,Neutral
Ugzj9022iU79IL6KTmd4AaABAg,Neutral
UgzJ9q-yzdRvvwGoMYZ4AaABAg,Neutral
UgzjAahYSMwkkA2ifQJ4AaABAg,Relatable
UgzJaH65zicpynPeolJ4AaABAg,Neutral
UgzJAvRxfg4_hrF6UA94AaABAg,Neutral
UgzJblNZQuz_EHQanJV4AaABAg,Neutral
UgzJBR8mkRkA0cevYkt4AaABAg,Relatable
UgzJByYCrXNGZrxhhZd4AaABAg,Neutral
UgzJcAdzIN7oz35Mjhp4AaABAg,Neutral
UgzjCEIrtX5eIUJEPKp4AaABAg,Neutral
UgzJcjiW5AC-sJku2MZ4AaABAg,Relatable
UgzjCl66ZWjZdn3vQwN4AaABAg,Neutral
UgzJCldqlNCyBm-lKZJ4AaABAg,Relatable
UgzjcOmslJoQOYx1t8t4AaABAg,Neutral
UgzJCUJMHEmDLvFxO9Z4AaABAg,Neutral
UgzjD8AA4p05CES9uvJ4AaABAg,Relatable
UgzJE0jtftDcxMl0Q9h4AaABAg,Neutral
Ugzje56vhU-9ujeu51J4AaABAg,Relatable
UgzJEJvdeja2et-iKZp4AaABAg,Neutral
UgzJeKNAIxti6HjZH394AaABAg,Neutral
UgzjfCtIG_CzG68TONl4AaABAg,Relatable
UgzJFDurmCidgHS_ESt4AaABAg,Neutral
UgzjgagxyrtMEHRexZl4AaABAg,Neutral
UgzJgah-UFNB30JtRoR4AaABAg,Relatable
UgzJGc60jENLlTGR90l4AaABAg,Neutral
UgzjGIESosEd5WxHpRh4AaABAg,Neutral
Ugzjh0PY8lugihi59CR4AaABAg,Neutral
UgzjhnGQ2R8uOP7cf514AaABAg,Relatable
UgzJiBfLkmraipZ9MAd4AaABAg,Relatable
UgzjidSpQYb3pbtdMWR4AaABAg,Neutral
UgzjIkanVGsOxKm8fg14AaABAg,Neutral
UgzjiT0JYTLlfGumYYJ4AaABAg,Neutral
UgzJj5Lb2TveJU7q9-d4AaABAg,Neutral
Ugzjk8VL3PIjJc8PvDx4AaABAg,Relatable
UgzJmgcWFQDZDrn0pkx4AaABAg,Relatable
UgzJmJ4KKb7yaLsFyFZ4AaABAg,Neutral
UgzJMZOLE4kJox7hfzV4AaABAg,Neutral
UgzJncnIKzJ1EzILTcZ4AaABAg,Relatable
UgzjNlvb2LJdJAlvr7R4AaABAg,Neutral
UgzJOBnCi3TUT2OOVGF4AaABAg,Neutral
UgzjOE1LDdQ0t8btiLR4AaABAg,Neutral
UgzJP-NVPOJj79a_3KB4AaABAg,Neutral
UgzjPeWShGzVbcCEtrp4AaABAg,Neutral
UgzJpfB8r4Xmy1zOpIh4AaABAg,Neutral
UgzjPiJQXIgG9rl30XV4AaABAg,Neutral
UgzjPvVs5-Kb17YZknV4AaABAg,Neutral
Ugzjq2B-FpKza9KL9hZ4AaABAg,Neutral
UgzJQ7QEZx4m99Bo2gh4AaABAg,Neutral
UgzJqJEa2pw95-6eIRV4AaABAg,Neutral
UgzjqLNxrptdT5jcm_94AaABAg,Neutral
UgzJqQS_Tx8XzqBZD0Z4AaABAg,Relatable
UgzjRIz5TBT6WFCaVkh4AaABAg,Neutral
UgzjshNPgekOkUt2eX14AaABAg,Neutral
UgzJsUQbd0SBHRJOpoZ4AaABAg,Neutral
UgzjUqSQ0SGVQ0JS37Z4AaABAg,Neutral
Ugzjv7trQ0d_xEIcM6p4AaABAg,Neutral
UgzJVXwLQpXkXh7H2Q14AaABAg,Neutral
UgzjVy5nr7eRNS2RgeR4AaABAg,Neutral
UgzJW-ccq8OjdnMI7ih4AaABAg,Neutral
UgzjWr5suQYHx5vwESl4AaABAg,Neutral
UgzJXOfeCkfscbHmF4l4AaABAg,Neutral
UgzJzndE3Jt7mSdikVV4AaABAg,Neutral
UgzjzQo1iF45rZgjOSB4AaABAg,Neutral
UgzjzZVVp7W0At5ex1R4AaABAg,Neutral
UgzK_z40oCJoANiblvx4AaABAg,Neutral
UgzK-280l83dlmJ6uYt4AaABAg,Neutral
UgzK0g1RK-0yEIB_MEt4AaABAg,Neutral
Ugzk1dwaAo7-0xDHOP14AaABAg,Neutral
Ugzk1q193mERBiImhUl4AaABAg,Neutral
UgzK2-AZHRffckXnUax4AaABAg,Neutral
UgzK29Xui52K-Cs2e8R4AaABAg,Neutral
UgzK3D1_jfJfE1c_vaF4AaABAg,Relatable
UgzK3mOrs75oztnPrFd4AaABAg,Neutral
UgzK43qfu0-4wI98VQh4AaABAg,Neutral
Ugzk4PsTz8EUAfAOkxZ4AaABAg,Relatable
UgzK5XA4CJhwnj1quIZ4AaABAg,Neutral
UgzK8e-PBIunZgzzaPx4AaABAg,Neutral
Ugzk8Hvw5Mb1CW9-bQ14AaABAg,Neutral
Ugzk9-OGQ8XxCoIs8Zx4AaABAg,Neutral
Ugzk9RaAI-H63elZaFB4AaABAg,Relatable
UgzkA_pmLoSgJsak9Yh4AaABAg,Relatable
Ugzka9uSedscwXDn3N54AaABAg,Relatable
UgzkabLlDWle7Dxd6up4AaABAg,Neutral
UgzKAtIPrZfezeuuQ9N4AaABAg,Neutral
UgzKBkEsUvgzMLTKykJ4AaABAg,Relatable
Ugzkbm6CtZ3uQ8tgbgZ4AaABAg,Relatable
UgzKc-gNETYlTr-_x-J4AaABAg,Neutral
UgzKCiDuxRL94PP-Y014AaABAg,Relatable
UgzkdPOkXxgl1XqdNBN4AaABAg,Neutral
UgzKdYsINYBdc7aaYot4AaABAg,Neutral
UgzKE_XBSHf-0_1CQMJ4AaABAg,Relatable
UgzKEySDIaa6wx_DR_54AaABAg,Relatable
UgzKFh380OX8mFzu-Q14AaABAg,Relatable
UgzkFq-c0PQmnxcCLux4AaABAg,Relatable
UgzkGB2AUlbuzfI9UoV4AaABAg,Relatable
UgzKgp5FgDJbNfGRCaF4AaABAg,Relatable
UgzKGPy5t-ljQf1e8xN4AaABAg,Neutral
UgzkH2WHTJYl9f2bjmV4AaABAg,Neutral
UgzKHtTXZVQIHWuDJ-t4AaABAg,Neutral
UgzkhYsyI2AIefZz8Hp4AaABAg,Neutral
UgzkIbMfJ8dVQFbM0iR4AaABAg,Neutral
Ugzkip749QByLq1lrY14AaABAg,Relatable
UgzKKIXAfUFirofKI4d4AaABAg,Relatable
UgzKKYD8aSqweWEwFnB4AaABAg,Neutral
UgzkkZB5h2iWcB12PE94AaABAg,Neutral
UgzKl1W4I-c4WrcAlJJ4AaABAg,Neutral
Ugzklnj1FltdaqisdOZ4AaABAg,Neutral
UgzKm6w0bW_La53ML894AaABAg,Neutral
UgzKmStWL0pKhL0LHU14AaABAg,Neutral
UgzKNQoMJhLdMu5gc7N4AaABAg,Neutral
UgzkNWDd_bonhO-bXRR4AaABAg,Neutral
UgzKo3bneaAxzPqmeeV4AaABAg,Neutral
Ugzkozs0mWBoBAg5zCl4AaABAg,Relatable
UgzKpdOThOym17nCTPp4AaABAg,Relatable
UgzkpIJ0FN0Ykw1p4kl4AaABAg,Neutral
UgzKPvIni-XJfMi0MmB4AaABAg,Neutral
Ugzkr-5HdWWDHcvbM9p4AaABAg,Neutral
UgzkrFvnB0H6zPFJu5d4AaABAg,Neutral
UgzkRjKqghf9gNr4jGB4AaABAg,Neutral
UgzKRjwBbQ08wTQv-it4AaABAg,Neutral
UgzKT-_dkX2Ukmep-Px4AaABAg,Relatable
UgzkT947JLCkXzeQk9V4AaABAg,Neutral
UgzKTDgJ7YJZ7T0Xx4J4AaABAg,Neutral
UgzKTw-6PC1iryy1A914AaABAg,Neutral
UgzkuMChex9czzHVjiZ4AaABAg,Relatable
UgzKUvC3Ro43LhV9RJt4AaABAg,Neutral
Ugzkv63o-NiH_nfx6mt4AaABAg,Neutral
UgzkVetB8thdbFiqDzx4AaABAg,Neutral
UgzKvWGb3sQ1GMHWRJ54AaABAg,Relatable
UgzkyDyfP5COFhlZz-J4AaABAg,Relatable
UgzKyGsPuOYlNHAyfLF4AaABAg,Neutral
UgzKyPT7P_6fQ3ZDsAJ4AaABAg,Neutral
UgzkYWduTJA7pKEreIV4AaABAg,Neutral
UgzKzbYUx20Ev7RRFfF4AaABAg,Neutral
UgzKZutKis0nT7otn5l4AaABAg,Neutral
UgzL_YyGUXPekkhJIql4AaABAg,Relatable
Ugzl-5oW28wH0a-5dfZ4AaABAg,Neutral
UgzL-ytddeyaQ1vdBXx4AaABAg,Relatable
UgzL1ZULtFZgr5-yRgF4AaABAg,Neutral
Ugzl3CvF-Bs6y3vR3Kl4AaABAg,Relatable
UgzL4na3s9_4q_pGgF14AaABAg,Neutral
Ugzl4piF2tCYPia0DnV4AaABAg,Neutral
Ugzl5IYlm_OulP_xWl54AaABAg,Neutral
UgzL6v74mYEl3Otwn4F4AaABAg,Relatable
Ugzl9vJS2WxuW7pBDOJ4AaABAg,Relatable
UgzL9xdl_Hm61OgW7GZ4AaABAg,Relatable
Ugzla37Qttcn-3BpeOF4AaABAg,Neutral
UgzlAcG8QGH_BhbgM1p4AaABAg,Neutral
UgzlaDUpj7R94Csw8154AaABAg,Neutral
UgzlaoubgEd6L_TyIKx4AaABAg,Neutral
UgzlAzJJBXBmuobZY-h4AaABAg,Neutral
UgzLbNUCGLgVyGQvL0R4AaABAg,Relatable
UgzLC-TE7OlM0VmFPnp4AaABAg,Relatable
UgzLC04qv39sdSwOfNJ4AaABAg,Neutral
Ugzlc2IF5ztSBaVDc554AaABAg,Neutral
UgzlcQCIObE2bXjkKcd4AaABAg,Neutral
UgzLcwqaXmoCCVGdVoh4AaABAg,Neutral
UgzLCzyvoA3Gsjp52Jh4AaABAg,Neutral
UgzLdFSUN9vny_vKyL14AaABAg,Neutral
UgzLEnPGgzHJugXaqi54AaABAg,Relatable
UgzlEnTmT38Be3tfZnl4AaABAg,Neutral
UgzlF_VaEPjlUUTNW2h4AaABAg,Relatable
UgzLf0bql8OTa2uaY8p4AaABAg,Relatable
UgzLfFo8UKNzE2zlgnV4AaABAg,Neutral
UgzlfL_WY4VbCbEipxx4AaABAg,Neutral
UgzlfZWmJCD46r-8bjd4AaABAg,Neutral
UgzlG5IDskXE5tD881R4AaABAg,Neutral
Ugzlg9vDJnBkXcUSlo94AaABAg,Neutral
UgzlGAGIDRQ2pBpvbg14AaABAg,Neutral
Ugzlh4koMvCX826hvLl4AaABAg,Relatable
UgzlHK3jubdqgQ6VY8p4AaABAg,Neutral
UgzlHswq8HyEiUI6fqB4AaABAg,Relatable
UgzLIcov4E1aXJclICh4AaABAg,Relatable
UgzLIebGlSQudO44Y-x4AaABAg,Neutral
UgzLJ7XrnEeUzhCfDjZ4AaABAg,Neutral
UgzLJhcMqbEYEdJ-wPB4AaABAg,Relatable
UgzLJtdEgfWTZ0VbpHx4AaABAg,Neutral
UgzLjvWaCTmudGpch8Z4AaABAg,Neutral
UgzlnB85FWODLRCKsv94AaABAg,Neutral
Ugzlo3NFfMcGyMfzZKN4AaABAg,Neutral
UgzlOB_1auzorPrAdwZ4AaABAg,Relatable
UgzLofGNIwoqyc_pftt4AaABAg,Neutral
UgzLoGsHpnRXGaXOEPt4AaABAg,Neutral
Ugzlp6fR6owLv8VYrN94AaABAg,Relatable
UgzlPG50uih9CeYtfHR4AaABAg,Neutral
UgzLpMUoA5ErNxBh1Kd4AaABAg,Neutral
UgzlPrgdZgezQXs43K94AaABAg,Neutral
UgzLr7G8e8d9T1kbUKR4AaABAg,Neutral
UgzlTa_C_2ZMU65Xj3R4AaABAg,Neutral
UgzltbSySEaRjClHbnF4AaABAg,Neutral
UgzLTq0-G1IUJQsjjL54AaABAg,Relatable
Ugzltt9Nuj3kGwrkRGJ4AaABAg,Relatable
UgzLuGJ9L9XMaZdNNEd4AaABAg,Relatable
UgzluIe7st0MJsFamAt4AaABAg,Neutral
UgzluR5rLuDoRBMhyCV4AaABAg,Relatable
Ugzluu3vHjx9357AjTh4AaABAg,Neutral
UgzluzcmyKa9Jq9L_kx4AaABAg,Neutral
UgzLv5DI8WpjVilqJRR4AaABAg,Relatable
Ugzlv8mekT2rCW9RW-54AaABAg,Neutral
UgzLVjbjPRcPSZaq2qR4AaABAg,Neutral
UgzlwfHs6Qx7qNR1yyJ4AaABAg,Neutral
UgzLwHSzTtteNiabnbh4AaABAg,Neutral
Ugzlxdp7q-Kh5OVMjlh4AaABAg,Neutral
UgzlXpI94T1siqQTYrd4AaABAg,Neutral
UgzlXPYRceh3vCqRhRx4AaABAg,Neutral
UgzLXQm_W7h3BrXpYYN4AaABAg,Relatable
UgzlxRmtIrGOovAMb-N4AaABAg,Neutral
UgzlyCHx2eZIcjfOJ3F4AaABAg,Relatable
UgzlyfGkXwPilnqfvc14AaABAg,Relatable
UgzLyUCfT0ne3Ov0b5N4AaABAg,Relatable
UgzLzKSHvgAAkxbN_Yp4AaABAg,Relatable
UgzM_KdzzEXxcsb9nyF4AaABAg,Relatable
Ugzm_KhLUCzch_QQYIZ4AaABAg,Relatable
UgzM_qgz0tRqhgKrAq14AaABAg,Relatable
Ugzm0mU7HX3F7nc42954AaABAg,Neutral
Ugzm0PwNsJOpd5Jk02t4AaABAg,Relatable
Ugzm31Xz1VwdkaV8DHZ4AaABAg,Neutral
UgzM3LO8VaXQIFAITRx4AaABAg,Neutral
UgzM3t_wcAWNNzLJnwZ4AaABAg,Neutral
UgzM3thjR3IbzQ-xH414AaABAg,Neutral
UgzM5AIAuFeOdxx_5kZ4AaABAg,Relatable
Ugzm7st9fzVJQaJkom14AaABAg,Neutral
UgzM89OE2Lq47l4QyLB4AaABAg,Neutral
Ugzm8j_Qoc450z4Twyh4AaABAg,Relatable
Ugzm98nSC7qgaQfWkXF4AaABAg,Neutral
Ugzma61LZkVrts7lk594AaABAg,Relatable
UgzMAvKt0wQ7QYv4iFF4AaABAg,Neutral
UgzMB4tAm7DwEKUzOSR4AaABAg,Neutral
UgzMBGor_muIbHvWZYB4AaABAg,Neutral
UgzmbwsWvWOOdcpWlGt4AaABAg,Neutral
UgzmDM2CJ2KP8Stzvop4AaABAg,Relatable
UgzMDYj8Ly9ToL8wi0F4AaABAg,Neutral
Ugzme2MVRUGhPlu3OHB4AaABAg,Relatable
UgzME8dOqdWtA5WnNNJ4AaABAg,Neutral
UgzMF6uRBemOB3qsPc14AaABAg,Neutral
UgzMf73NACUTCmI61sR4AaABAg,Relatable
UgzmFqIgCerF8O7Xg7t4AaABAg,Relatable
UgzMFZ6iJJB5nuYjEwZ4AaABAg,Neutral
UgzMgCbt1DSSxOYlJqF4AaABAg,Relatable
UgzMHilaV-PlXMYmdrp4AaABAg,Relatable
Ugzmik9OM8c8BW1rA7x4AaABAg,Neutral
UgzMiw_RqFMqTE-A8Vh4AaABAg,Neutral
UgzmJZysmscemzqUgV94AaABAg,Neutral
UgzmkmyC_lBVuQhaO4x4AaABAg,Neutral
UgzmKOHKN-OMHHEWVvV4AaABAg,Relatable
UgzMlfR6k2vNX4FGsvd4AaABAg,Neutral
UgzMnNYQzSSNBDDOCh54AaABAg,Neutral
Ugzmnu3zLwYI_hanHot4AaABAg,Relatable
UgzMnvoU1m-D_Y7Qzep4AaABAg,Relatable
Ugzmos2Na76ZrWcz5KF4AaABAg,Neutral
UgzMOTIt2J1r3BotaiV4AaABAg,Relatable
Ugzmp6zKG2u1CRQX-Cp4AaABAg,Neutral
UgzMRPHuolbgnCPlWYJ4AaABAg,Neutral
UgzmS_8ywU0xKDF7dE54AaABAg,Neutral
UgzmsLB0n_2xa-wcMjF4AaABAg,Neutral
UgzMT7AMXrS8lZXTJAB4AaABAg,Relatable
Ugzmu_gSZdUt1b4n5U94AaABAg,Neutral
UgzmUB_QoeqitBsln2t4AaABAg,Neutral
UgzMUdcohFulIx7Ql-x4AaABAg,Neutral
UgzMUODL9j_j4drxj914AaABAg,Neutral
UgzMUzEWCwpWCCBEV1B4AaABAg,Relatable
UgzmWGk59XGDMWqICWZ4AaABAg,Neutral
UgzmWuLr5r6oz01KAW14AaABAg,Relatable
UgzmXCtnTZX-wn2P5sJ4AaABAg,Neutral
UgzMycrsrGg_Jon6ot54AaABAg,Neutral
UgzMYoqtiBiw2b-3ri14AaABAg,Neutral
UgzMYoVbpF2ff7jBmqx4AaABAg,Neutral
UgzmzrvtxqzX-KxVHup4AaABAg,Neutral
Ugzn_NeDdMll4mMp4ph4AaABAg,Neutral
UgzN0xL02XkMkqgUxbl4AaABAg,Neutral
Ugzn1AlXBCQK9554VwV4AaABAg,Neutral
UgzN1ddLULuHu4Nj3HB4AaABAg,Neutral
Ugzn2P8y82ec0vO4Mwp4AaABAg,Neutral
Ugzn3JDAE-EQIB-vdjt4AaABAg,Neutral
UgzN3QXeLuimL0JD3394AaABAg,Neutral
Ugzn4PuqYCBtxL5YSnJ4AaABAg,Relatable
UgzN5I21N6OEgXe675d4AaABAg,Neutral
Ugzn6BBxNyP4Pl97zLp4AaABAg,Neutral
Ugzn6p7GaSqHehO62114AaABAg,Relatable
UgzN7O4SwSKhPNmcQ-Z4AaABAg,Neutral
Ugzn8gg5cDY5XNkQxeB4AaABAg,Neutral
UgzN94L1mWkBCQqYa114AaABAg,Neutral
UgzN9AI7Xwsg0JlLk2R4AaABAg,Neutral
Ugzn9F6bG02azCkS9Nh4AaABAg,Relatable
UgzNaOoyUJSMvxeTGYB4AaABAg,Relatable
UgzNAW6pTsRGm4fXWfF4AaABAg,Relatable
UgzND8iAErW8jJqKNFp4AaABAg,Relatable
UgzneCgmSLL_nw9tdEN4AaABAg,Relatable
UgzNEPFkPGL9ycwvY_t4AaABAg,Neutral
UgznEQLfqTI5hoVz5y54AaABAg,Neutral
UgzneXYf0SR1mZzpwIV4AaABAg,Relatable
UgznFb2D1W3BB0XVdWd4AaABAg,Neutral
UgznFqFn5ZMoeZODGc94AaABAg,Neutral
UgznFTDSG3E1XEbFmz54AaABAg,Neutral
UgzNFU95BNpl61JTSet4AaABAg,Relatable
UgzNg7m1NCSF5LD_Dlx4AaABAg,Neutral
UgzNGN5iaVgCNfsZb094AaABAg,Neutral
UgzNH2LiccQYEgHv9HJ4AaABAg,Neutral
UgzNh8wE7cVHFLq4qm54AaABAg,Neutral
UgznhG4z1yIYniAekHt4AaABAg,Neutral
UgzNHRQNyp0LzWAusa14AaABAg,Neutral
UgznikYVkzAGgW76Rpt4AaABAg,Neutral
UgznJiDLoguKuNFWh2p4AaABAg,Neutral
UgznjLWefusKE4WSRa14AaABAg,Neutral
Ugznk5zImbL4MT6BG5B4AaABAg,Neutral
UgznkknkYRnWchLJABR4AaABAg,Neutral
UgznkMDliqMlFewLkgZ4AaABAg,Neutral
UgzNKmtRiTrtppUirc94AaABAg,Neutral
Ugznkmww1paeO5AVzFR4AaABAg,Relatable
UgzNM_ej-2SRjxiVzhJ4AaABAg,Neutral
UgzNm8EHTsCfa66mtZ14AaABAg,Neutral
UgznMCoARqELGbvsNyd4AaABAg,Neutral
UgzNmhfkDxsBR2wGraZ4AaABAg,Neutral
Ugznmrg0K7Z9HGf2m1N4AaABAg,Neutral
UgznMxLqeAYdEKrALfN4AaABAg,Neutral
UgzNo2fGX8tJOotHLeJ4AaABAg,Relatable
UgzNopvdiRdkNw3pkQ94AaABAg,Neutral
Ugznosgbb5oeQoJUH0R4AaABAg,Relatable
UgznPBUS8bh_mLYqVxV4AaABAg,Relatable
UgzNpLCy8-DQcWQOp5h4AaABAg,Relatable
UgznqAUvDiQIe0nnorp4AaABAg,Neutral
UgzNqO9R9RKnudZN2FN4AaABAg,Neutral
UgznRKYkH4GF2tv7dvJ4AaABAg,Neutral
UgzNRT1KXNxYuAVn47Z4AaABAg,Neutral
UgzNsNY1ePjhwOWfMHJ4AaABAg,Neutral
UgzNtCsamR_oWr13d_N4AaABAg,Neutral
UgznTRjEZ1hHRGpskDx4AaABAg,Neutral
UgznTuLv8GWs_PsQzMZ4AaABAg,Neutral
UgzNu2sbF-BPWc6Nmvx4AaABAg,Neutral
UgzNUdNAuIB-juLaenp4AaABAg,Neutral
UgzNumdUNUGF8TlqNGF4AaABAg,Neutral
UgzNvHrgX6lgurp_WXp4AaABAg,Neutral
UgzNW9yFSkA1h2QyAUh4AaABAg,Relatable
UgznWq40FpLml9VST914AaABAg,Neutral
UgznwQkCApbEdegR7ZR4AaABAg,Neutral
UgzNXkK_MCy9sIWN3AZ4AaABAg,Neutral
UgzNxReILmtrGTR_qyp4AaABAg,Neutral
UgznXrVaXtqPrkJc0A94AaABAg,Relatable
Ugznxv2lagrQ2sEj_Bt4AaABAg,Neutral
UgzNXvdvGtaMKl6O45p4AaABAg,Relatable
UgzNyGCl_I-VjFnslDt4AaABAg,Relatable
UgznYQpkD-lbRGY33Z14AaABAg,Relatable
Ugznz8edNHawIoaAY-h4AaABAg,Neutral
UgznZAkgbkHt0thetO94AaABAg,Neutral
UgznZGDxZJg4LAGaTfp4AaABAg,Neutral
UgzNZXWYHybwsrDc1AV4AaABAg,Neutral
UgzO1ekn-OAHl9L7APd4AaABAg,Neutral
UgzO1g6dSP-38lYIX214AaABAg,Neutral
Ugzo1Z8UeQhnrpQC3hV4AaABAg,Neutral
UgzO2epJk4y7rUOTW9d4AaABAg,Relatable
UgzO2VmI5TYHYQcDRDN4AaABAg,Relatable
Ugzo3E3XpnijOCD93kx4AaABAg,Neutral
Ugzo3xEozdXBroQyHTF4AaABAg,Neutral
Ugzo41oBD69u0WcaxGR4AaABAg,Neutral
Ugzo7DsK_qzRgBg7F_F4AaABAg,Neutral
Ugzo9YzhPUGGhJcA_9Z4AaABAg,Neutral
UgzoaEO1Mqq4Wt8ZaFF4AaABAg,Neutral
UgzoaKuIEaK0fCvCkY14AaABAg,Neutral
UgzoAPUU216fCHodl0R4AaABAg,Relatable
UgzOaUoZ-K0jjSBemeR4AaABAg,Relatable
UgzoaW04iq0EgEh1S9V4AaABAg,Relatable
UgzoBnlulOTSrbXz7AJ4AaABAg,Neutral
UgzOc0MBS3eKWzbO2XZ4AaABAg,Neutral
Ugzoderg3-7DikKPRI94AaABAg,Neutral
UgzoDFMwEiuxiLc8v6Z4AaABAg,Relatable
UgzODSLlOUFaB6e36E54AaABAg,Neutral
UgzoeF7XsK3QiViu1nB4AaABAg,Neutral
UgzOEVat7dQFBqJQPsZ4AaABAg,Neutral
UgzOGhL03iMHpHhx23B4AaABAg,Neutral
UgzOIBpZgU8-j9IzoSd4AaABAg,Relatable
UgzoIMNCsuIoxiEcsIF4AaABAg,Relatable
UgzOjBAA6bKyBvxK6HZ4AaABAg,Relatable
UgzOjpm3QOsMvFyj9zx4AaABAg,Relatable
UgzokHWN1lHCACoBeyt4AaABAg,Neutral
UgzONdNa9-_6012zXlh4AaABAg,Neutral
UgzonUDFGfF26oOzrCd4AaABAg,Neutral
UgzooYSqsXHZ2-5a4nN4AaABAg,Neutral
UgzOP0GSwmgWaPzz_k94AaABAg,Neutral
UgzOp2e23B83Miyl7tt4AaABAg,Neutral
UgzoQpg1h4LnktB3rEN4AaABAg,Relatable
UgzoR6l5LMIW_re-MjN4AaABAg,Neutral
UgzoRDgUNr54u_MWZHh4AaABAg,Relatable
Ugzos2yjGUV8Kge8eU14AaABAg,Neutral
UgzoT7jgdEO4Gxx3NBR4AaABAg,Neutral
UgzotiH7GBPZ6Eyn9ex4AaABAg,Relatable
UgzOTJmdSukQXlsSfcV4AaABAg,Neutral
UgzOtlHVOKbHeYfzgIp4AaABAg,Neutral
Ugzov62blUPCpwzkay94AaABAg,Neutral
UgzoV9WIatqiaqCjiUR4AaABAg,Neutral
UgzovPHQO3_GuGBY9zN4AaABAg,Neutral
UgzovSX84ljO74plcj94AaABAg,Neutral
UgzOWcOZp0iv8tZw0NN4AaABAg,Neutral
UgzOwJOfv3B9crh0S5l4AaABAg,Neutral
UgzOWqSxrI429hZfL-l4AaABAg,Neutral
UgzOXj9d65082uaomv14AaABAg,Neutral
UgzoxsQoqhEmM1q5_K94AaABAg,Neutral
UgzOYNdNs6szMo2DK354AaABAg,Neutral
UgzoZK2RpGKcRdQNvYZ4AaABAg,Neutral
Ugzp_jne1JJLupJHtyB4AaABAg,Neutral
UgzP_xPPax2Uk3sMar94AaABAg,Neutral
Ugzp0Az2gdRjtCx9jkF4AaABAg,Relatable
UgzP1Vd7tZ00jvHvrgt4AaABAg,Neutral
UgzP2FlIIU57w6xPfMZ4AaABAg,Neutral
Ugzp2gXqaYhblpjm5rB4AaABAg,Neutral
UgzP2YPJuaKUUANlLA14AaABAg,Neutral
Ugzp32SAAuoB_t1uTjB4AaABAg,Neutral
Ugzp3d4OKh0lIzifGFt4AaABAg,Neutral
UgzP3dpZffDJMJAhQcF4AaABAg,Neutral
UgzP3k4vHuZ3EqOd3qZ4AaABAg,Relatable
Ugzp3vyx5j_eShoHA254AaABAg,Neutral
Ugzp4oNnTvbc196tt5h4AaABAg,Relatable
Ugzp5zN4yaBxJqg6BVF4AaABAg,Neutral
Ugzp6F2kpgREii1_QMR4AaABAg,Relatable
Ugzp9Bw1UeA79jt9DXZ4AaABAg,Neutral
UgzpA_8zcUEwAeKkkjx4AaABAg,Neutral
UgzpBJ43qwECYua_m_14AaABAg,Neutral
UgzpBN5ml-0OCHJBdSN4AaABAg,Neutral
UgzPbRnNwEzfhHoNiNt4AaABAg,Neutral
Ugzpd9AD6cmRDOHN0r54AaABAg,Neutral
UgzpdgZP0HoQ6DOPsdh4AaABAg,Relatable
UgzPdhdhl7O64-w5J_p4AaABAg,Relatable
UgzPebA0uXgl8VevzM94AaABAg,Neutral
UgzPebF7Jz263Sn69P54AaABAg,Relatable
UgzPEpZIAyx5iM7GanB4AaABAg,Neutral
UgzPEzQn-G0W0p60t4h4AaABAg,Relatable
Ugzpff5lxt_B8_ZgqYh4AaABAg,Neutral
UgzPFFyh4R5QJdXdGch4AaABAg,Neutral
UgzpfGFnSmAVt3FX5cR4AaABAg,Neutral
UgzpFJjiMPeyd4Zxbj14AaABAg,Neutral
UgzPFkeqmkvYL4-s9F54AaABAg,Relatable
UgzpG_zwqYiHXQU3zIN4AaABAg,Relatable
UgzPGND_eKhzpGaI7TV4AaABAg,Neutral
UgzPhSyiTT0E-GzcC-p4AaABAg,Relatable
UgzPiB_Qh-y5JvQa6jZ4AaABAg,Neutral
UgzpIczLsoP1qW5-20B4AaABAg,Neutral
UgzpieQ81PGtzafjcZR4AaABAg,Neutral
UgzPIo2WkgLwQoYaBUJ4AaABAg,Neutral
UgzPj8YY0OQtPCrFtwN4AaABAg,Neutral
UgzPjDHbNYJcW9ITM4p4AaABAg,Neutral
UgzPjinIrR8pbh1uIIh4AaABAg,Relatable
UgzpJKwR1oO2gfAO81F4AaABAg,Neutral
UgzPK0eL0UPY-NdptSV4AaABAg,Neutral
UgzpKJ9_3-E69-Ibfgt4AaABAg,Neutral
UgzPkjJVjk43IaIpbB94AaABAg,Relatable
UgzpldOCidiJXMHs8Bt4AaABAg,Relatable
UgzPljbF0imGyS46Hpx4AaABAg,Neutral
Ugzpm1n6_YtMRqSpl_N4AaABAg,Relatable
UgzpMS5CQ8r0h8OvaAV4AaABAg,Neutral
UgzPMZEsz8_nj94pJnl4AaABAg,Neutral
Ugzpn2VBdEHjaou_CB94AaABAg,Neutral
Ugzpn2VxLOPK1g-taDN4AaABAg,Relatable
UgzPoFn0iaSaJVKNjux4AaABAg,Neutral
UgzPOMuu2WDco-qYzOV4AaABAg,Neutral
UgzpoQ88kKpCnJDk9-h4AaABAg,Relatable
Ugzpoy3sIxpp30_pFYB4AaABAg,Neutral
UgzPpAm6ZxGCiLDPYjl4AaABAg,Neutral
UgzpPPHrTmEvfYhPcVZ4AaABAg,Neutral
UgzPqCmow96q-1dzcW14AaABAg,Neutral
UgzpQkKl8DBYFnEUOPB4AaABAg,Relatable
UgzpqRqTow9HAccmEz14AaABAg,Neutral
UgzpREO_iRLysFY7t5F4AaABAg,Neutral
UgzPrn3gIMvspyWXDXN4AaABAg,Neutral
UgzpsUPHe5uKB7WvHn54AaABAg,Relatable
Ugzpt5K-wjp8OY07CYh4AaABAg,Neutral
UgzPtzWao7r0IzEN9ld4AaABAg,Neutral
UgzPUcWEfmFPIVUTi714AaABAg,Neutral
UgzPuQgZF79QwRq8Vml4AaABAg,Neutral
UgzPuyC784zfnwyYzZt4AaABAg,Neutral
UgzpVmIVmVDAW1Hzv494AaABAg,Relatable
Ugzpw_GBhG9xF7GCDbt4AaABAg,Neutral
UgzPW2Dwa2Iphmy42pp4AaABAg,Neutral
UgzpwqeEKRrOhzLNJZl4AaABAg,Relatable
UgzPX1hHHP7DI-1bCHp4AaABAg,Neutral
UgzpXWS2NX8r09pM0dl4AaABAg,Neutral
UgzpY4QYLLz5R9yL2hl4AaABAg,Relatable
UgzpY7cm3TMx2W30CmB4AaABAg,Relatable
UgzpYorXdv5N5UOn4Yx4AaABAg,Neutral
UgzPyUZ6pXY8zWNki5l4AaABAg,Neutral
UgzpzIXiAFHKtd8XSY94AaABAg,Neutral
UgzQ_eVreCQyZ1QgR2R4AaABAg,Neutral
Ugzq-LCrSH5ia6Qk0eF4AaABAg,Neutral
UgzQ-QDvJxzDY8zx0JN4AaABAg,Relatable
UgzQ-YgAfK3Mop9Nf6V4AaABAg,Neutral
UgzQ0tWnFVRkLl1Px2t4AaABAg,Neutral
UgzQ0zoCpimpGU_eNKp4AaABAg,Neutral
Ugzq1BUaVUtcphg3fCV4AaABAg,Neutral
UgzQ1Y2MVITc6FGrbY14AaABAg,Relatable
UgzQ2BmXHzw9hgNtyex4AaABAg,Neutral
UgzQ2N2K9oCyO0XAAQ54AaABAg,Neutral
Ugzq3z10q524DbnSOsp4AaABAg,Neutral
Ugzq4Gd1QqUqnjuKRAZ4AaABAg,Neutral
Ugzq4iIsHcFIHQIGBd94AaABAg,Neutral
Ugzq5ASCJwB7cJrBqQZ4AaABAg,Relatable
Ugzq5xLCQElBXASBnDl4AaABAg,Neutral
Ugzq7aFSyuhzKZPbnvt4AaABAg,Neutral
UgzQ7haHbghdqEcEZqZ4AaABAg,Neutral
Ugzq7QduUPwWAOaf_Vp4AaABAg,Relatable
Ugzq9VHs9Ox3bSSH3pR4AaABAg,Relatable
UgzqA6PZPNp_Bu8Cjyh4AaABAg,Neutral
UgzQaEN6kUW9OjkwGgV4AaABAg,Neutral
UgzqB2mnER_lqiaBEB94AaABAg,Neutral
UgzQBdubAf3lulVhmEV4AaABAg,Neutral
UgzQcmRc5_TpbEZ0ZWt4AaABAg,Neutral
UgzqCtvtSGJ4fGEUo0F4AaABAg,Neutral
UgzQcy8EsZ-YdQCR_PZ4AaABAg,Neutral
UgzqDvEPu3tcVxy3Qbh4AaABAg,Neutral
Ugzqea9WE0msPUF2ffV4AaABAg,Neutral
UgzQEfdrJeowJapngHB4AaABAg,Neutral
UgzQeKCFDfACK9DN2LV4AaABAg,Relatable
UgzqELTAjRFXdikSCKR4AaABAg,Neutral
UgzqEM9bHQUFEFUPdEl4AaABAg,Neutral
UgzQeo84Krj5M80FWOV4AaABAg,Neutral
UgzQf6NRjqnPUmBR6Up4AaABAg,Relatable
UgzQFOc9-G-YCyBP24V4AaABAg,Neutral
Ugzqfywvha9xsCst2n14AaABAg,Neutral
Ugzqg4MVKzWrbGLQ5MJ4AaABAg,Relatable
UgzqHQRRfhWOH2O8w0x4AaABAg,Relatable
UgzQhVDIj9nk6P8IsaZ4AaABAg,Neutral
UgzqIfjkYV5bRvq59V54AaABAg,Relatable
UgzQIGrUSZqoxfVXE-F4AaABAg,Neutral
UgzqiQJCncMmnjlqHeJ4AaABAg,Relatable
UgzqISBfwDcEyZoR7TV4AaABAg,Neutral
UgzqIT09MN14Gjz-YLN4AaABAg,Relatable
Ugzqk0uD9Hb2VB_0_C94AaABAg,Neutral
Ugzqk6ybDuAwFT7CGfV4AaABAg,Neutral
UgzqlarQL9WNeYRkt4V4AaABAg,Neutral
UgzqLqz4u1QWiLAv3aZ4AaABAg,Neutral
UgzQLSwRCeRWeGwCxZd4AaABAg,Neutral
UgzQoVdcPM-perVueCB4AaABAg,Neutral
UgzQp5O5PE86lMH7A114AaABAg,Neutral
UgzqpDWLst9QmpZ1dyF4AaABAg,Relatable
UgzQpZA1Yj9Bgdh_ru14AaABAg,Relatable
UgzqqjJh8spIo1PZGTZ4AaABAg,Neutral
UgzqQW3VVx6Xe75QHwh4AaABAg,Relatable
UgzQQZRFGTyE2bsB9MZ4AaABAg,Neutral
UgzQrmikvLPwl894o3N4AaABAg,Neutral
Ugzqs3hI9cFkXPGaamp4AaABAg,Relatable
UgzQSHMYdXOMBB01zdF4AaABAg,Relatable
UgzqtwQKINGlbD44J_J4AaABAg,Neutral
UgzqU3byqf-1KLcBFr54AaABAg,Relatable
Ugzqub6-tVbfZorAkxZ4AaABAg,Relatable
UgzQucu6YNve_WPZC9V4AaABAg,Neutral
UgzQUJaPL6pFHDhinTR4AaABAg,Neutral
UgzqURv9-3deLaYV0hF4AaABAg,Neutral
UgzqUYHJisv66Y7HoPZ4AaABAg,Relatable
Ugzqv3FBGhCp4UdZVHh4AaABAg,Relatable
UgzQv6pXyYWm3QByiCN4AaABAg,Relatable
UgzQvORydImLKYDAdL14AaABAg,Relatable
UgzqWj21lG223syyD8B4AaABAg,Relatable
UgzQX1jmM_e_v4wXz8R4AaABAg,Neutral
UgzqXHjBB510CLOIrEV4AaABAg,Relatable
UgzqXlDTqZMZroCGirN4AaABAg,Neutral
UgzqYrWmp6G-Aa1b7xB4AaABAg,Relatable
UgzQzlTZhEHCXbBY3-h4AaABAg,Neutral
UgzR-ESeHC3mvdTf2RF4AaABAg,Neutral
Ugzr4qkxFd5lU7IMiHV4AaABAg,Relatable
Ugzr4RIJbAsB5Jh6eHx4AaABAg,Neutral
UgzR8H0CrlIUuOpHmqx4AaABAg,Neutral
Ugzr8TevANJMEg6KTqZ4AaABAg,Relatable
UgzR94ZHT9G6nV55DwV4AaABAg,Neutral
Ugzr96fhjovFdZ1SR_l4AaABAg,Neutral
Ugzrag3hsOnQH4iw7Cd4AaABAg,Neutral
UgzRBaH33H1NO07x4mR4AaABAg,Neutral
UgzRbe6nWOFJbXhjWf94AaABAg,Relatable
UgzRd1kivgCnJRqv2u14AaABAg,Neutral
UgzrD3vub4ewGY5SC7h4AaABAg,Relatable
UgzrdP2p9MuX5pes0PN4AaABAg,Relatable
UgzRE0ybx6zuWvcZ_KV4AaABAg,Neutral
UgzREEO7PxHPNieyOAB4AaABAg,Neutral
UgzrelR8l7AQcotAAXl4AaABAg,Relatable
UgzReyvNxPFsd65Gb8l4AaABAg,Neutral
UgzRez-LoLH9bu2Xxz54AaABAg,Relatable
UgzRf2fQwh5vRNfsLH94AaABAg,Neutral
UgzrFATvqaZHVuUiJ0N4AaABAg,Relatable
UgzrFwxK9acLlfc_5Kh4AaABAg,Neutral
Ugzrhe5mOsZW-NdrS_B4AaABAg,Relatable
UgzRhpMEwy4_MKfPmxV4AaABAg,Neutral
Ugzrj07L-yK4vp7FmeB4AaABAg,Neutral
UgzrJ0RZPxTZBGMnCP94AaABAg,Neutral
UgzRjMbtBrWlEZEZY2d4AaABAg,Neutral
UgzrJVoKFTe97CHX9fx4AaABAg,Relatable
UgzRl_1378yVVahJFl14AaABAg,Neutral
UgzrLgo7quJhG4hWn354AaABAg,Neutral
UgzRmbVcZXk4ABWEnE14AaABAg,Neutral
UgzrMGAIQFE0-DWsvIB4AaABAg,Neutral
UgzRNH02D_Bxtdko9gt4AaABAg,Relatable
UgzRNRTDi4h2_k_zWlp4AaABAg,Neutral
Ugzrny3frI2tK2dpMsp4AaABAg,Relatable
UgzRP9HOVJ9IN4PEnNV4AaABAg,Neutral
UgzrpfD_Rkf7BM0fGm14AaABAg,Relatable
UgzrPKx1lyfqwDEx-G14AaABAg,Relatable
UgzrpqhpkYMvNNh9fJ54AaABAg,Relatable
UgzRpxU2OZ3KNLP1Mwp4AaABAg,Neutral
UgzrRQG0P6Rf8rjWSwR4AaABAg,Relatable
UgzrsOVbHKTWayyqf514AaABAg,Neutral
UgzRsyHEqkAcX_4SrDp4AaABAg,Neutral
Ugzrt0aYYIz7HezPEGZ4AaABAg,Relatable
UgzrtlMFyylmhJzY2MB4AaABAg,Neutral
UgzRttCDtUTACbCYrT14AaABAg,Neutral
UgzrugmiRSVDuLOVwe14AaABAg,Neutral
UgzRUku272Sz2vO9tqd4AaABAg,Relatable
UgzRUta2boe2-HYfW614AaABAg,Neutral
UgzRuZU08cfiPg0A_3B4AaABAg,Neutral
UgzRVu1fUUw7kBMHp3B4AaABAg,Neutral
UgzRw-L80fCdLxY4VfR4AaABAg,Relatable
UgzrW5vwknbRrguw2dR4AaABAg,Neutral
UgzrWBbUtMvl8HjQCO14AaABAg,Neutral
UgzRWBVXJX7KZeg6Ma94AaABAg,Neutral
UgzrWITn5Ybg7bGCzz14AaABAg,Neutral
UgzRX33rMoibLEOGtvN4AaABAg,Neutral
UgzrX3fE3wpqeFQ_ZL94AaABAg,Neutral
UgzrxjqU8Th9LIGrLcp4AaABAg,Neutral
UgzRYG7s21G50RnPiXh4AaABAg,Neutral
UgzRYpgg3y_MvjNGIYd4AaABAg,Neutral
UgzRz02hDk1CmtLB8UJ4AaABAg,Neutral
UgzrZKjf_3DIxa1n_F14AaABAg,Neutral
UgzRztk98UAORRDMnAB4AaABAg,Neutral
UgzS_p6HY3Y_jYm2i1x4AaABAg,Neutral
UgzS-XMfad4ZgL6qG-F4AaABAg,Neutral
Ugzs1h1QTjoe0-nSmcF4AaABAg,Neutral
UgzS35vfDOfF-r0SmGd4AaABAg,Neutral
Ugzs3BkR70jHjoGJXkV4AaABAg,Relatable
UgzS6QHD_5ZJ4VM25214AaABAg,Neutral
UgzS6zuLBMQf_o_Cf594AaABAg,Neutral
UgzS7UV0NK3g4tlLekt4AaABAg,Neutral
UgzSaF8mb2kRg5-iQ3F4AaABAg,Relatable
UgzSaIgC12cHffj66cV4AaABAg,Neutral
UgzSArwkAOLbmsgCPPR4AaABAg,Relatable
UgzsBboDpkC4wgDF-Kt4AaABAg,Relatable
UgzsbCBNAGSudacmBLx4AaABAg,Neutral
UgzsCeaUs8-Ecsc1Gkp4AaABAg,Relatable
UgzScGr1XDhj2T8ONjp4AaABAg,Neutral
UgzscmPqh4gGsMal1mx4AaABAg,Neutral
UgzscpV9jGCChcnoMQJ4AaABAg,Relatable
UgzsdKCL6RRYv2KzuUd4AaABAg,Neutral
UgzsE1pWe_ObzTckIY54AaABAg,Relatable
UgzsE5-yux-AYmOphmR4AaABAg,Neutral
Ugzsf7BcXmVkAWw8oVt4AaABAg,Relatable
UgzsFLx2GTv6WNZN7pZ4AaABAg,Neutral
Ugzsg61tktVoSrTOBdF4AaABAg,Relatable
UgzSgelpPlLQm5IvYAJ4AaABAg,Neutral
UgzSgNSkWBlTlM3rJOl4AaABAg,Neutral
UgzsgPn4YSKRAF9COwh4AaABAg,Relatable
UgzsHvQb2JB-1bS2reN4AaABAg,Relatable
UgzSihwGyfGfSPZcrTp4AaABAg,Neutral
Ugzsiq-F7J5FWP-0Er54AaABAg,Neutral
UgzSkg312M8QChlTaAh4AaABAg,Neutral
UgzSlnaoghrCrtMn6yR4AaABAg,Neutral
UgzsMbuyCvwPMb3yIWN4AaABAg,Neutral
UgzSMLM9qOa9GNdBSD54AaABAg,Neutral
UgzSMxgc8soblxEklJB4AaABAg,Relatable
UgzSn__j0vPgyEY-8Hh4AaABAg,Neutral
Ugzsn_lfy1PQlARAeiR4AaABAg,Relatable
UgzSNbnGRL6cOlCqzbd4AaABAg,Neutral
UgzsnTeVJge_EypVJGt4AaABAg,Neutral
UgzsqDTmvkbTC-GdUJF4AaABAg,Neutral
UgzsrHzV_XimI_gbkzZ4AaABAg,Neutral
UgzSsS6MvQWOxV0vEgd4AaABAg,Neutral
Ugzst59iaXFYxwwwS6N4AaABAg,Neutral
UgzsTG8OKK3hQoLvQWd4AaABAg,Relatable
UgzStGnnY0OqRUe_ov94AaABAg,Neutral
UgzStXaSweNi5WYHywt4AaABAg,Relatable
UgzSuis-4IFRWeRgE-J4AaABAg,Neutral
UgzSv4sFv7zf-X91FyF4AaABAg,Neutral
UgzSVlgEgOUL12zu0Bx4AaABAg,Neutral
UgzsVRJahieBkQLxkOx4AaABAg,Relatable
UgzSVrjd8DAUXf-oBmh4AaABAg,Relatable
UgzsVWOJr_HsL1hwsNF4AaABAg,Relatable
UgzSwFft-mDQeULXdmd4AaABAg,Relatable
UgzsWov1QyzRqm-4ENp4AaABAg,Relatable
UgzSwtSMfj2j0jkML354AaABAg,Relatable
UgzsXQapTUp7MR5DZ8l4AaABAg,Neutral
UgzSY_oDWbJC6Fc9vt94AaABAg,Neutral
Ugzsy3T3ZRQoFXLjFEZ4AaABAg,Neutral
UgzSY93svjXkn6mpnPl4AaABAg,Neutral
UgzsYZjvwuCb10NIDZp4AaABAg,Neutral
UgzSz8PUH4wlU8cMIrp4AaABAg,Neutral
UgzsZeARnRn38Y3PZ8h4AaABAg,Neutral
UgzsZFKK6AVHe_fA-254AaABAg,Neutral
UgzT_-sb3JlMPw-C2K54AaABAg,Relatable
Ugzt-7ONWC3KsX1b1U14AaABAg,Relatable
Ugzt08n6umx3mIpqO_x4AaABAg,Neutral
Ugzt0bwFRaYrcwmG7_94AaABAg,Neutral
UgzT0tHjUsr8LaARnlN4AaABAg,Relatable
UgzT0w9D0GrF3mMeRiB4AaABAg,Neutral
UgzT3i4fPJYMxPQVY294AaABAg,Neutral
Ugzt3StjMkJ-NF5zyz54AaABAg,Neutral
Ugzt4oXhEZ4s4gNfMZx4AaABAg,Neutral
Ugzt9_q9VnZ9VrtlSZN4AaABAg,Neutral
Ugzt9dcJ0fNBymMEmIR4AaABAg,Neutral
UgzTAEVOYcEpeailQCJ4AaABAg,Neutral
UgzTbclfDIpDI0kx9l94AaABAg,Relatable
UgztbX9XLYJHltVfg0h4AaABAg,Neutral
UgzTCrkMQwhxGaSnhCx4AaABAg,Neutral
UgztCy5WKY2afmewv8l4AaABAg,Relatable
UgzTEFntYS1aeWWyWmV4AaABAg,Neutral
UgzTemlp8S8zAgN9AKx4AaABAg,Neutral
UgztewmVyU1hggtjd754AaABAg,Neutral
UgztfMVy60ofyle5kt94AaABAg,Relatable
UgztfpFrJ5GF3S68k-N4AaABAg,Neutral
UgztFPHu2c-E_YW9gah4AaABAg,Relatable
UgzTFX44wHcswMcKbZx4AaABAg,Neutral
UgzTgRvGWxMmnoBvImR4AaABAg,Relatable
UgztGTRIvtbWNY9mxM54AaABAg,Relatable
UgzTGV4y99M9yb_4Aml4AaABAg,Neutral
Ugztgv8dMmVV-WOaI3N4AaABAg,Neutral
UgztH99jGgMmzNZeaV94AaABAg,Neutral
UgzthryB3w9STTfZg7R4AaABAg,Relatable
UgztHvxsRxCmKQCF_C54AaABAg,Neutral
UgzTIuBcjylQdL66B454AaABAg,Relatable
UgzTJ-HviPdJgZpbq-54AaABAg,Neutral
UgzTjaU0-GknGOHHBrp4AaABAg,Relatable
UgzTJn_nOzPnY7ebXOV4AaABAg,Neutral
UgztkCBo5IdEdz0CkDZ4AaABAg,Neutral
UgztKiUPRq8rGxrn_Qx4AaABAg,Relatable
UgzTl9QbvR4a_UY8lp94AaABAg,Neutral
UgzTlhPzTESlN63pYQR4AaABAg,Neutral
UgzTLzm-fVIQ67mn_K54AaABAg,Neutral
UgzTMkGOPThGOKQ7vY54AaABAg,Relatable
UgztmlahPfTEHX174Al4AaABAg,Neutral
UgzTnnY_d_saOWUMq2l4AaABAg,Neutral
UgztnQ4T8CU04QOS1nR4AaABAg,Neutral
UgzTNRHnVOcGso2z73N4AaABAg,Relatable
UgzTo75sm-n16GY3hst4AaABAg,Neutral
UgzTP2NhznX01iDupc14AaABAg,Neutral
UgzTPcvbYSn9gkM35Z54AaABAg,Neutral
UgztpDZrW0aJJ-2AOdN4AaABAg,Neutral
UgztpMuELDpp3bAQvmB4AaABAg,Neutral
UgzTqDh7SpyXJw-pbfZ4AaABAg,Relatable
UgzTQhLGrN9yz1PJLmN4AaABAg,Neutral
UgzTQosjlMett1bfu9J4AaABAg,Neutral
UgzTr-khcIB7mrQjBKp4AaABAg,Neutral
UgzTSB-mIap7IZa-1dh4AaABAg,Neutral
UgztsdiqlO8a93h-yM94AaABAg,Neutral
UgztSEF5OY2k9kqzyFh4AaABAg,Neutral
UgzTTFGByedbyW7lTtB4AaABAg,Neutral
UgzTThiRhXBBTG0Ll1d4AaABAg,Neutral
UgzttXpnuU9OPjvnw_l4AaABAg,Neutral
UgztU65c5uI_P3hFZcF4AaABAg,Neutral
UgztUBOT5pSiXWlQEhJ4AaABAg,Neutral
Ugztvd8WPsjpejis6Bt4AaABAg,Neutral
UgzTVDFmoNujNCh4cmV4AaABAg,Neutral
UgztW4uVE_pCB5CmMtl4AaABAg,Neutral
UgzTwXIdll7NVRNDGyR4AaABAg,Relatable
UgzTx_lBUKXckAQk2il4AaABAg,Neutral
UgzTYcb3JvMwyfT8_LN4AaABAg,Relatable
UgzTYhDoG2khOBTvlll4AaABAg,Relatable
UgzTyp9i_7XkGx1Aew14AaABAg,Neutral
UgzTZf4w1wIOK_lQAv14AaABAg,Neutral
UgzTzWZazRLv_vf3MEN4AaABAg,Neutral
UgzU_dzJL4HSyaHMxsN4AaABAg,Relatable
UgzU-4l5dIACOEEvQWB4AaABAg,Neutral
UgzU1i-zfOn37r4zQhF4AaABAg,Neutral
UgzU1li_lj4rpGzyH_N4AaABAg,Neutral
Ugzu1Z1KDny2dHSNNW54AaABAg,Neutral
UgzU1zj9vLoy7_OnVMZ4AaABAg,Neutral
UgzU2D20nH0yrdbh-sx4AaABAg,Relatable
UgzU33HwltCwNkrccCR4AaABAg,Relatable
Ugzu441QPhJSySPbdCt4AaABAg,Neutral
UgzU5sGahaiReJW0bch4AaABAg,Neutral
UgzU5ZwhUiVLb4ikuUV4AaABAg,Neutral
Ugzu6-Ui5OSYf1cnbCZ4AaABAg,Neutral
UgzU6Z91Pdd8OSFVQj14AaABAg,Neutral
UgzU91cvnGTJg-7I_fh4AaABAg,Neutral
UgzU9gttxCgSeNRu8GR4AaABAg,Neutral
Ugzu9jWOf69GLwQNaft4AaABAg,Neutral
UgzUa_6yInCucXKCu5h4AaABAg,Neutral
UgzuBDcN_fZEPZTHTRR4AaABAg,Neutral
UgzUbmwlydAQVC5lIlx4AaABAg,Relatable
UgzUBVyIRNNG1_7pwmt4AaABAg,Neutral
UgzUbX7fgZyS0fPZkSl4AaABAg,Relatable
UgzUcB1m2t7CATXYaeZ4AaABAg,Neutral
UgzUCcMATEhQ-vwPL914AaABAg,Relatable
UgzuCEyUW_KEZ1G0-fp4AaABAg,Neutral
Ugzud4mSL55yZoKBmk94AaABAg,Neutral
UgzUdg_kEf9BS8ggXG54AaABAg,Neutral
UgzuEmjSOWFoM7vJhU54AaABAg,Neutral
UgzUENbj3mwP9dP7WqV4AaABAg,Neutral
Ugzuev7PvwraCAdeGGR4AaABAg,Neutral
UgzuEYbp1a7O6VqUUSd4AaABAg,Neutral
UgzuFS-kL_NnmxGDzep4AaABAg,Neutral
UgzuG3PgAHNewEBgFLp4AaABAg,Neutral
UgzUgcJo7Um6q2NvFa54AaABAg,Neutral
UgzugLlDBckZuqvwOBp4AaABAg,Neutral
UgzuGWSD2Pgf9Lrh9794AaABAg,Neutral
UgzuH_zi35RrN_jfGXB4AaABAg,Neutral
UgzUhElopcNffF7t_1V4AaABAg,Relatable
UgzUhsb9OyCimN7_wsJ4AaABAg,Neutral
UgzUieOMlIQA6cR3djF4AaABAg,Relatable
UgzuImBsbyG_mqLh5H54AaABAg,Relatable
UgzUJ8BlnZx879oNPYx4AaABAg,Neutral
UgzUj9XcR7wnjB0Fp_x4AaABAg,Relatable
UgzujfwpNySQKAN4Wj54AaABAg,Relatable
UgzUJhLoSB_v9Djmhph4AaABAg,Neutral
UgzUJJ-LZrT-8hCWaVd4AaABAg,Neutral
UgzUJqX-JpA4fXvX3Kl4AaABAg,Neutral
UgzUkZnM7MIS5ZVxKRJ4AaABAg,Neutral
Ugzul-6f2ebhpzSBXiJ4AaABAg,Neutral
UgzUl6mMtxrBhdFoxcx4AaABAg,Neutral
UgzUMA7-m0pMUOs4w4R4AaABAg,Relatable
UgzumvVSas5Nrk3vRo54AaABAg,Neutral
UgzUN4CCH5Bg279EdLR4AaABAg,Relatable
UgzUNBVmakdkYhrP-gh4AaABAg,Neutral
UgzUngztBXyj8tku3-54AaABAg,Neutral
UgzUNln5KKCnb2xYQhx4AaABAg,Neutral
UgzUoCeLocFEKq2VKl94AaABAg,Neutral
UgzUoHOCx1xjf9yebpx4AaABAg,Neutral
UgzuPzKJC_CUh7nDfF54AaABAg,Relatable
UgzUq989l_bgQURPyRJ4AaABAg,Neutral
UgzUQDNGBU7uKJfpmj54AaABAg,Relatable
UgzUrPtNQoVs_DexsTF4AaABAg,Neutral
UgzuSPvjBpiYxqM__L94AaABAg,Neutral
UgzUTbCerdfitUhdeoF4AaABAg,Neutral
UgzutdgUIQARHPGGpi54AaABAg,Neutral
UgzuUuxemjoxNTPy2BR4AaABAg,Neutral
Ugzuv40poBy3SRR-p1p4AaABAg,Relatable
UgzuVaR8SA6t26hhm_d4AaABAg,Neutral
Ugzuvk6P7nAAv0iaMaV4AaABAg,Neutral
UgzUwAKmGfrVafEEurZ4AaABAg,Neutral
UgzuWl0WnyNchtY4p5V4AaABAg,Neutral
UgzuwsdmW1YXtVucK-d4AaABAg,Neutral
Ugzux5Oxj-MUzJ2y1K94AaABAg,Neutral
UgzUxLICH2RkC6mu_Ix4AaABAg,Neutral
UgzuxziU-uJbf8g2rVZ4AaABAg,Neutral
UgzuY1dW7aKcVRRcJil4AaABAg,Neutral
UgzuygLSkU7wThfhwQl4AaABAg,Neutral
UgzUYOlVjChcPK7Ee814AaABAg,Neutral
UgzuZ85QaTJA594RROB4AaABAg,Neutral
UgzUZfuXhQlE0PzwmUl4AaABAg,Neutral
UgzuZwo5WnduXtbUe994AaABAg,Neutral
UgzV_p5ljMJiiLhhVKp4AaABAg,Relatable
Ugzv0kjCdeQqrHBwE1x4AaABAg,Neutral
Ugzv7mbQ0bIKMCBHdmR4AaABAg,Relatable
Ugzv7y-v7xOrMEj71rR4AaABAg,Relatable
Ugzv9A2fOQOdmOA1-yJ4AaABAg,Relatable
UgzVA0Ry0S2jOwCz-TZ4AaABAg,Relatable
UgzvaklDhY4DV7oq6Ap4AaABAg,Neutral
UgzVaw8d3XEshWWtZV54AaABAg,Neutral
UgzvAxocmk7ZJf5KWn94AaABAg,Neutral
UgzvBdlT3sKv_H-hiDx4AaABAg,Neutral
UgzVBFbFq-I84n0CMKF4AaABAg,Neutral
UgzVC7eVSCfAI4pI-8B4AaABAg,Neutral
UgzvCPRR6ObKXy_4RqR4AaABAg,Neutral
UgzVDdi_89L0r-EQ2jV4AaABAg,Relatable
UgzVFbfNtPdZE2Hmdit4AaABAg,Neutral
UgzVfpFqY6ilcxiqBtR4AaABAg,Neutral
UgzvFYVnMU0R4akW32B4AaABAg,Relatable
UgzVFzE6NB6s7i8duY94AaABAg,Neutral
UgzVgGfNt0j2vh8WcaN4AaABAg,Relatable
UgzVGwLBqmyoexdDsTh4AaABAg,Neutral
UgzVhpobQQWID5Ai8eZ4AaABAg,Neutral
UgzVi5SzpfbEYRfHXHd4AaABAg,Neutral
UgzvI6AgWeJFv0D_jBl4AaABAg,Neutral
UgzVIAxq5FoEorIGtnZ4AaABAg,Neutral
UgzvjK7pTGQkFcNC4RB4AaABAg,Relatable
UgzVjyber2zqmCCwvGd4AaABAg,Relatable
UgzVkBjLG6FSBeQNoC54AaABAg,Neutral
UgzVKbyGrV6XrWfBKF54AaABAg,Neutral
UgzVKCW76lC4dN_UYJB4AaABAg,Neutral
Ugzvl06rA3aJFNOVBuV4AaABAg,Neutral
UgzVlHwoW-WCMJ79_-t4AaABAg,Neutral
UgzVLNG98pX-3qVdKyB4AaABAg,Neutral
UgzVMGaStq6UyNqWYRh4AaABAg,Neutral
UgzVmqz1yVxP7CxdYS14AaABAg,Neutral
UgzvnbCXLSPxiN9Kd454AaABAg,Neutral
UgzVo1Py1-Ly9a8OMAN4AaABAg,Neutral
UgzvOdPtYwaAyjTVHvd4AaABAg,Neutral
UgzVOjZWo8RcpVxHBy94AaABAg,Neutral
UgzVp74DKfx01AMaqCh4AaABAg,Relatable
Ugzvpq9o1oqRAZSA0I14AaABAg,Neutral
UgzvpwLsoZi-tQa3vEB4AaABAg,Neutral
UgzVpx-fWYYAyAOUKd14AaABAg,Neutral
UgzvRHOMJDodqAWg5SZ4AaABAg,Neutral
UgzvSKTI-QQ2No7s0b94AaABAg,Relatable
UgzVt34tNru86Sj5AqR4AaABAg,Neutral
Ugzvt9bRtKG8E2QRKpR4AaABAg,Neutral
UgzVUEvfsdmWbAoxc4R4AaABAg,Relatable
UgzvvHFC2Mm5BstXzc94AaABAg,Relatable
UgzVVOCd_3vGOoPSVKN4AaABAg,Relatable
UgzVWOSt1NGuO8EQA3x4AaABAg,Neutral
UgzvxChsieg3lFywkMl4AaABAg,Neutral
UgzvXsroZjwD8sHLZxh4AaABAg,Relatable
UgzvyilN6CVxauqRW5p4AaABAg,Relatable
UgzVyjP01F0dnhNmf4x4AaABAg,Relatable
UgzVyw0rfDYPXL0VibN4AaABAg,Relatable
UgzVzbiB2KznLq1XMyV4AaABAg,Neutral
UgzVzELTj0DWHK_Q9E94AaABAg,Neutral
UgzVzZ8YlJH6pFy2g094AaABAg,Neutral
Ugzw_dbdqzZzPYmN4dl4AaABAg,Neutral
Ugzw_iaK3g3gSZwlJcR4AaABAg,Neutral
Ugzw1kAtew1LJikjlhN4AaABAg,Neutral
Ugzw3rBpUh1ByQlO4w94AaABAg,Neutral
Ugzw3xWBGTmUOlky5wN4AaABAg,Neutral
UgzW48IvAnFSc_XZFGp4AaABAg,Neutral
UgzW5T6Wi9CAJ7UwsCB4AaABAg,Neutral
Ugzw801QdraNPD8rH1B4AaABAg,Neutral
Ugzw9AW6GhsIaxNp1S14AaABAg,Neutral
UgzWaTMSBy799ro20yB4AaABAg,Neutral
Ugzwb8yJiNDTclqZTc14AaABAg,Neutral
UgzwbUi-Qkb0r8YJCCJ4AaABAg,Neutral
UgzWC28Cr7ZkYiliOMp4AaABAg,Neutral
UgzwCryvkEFOEHt-aO14AaABAg,Relatable
UgzWDX_xkoskUL7ZWn54AaABAg,Neutral
UgzweyPeH2mt5GnrwMZ4AaABAg,Neutral
UgzWEZReSUwpz_wV23x4AaABAg,Relatable
UgzwF6rkuoOmajdOf114AaABAg,Neutral
UgzwF7mzXdN9xIL7qZl4AaABAg,Relatable
Ugzwf9ZZRXGcT0hV__d4AaABAg,Neutral
UgzWFHQoe9Bggk3Vio54AaABAg,Neutral
UgzWFP3OBU3shVfYdc94AaABAg,Neutral
UgzwFRxJcHUiNDFT10l4AaABAg,Relatable
UgzWG8QHtGzURzVDQA54AaABAg,Neutral
Ugzwga4_7anPtqrp0mt4AaABAg,Relatable
UgzWGNsn_aej9HQI70J4AaABAg,Neutral
UgzWGOvAcXKxzhEb83h4AaABAg,Neutral
Ugzwh_htlk_QKLFbHfZ4AaABAg,Neutral
UgzwIK14VVSUPTE4fqJ4AaABAg,Neutral
Ugzwk9H7-Ib_gX2aCiR4AaABAg,Neutral
Ugzwkv_mLmud0HpP8GB4AaABAg,Relatable
Ugzwl4UuHBVnttIZ21t4AaABAg,Neutral
UgzWMfZMwbrIC51S3H94AaABAg,Relatable
UgzwmW1qEWD5hYfmeUd4AaABAg,Relatable
UgzWN1ovp9jS-8zp2Bl4AaABAg,Neutral
UgzwngFadOPCuckjB4R4AaABAg,Neutral
UgzwO6Eu3jh0EySUxfN4AaABAg,Neutral
UgzwOBiZrZcSYTZ3x4V4AaABAg,Neutral
UgzWomaoFmvSkCH12nZ4AaABAg,Relatable
UgzwOu0ky0glR1jEabB4AaABAg,Neutral
UgzwoWVaDtAjzWJDrux4AaABAg,Relatable
UgzWRg5EPmn4oIxgFrB4AaABAg,Relatable
UgzWry7XOZrveHvAybd4AaABAg,Neutral
UgzwsRIuTC0pJDwex3x4AaABAg,Neutral
UgzwSyxNHvpBibGYzjJ4AaABAg,Relatable
UgzwUa5WJoaubSbUmcJ4AaABAg,Relatable
UgzwUhIUXuL4yPU75ut4AaABAg,Neutral
UgzwV_u5TCzUQUq54DN4AaABAg,Neutral
UgzwVQ762t0n2wgMSlt4AaABAg,Relatable
UgzwXbKYb1ER0LPevfV4AaABAg,Relatable
UgzWXDsPvDE0ObBon814AaABAg,Neutral
UgzWZ3UfSFiHXdPinoZ4AaABAg,Neutral
UgzwZ7UPxhpSpyonFKV4AaABAg,Relatable
UgzWzUU1gQvwWBa_Ofh4AaABAg,Relatable
Ugzx_lkv4UlugbImUmp4AaABAg,Neutral
UgzX_Sqhra-eqz9EM8t4AaABAg,Neutral
Ugzx-C4lsG1yqLlpYLB4AaABAg,Neutral
UgzX-WfvQWvWVkrLkdV4AaABAg,Neutral
Ugzx0_-rI9ej_5WtnWN4AaABAg,Neutral
Ugzx0sE7yQWiiIM72AF4AaABAg,Neutral
Ugzx2fBdHdcYrSLBENF4AaABAg,Neutral
UgzX2g3POdQ8_5JOJoB4AaABAg,Relatable
Ugzx2R2zfBjvOvInSYJ4AaABAg,Relatable
UgzX36EAo39dYgoYm2R4AaABAg,Relatable
UgzX4GBZg_RQI5nVYTh4AaABAg,Relatable
UgzX5lLYOdbOiQpnKo54AaABAg,Relatable
Ugzx5LvujU97VGSQvdV4AaABAg,Neutral
UgzX7VeGdOAIDUWT9NZ4AaABAg,Neutral
UgzX8_e3RC3JPbu8nBd4AaABAg,Relatable
UgzX8u6JxC8cO23A-TN4AaABAg,Relatable
Ugzx910Y-cvKD2LPFOx4AaABAg,Neutral
UgzXAKmf0iGDBsIGEXR4AaABAg,Neutral
UgzXbeWUsQ3zR9r5-kt4AaABAg,Relatable
UgzXCvONRAp5WDujwV54AaABAg,Relatable
UgzXdAzFBpfnlA6O0C14AaABAg,Neutral
UgzXdoHtpD_k-LoZGEx4AaABAg,Neutral
UgzxDUFRiJu3zf8UisF4AaABAg,Neutral
UgzxE1jXjyXk83dRn-F4AaABAg,Neutral
UgzXe1PDyEQpA7Vdb-p4AaABAg,Relatable
Ugzxe8inVKg91f_wa2p4AaABAg,Neutral
UgzXEfFGdoxDUlbNsZR4AaABAg,Neutral
UgzXFahzl7fkKpmQf7V4AaABAg,Neutral
UgzXgAmLgkpgNMGrj2Z4AaABAg,Neutral
UgzxGMcUqX7Mv4TU_wJ4AaABAg,Neutral
UgzxH5EoUlprKiVgBDR4AaABAg,Neutral
Ugzxhd1Nl3Nz5pFfizd4AaABAg,Neutral
UgzxhhaGhv8JVNPFz9t4AaABAg,Neutral
UgzXhwM7zADztAjMuiN4AaABAg,Relatable
UgzXIfb4vcLjUIGfdB54AaABAg,Neutral
UgzXilB8d4tq3BOAKEN4AaABAg,Neutral
UgzXJVgCce95O0RaVTF4AaABAg,Neutral
Ugzxk0L1UKk5mDAcJZp4AaABAg,Neutral
UgzXKDIUJhQ4TXStBjV4AaABAg,Neutral
UgzXkKzWtp28xZMT4Kp4AaABAg,Neutral
UgzxkYtydwG2XHBZZ6F4AaABAg,Neutral
UgzxlE613rMY6-CHwp54AaABAg,Neutral
UgzxMw3X7Ns5BbU2aaR4AaABAg,Relatable
Ugzxn82BMaq5CRdxD_54AaABAg,Neutral
UgzxOKaSchn5Szc9tWd4AaABAg,Neutral
UgzXopb7uaNmEbjo_Id4AaABAg,Neutral
UgzXpcEX633SdX61iyB4AaABAg,Neutral
UgzXQiij6RqGMmk2YUd4AaABAg,Neutral
UgzxQPXF8agxljbilTF4AaABAg,Relatable
UgzXR2EQwNv9c6UYEpp4AaABAg,Relatable
UgzXRRpYamcZDOTW4FN4AaABAg,Neutral
UgzXRxI1gCE0q7HeyTZ4AaABAg,Relatable
UgzxrZa-sGYOYUGPZvp4AaABAg,Relatable
UgzxSHGF1vMAx7fcarJ4AaABAg,Relatable
UgzxsM0uLSo2nrsTsal4AaABAg,Neutral
UgzXThPG6vblfFM4awZ4AaABAg,Neutral
UgzXTjjcyinb2g6hv-x4AaABAg,Neutral
UgzXUf2vK7M9MomzIoR4AaABAg,Relatable
UgzXv3Y1adW3x1H9zkl4AaABAg,Neutral
UgzXWu9u01wZK9vhjMR4AaABAg,Neutral
UgzXXxut1NjpUOvdFBF4AaABAg,Relatable
UgzXyDqDezxYPQkzdC94AaABAg,Neutral
UgzxYGjVOLmNLGu9XxN4AaABAg,Relatable
UgzxZL0x-b-aFmJ5_sB4AaABAg,Neutral
UgzXzmCjf1c-Pi8iZRx4AaABAg,Relatable
UgzxZwx9lcipq8vLkK54AaABAg,Neutral
UgzY-T14EcMEeNdtiZF4AaABAg,Neutral
Ugzy0xyu4G-fNXQO-wJ4AaABAg,Neutral
Ugzy0y5t2GDon8FxW8l4AaABAg,Neutral
Ugzy3A1TDOvTYZbbk2h4AaABAg,Neutral
UgzY3LKmOT_v0u7ReLh4AaABAg,Neutral
UgzY3pZ7Mh96J5HNcqJ4AaABAg,Neutral
UgzY4PgaBlw0sqbAXuV4AaABAg,Relatable
UgzY5WVEJIobg1u2IeR4AaABAg,Relatable
UgzY8hLo4ongV_ws9pZ4AaABAg,Neutral
UgzyB4mYmeOgPVob-0d4AaABAg,Relatable
UgzYBdyBD86FHylVCgt4AaABAg,Neutral
UgzYbp8tI6cZm0UdCil4AaABAg,Neutral
UgzybR6NWrFiPTXUpUF4AaABAg,Neutral
UgzyBTA_w0CW31umoqt4AaABAg,Relatable
UgzyCI6yANgR2ceIxU54AaABAg,Relatable
UgzYcjHA86mk7Jy7y354AaABAg,Neutral
UgzydBZ0jxHcyPvG8Fd4AaABAg,Relatable
UgzydOGbYcV0091Mosd4AaABAg,Neutral
UgzYFKyvYSLqjPUrWJt4AaABAg,Neutral
UgzYFUdzCIdTIG2eCzN4AaABAg,Relatable
UgzyG1cWKVgF61oTpxt4AaABAg,Neutral
UgzYGmywiyawbzFHsuN4AaABAg,Neutral
UgzyGmYXy1N_lOr9T094AaABAg,Relatable
UgzyI5MYNV3ZqYtfmS14AaABAg,Relatable
UgzyIDkdVeps9_ORtmV4AaABAg,Neutral
UgzYIq7Kb9xjQx6FtDZ4AaABAg,Neutral
UgzyjE-NYzffTuhwiO94AaABAg,Neutral
UgzYk5hBADYSbCyKKA94AaABAg,Neutral
UgzykFBzDyLxvA53B_54AaABAg,Neutral
UgzYLOkTFWBP-1HdO-R4AaABAg,Neutral
UgzYMeS2iyaWnvpUwOl4AaABAg,Neutral
UgzyMP625MC1hVngejp4AaABAg,Neutral
UgzYmpND5nodFlgpQy94AaABAg,Neutral
UgzynCb5VfT2t9XYPgx4AaABAg,Neutral
UgzYnk_LWghXUE2iy6B4AaABAg,Neutral
UgzYnl3vSaLN8a9ubiZ4AaABAg,Relatable
UgzyNoI62nRpmdgrXX54AaABAg,Neutral
UgzYoFkVd-xhGdUJIz94AaABAg,Relatable
UgzyoHr5mIimmwQGFwZ4AaABAg,Neutral
UgzYoKRHg_w6vA1O5pV4AaABAg,Neutral
UgzyPd3IRN7RPorBhfd4AaABAg,Neutral
UgzyPMEpMe_v6eegAyp4AaABAg,Neutral
UgzYpScjHIU8PCKhhG54AaABAg,Relatable
UgzYpSJPXWR4B5MoNWN4AaABAg,Neutral
UgzyQA9DXam0NMGw8Sp4AaABAg,Neutral
UgzYrrx6RhumETuSejN4AaABAg,Neutral
UgzyRSSXLnBiv5l5miF4AaABAg,Neutral
UgzYrus4L_8LKn4bQb54AaABAg,Neutral
UgzYRvWMCHcl-ATMTcJ4AaABAg,Neutral
UgzySuZdZEGPp8FP3oR4AaABAg,Relatable
UgzYsXbNx6CBUO50fld4AaABAg,Relatable
UgzYTcujkH338SgNFuF4AaABAg,Neutral
UgzyTpjgMqpfAgV7nKV4AaABAg,Relatable
UgzYTzq8C7FybFHtmDJ4AaABAg,Neutral
UgzyU5In5DiACam2w3x4AaABAg,Neutral
UgzYUZ4i0cGUqwgRJKN4AaABAg,Relatable
UgzyViYgAx_wJp5PYfd4AaABAg,Relatable
Ugzywi8cwvKAfOP-AmF4AaABAg,Neutral
UgzYY9r_GBG6Tybs_xl4AaABAg,Relatable
UgzYYFe-JUnVslhJ0Kp4AaABAg,Neutral
UgzYYq_pc69JH-huThx4AaABAg,Neutral
UgzYzBZ5ka59wvSa4AF4AaABAg,Neutral
UgzyZsQe8hljoL_uYEx4AaABAg,Relatable
Ugzz_p3fpWzCb0kvLVF4AaABAg,Neutral
Ugzz07vIl5KxxmSGeBx4AaABAg,Neutral
UgzZ28Dy7QCVY4W5r-J4AaABAg,Neutral
UgzZ3Eal-nFuV8iF1Ip4AaABAg,Neutral
Ugzz4iwfXsckdviwdpt4AaABAg,Neutral
UgzZ4VzQNRNqOGeMXrF4AaABAg,Neutral
Ugzz6qyw5izqbDcShcJ4AaABAg,Relatable
UgzZ7EHnScl1k_7zEtx4AaABAg,Neutral
Ugzz9R4uCn4pZinU4X94AaABAg,Neutral
UgzZAj4e8F46QMOZ0cN4AaABAg,Relatable
UgzzBpk9ZV98LyfUtpp4AaABAg,Neutral
UgzZbTw90zSF8fXhHxB4AaABAg,Neutral
UgzzcVkuGBR-e-LZFfZ4AaABAg,Neutral
UgzZD3s2rUsYY4P8QVJ4AaABAg,Neutral
UgzzE30omV7IHbm4y154AaABAg,Neutral
UgzZF2qPkMLXi29BmcJ4AaABAg,Relatable
UgzzFLbtCF5CKhgDrGJ4AaABAg,Neutral
UgzzFPkVmLr-g7b4YA94AaABAg,Neutral
UgzZFx03DKILRiAosTx4AaABAg,Neutral
Ugzzgu2OB1HZtBIxvOl4AaABAg,Relatable
Ugzzhdd0KDlixsH8r7p4AaABAg,Neutral
UgzZi9MXbMw5ro9HezR4AaABAg,Neutral
UgzZIfCOmwjxYprLW2B4AaABAg,Neutral
UgzzjESLyYz8VxGf_qN4AaABAg,Neutral
UgzZjHxt4sD_2M3B_PZ4AaABAg,Neutral
UgzzjVVE1lSapakZOrR4AaABAg,Neutral
UgzZk3qa_nyPYF71zp14AaABAg,Neutral
UgzZk5slqbgEJyJInJl4AaABAg,Relatable
UgzzKJcewXQc9UEcnOB4AaABAg,Neutral
UgzZKPz0CMFMZxhV6Yd4AaABAg,Neutral
UgzzL34U8IhIma0fFhN4AaABAg,Neutral
Ugzzl54_VE4HNYo6R9F4AaABAg,Neutral
UgzZlLqSyhLsTATFxft4AaABAg,Neutral
Ugzzm_wCUhj5a8azxVl4AaABAg,Neutral
UgzzMorhMrSLxpt7qtJ4AaABAg,Relatable
UgzZN3OsjY8santFHCN4AaABAg,Neutral
UgzzN6vPa3Iyi8Q6dBt4AaABAg,Relatable
UgzznSfWC5YpFR_Oatx4AaABAg,Neutral
UgzZo-xO5rJ74O6KQWd4AaABAg,Neutral
UgzzoFQ6GUGafScp9LZ4AaABAg,Neutral
UgzzoqKBbEGWk7PVhO54AaABAg,Relatable
UgzZOXnC5h24oeDU30F4AaABAg,Relatable
UgzzoyV7l9FuOioy3V14AaABAg,Neutral
UgzzP_cDP7Azaz9FWMp4AaABAg,Neutral
UgzZP1YPYKXQjL2L73F4AaABAg,Neutral
UgzzPAGr1AcH6zcWFwZ4AaABAg,Neutral
UgzzQt1ho09wXg4TgIJ4AaABAg,Neutral
UgzZRdiSl2MIpwWrLOl4AaABAg,Neutral
UgzZrIelA6CSU-nvneN4AaABAg,Neutral
Ugzzs91SqYCbGQXX6aR4AaABAg,Neutral
UgzzsB8wmniW1eu4HgZ4AaABAg,Neutral
UgzzsLXOhH-pyXPcGh54AaABAg,Neutral
UgzZSPb_DCMP3naU9_x4AaABAg,Neutral
UgzZsvY_pR_ocw_rY0d4AaABAg,Neutral
UgzztrYET2bsBUKv-8F4AaABAg,Neutral
UgzZu96bCLRaV4x_umZ4AaABAg,Neutral
UgzZue341uGALGQDNlp4AaABAg,Neutral
UgzzUXP7vHOExy8Zhtp4AaABAg,Neutral
UgzZv-Mj6_P_vQ1ST754AaABAg,Neutral
UgzZV3JbSGeUFEGA-KN4AaABAg,Neutral
UgzZv5n38FZFYXZDV4t4AaABAg,Neutral
UgzZVu4tV4UpZbYzxP94AaABAg,Neutral
UgzzvUQs8w1ji-H3HU94AaABAg,Neutral
UgzZW0eszdKo7tUngVh4AaABAg,Neutral
UgzzwE72tNnbrRdHpcx4AaABAg,Neutral
UgzZwk_c1ImViUHzCYp4AaABAg,Relatable
Ugzzx5tWMw5D4M8ULfR4AaABAg,Relatable
UgzzxtmO2nKFD0irXb14AaABAg,Neutral
UgzZYTkSoL-trNeuMtB4AaABAg,Neutral
UgzzYXa-Kyc8CJQ1Dq54AaABAg,Neutral
Ugzzz1OtvCuYibhBzMJ4AaABAg,Neutral
UgzZznMtttdCxVW14Nt4AaABAg,Neutral
UgzzZoZmSHqCU1AeJcV4AaABAg,Neutral
