post_id,platform,account_id,content_type,caption,hashtags,posting_datetime,duration_seconds,views,likes,comments_count,shares,saves,retention_rate,like_rate,comment_rate,engagement_rate,views_per_second,posting_hour,posting_day,is_weekend,caption_length,hashtag_count,video_length_group,virality_score,virality_score_type,virality_level,topic
aK-8RoZ7qNw,YouTube,UCkJEpR7JmS36tajD34Gp4VA,Long-form,"7 Signs You Might Be Less Intelligent Than You Think

What are the subtle signs of low intelligence or cognitive rigidity, and how can we overcome them? In this video, we dive into the psychology of rigid thinking patterns, how they impact problem-solving, and actionable steps you can take to build cognitive flexibility.

Special thanks to our animator, Rachelle, for bringing this topic to our attention after watching a video on cognitive rigidity by  ⁨@AlanaAnijar⁩  

A Message to Our Community:

This video was completed a few weeks ago, but we held back on releasing it while restructuring Psych2Go for long-term sustainability. We read all your supportive comments, and they mean the world to us. Moving forward, we want to rely less on unpredictable YouTube revenue so we can keep creating the content you love.

We are considering a $1/month channel membership or subscription model that gives you access to exclusive monthly content, including digital and physical editions of our Psych2Go magazine series and merch discounts.

Would you be interested in supporting us for $1/month to help fund future content? Let us know in the comments below!

Research & References:

Cahalan, S., Mitroff, S. R., Subiaul, F., & Rosenblau, G. (2025). Using the cognitive rigidity-flexibility dimension to deepen our understanding of cognitive function. Personality Neuroscience, 8, e3. https://doi.org/10.1017/pen.2025.3

Ramakrishnan, S., Robbins, T. W., & Zmigrod, L. (2022). Cognitive rigidity, habitual tendencies, and obsessive-compulsive symptoms: Individual differences and compensatory interactions. Frontiers in Psychiatry, 13, 856330. https://doi.org/10.3389/fpsyt.2022.856330

Schaie, K. W., Dutta, R., & Willis, S. L. (1991). Relationship between rigidity-flexibility and cognitive abilities in adulthood. Psychology and Aging, 6(3), 371–383. https://doi.org/10.1037/0882-7974.6.3.371

0:00 Rethinking Intelligence and Cognitive Rigidity
2:02 Eight Patterns of Cognitive Rigidity
4:05 Practical Steps to Expand Your Thinking
5:56 Beyond IQ: Redefining Human Potential","rigid thinking, psychology, intelligence, low iq signs, poor decision making, signs of low intelligence, signs of low iq",2026-09-11 22:00:26+00:00,413,46770,1063,222,,,,2.2728244601240113,0.47466324567030144,2.7474877057943123,113.24455205811138,22,Friday,False,2077,0,Long (60+ sec),1.4561684840709856,YouTube engagement-reach proxy,Low,Relationships and Social Life
BRXAMkaMzHs,YouTube,UCkJEpR7JmS36tajD34Gp4VA,Long-form,"Why You Can’t Stop Thinking About Someone

Today's video is for those with broken relationships in the past. Why is it so hard to let go of someone, even when you know the relationship is over? Sometimes it’s not just love keeping you attached. An unfinished story can keep pulling your attention back, something often associated with the Zeigarnik effect. Unpredictable moments of affection can make you crave the next rewarding interaction, while familiarity and the habits you built together can make their absence feel even harder to adjust to. In this video, we explore the psychology behind why you still feel hooked on someone and why moving on can take longer than you expect.

Today's project is brought to life by @rosielam. She's an artist from Hongkong but lives in Australia! She recently finished her post in animation and has a passion to bring life to the works of psych2go. Without her, we can't keep making amazing videos like these for you. 

However, with money issues, and costs of return for each of these videos, we hope that you can support us by sharing these videos so that we can keep hiring talents like her to make more money. You can do so by simply leaving a comment in the video to help boost the engagement on Youtube algorithm. 

Also, we have an exciting plan to test out tomorrow to see if it's a sustainable model to fix this revenue issue. Our goal is still to hit 15 million subscribers or impact. Subscribers don't mean revenue, but at least it's a sign of the lives we've impacted. 

References: 

Ghibellini, R., & Meier, B. (2025). Interruption, recall and resumption: A meta-analysis of the Zeigarnik and Ovsiankina effects. Humanities and Social Sciences Communications, 12, 962. https://doi.org/10.1057/s41599-025-05000-w

Montoya, R. M., Horton, R. S., Vevea, J. L., Citkowicz, M., & Lauber, E. A. (2017). A re-examination of the mere exposure effect: The influence of repeated exposure on recognition, familiarity, and liking. Psychological Bulletin, 143(5), 459–498. https://doi.org/10.1037/bul0000085

Zack, M., St. George, R., & Clark, L. (2020). Dopaminergic signaling of uncertainty and the aetiology of gambling addiction. Progress in Neuro-Psychopharmacology and Biological Psychiatry, 99, 109853. https://doi.org/10.1016/j.pnpbp.2019.109853","why you can't let go of someone, why you can't get over someone, psychology of breakups, breakup psychology, Zeigarnik effect, unfinished relationships, unfinished love",2026-09-09 22:47:54+00:00,361,63011,2182,493,,,,3.462887432353081,0.7824030724794083,4.24529050483249,174.54570637119113,22,Wednesday,False,2296,0,Long (60+ sec),2.971703353382743,YouTube engagement-reach proxy,Medium,Relationships and Social Life
ZOXNFs4kjAc,YouTube,UCkJEpR7JmS36tajD34Gp4VA,Long-form,"Why You’re Stronger Than You Think (Live 6-Question Quiz) | Monica Taing

'I’ve survived until now, but it's getting tougher and tougher... I don't feel strong enough to move on.' If you’ve felt this way, you may feel exhausted from enduring the burden of challenging situations. In today’s livestream, we will talk about how to bounce back from mental health challenges to help you cultivate resilience.

Monica Taing (Neuroscience Graduate @ the University of Oxford and Medical Student @ McGill University http://linkedin.com/in/monicataing) guides us through measuring our resilience score and shares practical, evidence-based strategies to cultivate resilience.

➡️ Download our free psychology worksheet: https://forms.gle/uKH61EfQJgQQMujz8
➡️ Join our Discord: http://discord.gg/EsWEvrJ

🌱  TIMESTAMPS
Introductions 0:00-6:45
What is Resilience? 6:45-9:41
The Brief Resilience Scale (Live Quiz) 9:41-16:48
Understanding Resilience Scores 16:48-19:53
Strategies to Cultivate Resilience 19:53-29:56
- Cognitive Reframing 19:53
- Problem Solving 23:36
- Cognitive Flexibility 27:48
Closing and Q&A 31:18-33:54

🌱 JOIN OUR CONVERSATION
Leave a comment during the livestream with topic ideas for the next stream - the one with the most engagement will be selected!

🌱 DISCLAIMER
This livestream is intended for psychological education and peer support. It does not provide medical services or professional counselling, and is not a substitute for care. Please speak with a healthcare professional if you’re experiencing symptoms of anxiety, depression, any other mental health condition, or an emergency. If you’re in crisis, please reach out to a local crisis line or emergency services.

#Resilience #MentalHealth #BounceBack #SelfImprovement #Recovery #GrowthMindset #Psych2Go","#Resilience, #MentalHealth, #Psych2Go, #BounceBack, #Neuroscience, #MonicaTaing, #MonicaMiranda, #BriefResilienceScale, #MentalHealthQuiz, #RecoveryScore, #EmotionalStrength, #StressManagement, #MedicalEducation, #MedEd, #MindsetShift, #MentalExhaustion, #CopingStrategies, #PsychologyFacts, #NeuroscienceOfResilience, #DigitalWellness, #OxfordNeuroscience, #TraumaRecovery, #MentalHealthSupport, #WellbeingTips, #BounceBacks, #resiliences, #resilient, how to be resilient, how to bounce back, how to be mentally strong",2026-08-31 17:59:22+00:00,2040,66239,934,173,,,,1.4100454415072692,0.26117544045048985,1.671220881957759,32.470098039215685,17,Monday,False,1781,27,Long (60+ sec),1.2032790350095863,YouTube engagement-reach proxy,Low,Burnout and Mental Pressure
TMgUp3P2S7U,YouTube,UCkJEpR7JmS36tajD34Gp4VA,Long-form,"Why is Cuteness Often Sexualize? Psychology Explained

Why are humans so obsessed with cute things? Why do plushies, cartoon characters, pastel aesthetics, and Kawaii culture make us feel comforted, emotional, and weirdly attached? In this video, we explore the psychology of cuteness, baby schema, Kawaii culture, emotional regulation, and why our brains are biologically wired to react to adorable things.

From dopamine and oxytocin to emotional safety and attachment, we break down the science behind why “cute” hits so hard and how modern culture turns that instinct into aesthetics, comfort, identity, marketing, and sometimes even something darker.

Whether you love plushies, pastel aesthetics, anime, cozy gaming, or simply want to understand why cute things feel emotionally powerful, this deep dive into psychology and culture explains the hidden science behind it all.

🚀 Join the Psych2go Community: If this video helped you feel more understood, please Like the video and Subscribe to the channel so you won't miss any upcoming mental wellness and psychology focused content 
👇 Comment below: What’s something “cute” that instantly makes your brain happy? 

References: 
Borgi, M., & Cirulli, F. (2015). Baby schema in human and animal faces induces cuteness perception and gaze allocation in children. Frontiers in Psychology, 6, 1761. doi.org/10.3389/fpsyg.2015.01761
Glocker, M. L., Langleben, D. D., Ruparel, K., Loughead, J. W., Gur, R. C., & Sachser, N. (2009). Baby schema in infant faces induces cuteness perception and motivation for caretaking in adults. Ethology, 115(3), 257–263. doi.org/10.1111/j.1439-0310.2008.01603.x
Nittono, H., Fukushima, M., Yano, A., & Moriya, H. (2012). The power of Kawaii: Viewing cute images promotes a careful behavior and narrows attentional focus. PLOS ONE, 7(9), e46362. doi.org/10.1371/journal.pone.0046362
LoBue, V., & Thrasher, C. (2015). The child’s developing emotion system: Implications for early learning. Child Development Perspectives, 9(3), 171–175. doi.org/10.1111/cdep.12128
Sherman, G. D., Haidt, J., & Coan, J. A. (2009). Viewing cute images increases behavioral carefulness. Emotion, 9(2), 282–286. doi.org/10.1037/a0014904
Steele, J. R., & Brown, J. D. (1995). Adolescent room culture: Studying media in the context of everyday life. Journal of Youth and Adolescence, 24(5), 551–576. doi.org/10.1007/BF01537056","psychology of cuteness, kawaii culture, why humans love cute things, baby schema psychology, science of cute things, kawaii psychology, why cute things make us happy, emotional attachment psychology, dopamine psychology, why plushies are comforting, neuroscience of cuteness, comfort aesthetics, emotional regulation, psychology facts, psych2go style",2026-08-21 11:40:11+00:00,384,67832,3779,930,,,,5.571116876990211,1.3710343200849158,6.942151197075126,176.64583333333334,11,Friday,False,2386,0,Long (60+ sec),5.137191885835593,YouTube engagement-reach proxy,High,Academic Pressure
4oA0vHbmrdw,YouTube,UCkJEpR7JmS36tajD34Gp4VA,Long-form,"You Want to Talk... But You Can't

If you’ve ever felt like a burden to the people around you, this video is for you. 

When you're dealing with depression, opening up can feel terrifying. The hardest part isn't always the pain itself. It's the constant exhaustion of pretending you're fine so you don't bring anyone else down. But the truth is, the people who feel most like a burden are usually the ones carrying everything entirely alone. 

This video explores the heavy cycle of silent struggle, what happens when the weight finally spills over, and how finding tiny moments of connection can change everything. 

You were never meant to carry it all by yourself. 

🌱 If you’re struggling right now, what is one small thing you can let go of today? Comment below! 

---

🎧 RESOURCES & SUPPORT (If you need someone to talk to):
* US & Canada: Call or text 988 to reach the Suicide & Crisis Lifeline, available 24/7.
* UK: Call 111 to reach the NHS mental health services, or call 116 123 for the Samaritans.
* International: Find local resources and helplines at https://findahelpline.com/

---

#MentalHealth #Depression #Animation #MentalHealthAwareness #Emotional #SelfCare #Healing","how to open up about depression, feeling like a burden, dealing with depression alone, mental health animation, emotional short film, hidden depression, loneliness and mental health, coping with depression, mental health awareness, overcoming emotional burnout",2026-08-09 13:14:55+00:00,197,87268,5589,1238,,,,6.4044094055094645,1.4186185085025438,7.82302791401201,442.98477157360406,13,Sunday,True,1188,0,Long (60+ sec),6.101961772929368,YouTube engagement-reach proxy,High,Other
adY3Z04l-yU,YouTube,UCkJEpR7JmS36tajD34Gp4VA,Long-form,"Why You Can't Figure Out What You're Feeling | Live with Monica Taing

If you don't know what you feel anymore, we see you. Watch our last related video here: https://youtu.be/2KAri3P0YE4

Emotional numbness can feel confusing and isolating, but there is often a reason behind it. In this livestream, we’ll explore the psychology of emotional numbness and how you can begin reconnecting with yourself.

Monica Taing (Neuroscience Graduate @ the University of Oxford and Medical Student @ McGill University http://linkedin.com/in/monicataing) unpacks the evidence behind emotional numbness and shares practical, evidence-based strategies to better understand your emotions and move towards feeling connected again.

➡️ Download our free psychology worksheet: https://forms.gle/uKH61EfQJgQQMujz8
➡️ Join our Discord: http://discord.gg/EsWEvrJ

🌱 TIMESTAMPS
- Introduction & Community Check-in: (0:00 - 10:21) Introduction to Monica Taing, the emotional thermometer, and the goals of the stream
- Emotional Numbness vs. Alexithymia: (10:23 - 14:23) Defining the differences between feeling muted emotions versus being unable to identify them.
- Potential Causes: (14:24 - 22:06) Exploring factors like trauma responses, depression, stress, medication, and the importance of learning emotional regulation as a skill.
- What You Are and Are Not Responsible For (20:46 - 21:15)
- What You Can Try (22:07 - 28:59) Practical exercises you can try

🌱 JOIN OUR CONVERSATION
Leave a comment during the livestream with topic ideas for the next stream - the one with the most engagement will be selected!

🌱 DISCLAIMER
This livestream is intended for psychological education and peer support. It does not provide medical services or professional counselling, and is not a substitute for care. Please speak with a healthcare professional if you’re experiencing symptoms of anxiety, depression, any other mental health condition, or an emergency. If you’re in crisis, please reach out to a local crisis line or emergency services.

#emotionalnumbness #alexithymia #mentalhealth #psychology #psych2go #therapy","alexithymia, emotional numbness, emotional numbing, emotionaless, emotional numb, emotionally numbed, alexythymia, alexithymea, alexithymias, difficulty recognising emotions, emotionally numb, emotionally numbed out, alexethymia",2026-08-08 13:12:10+00:00,2039,15682,910,186,,,,5.802831271521489,1.1860732049483484,6.9889044764698385,7.691025012260912,13,Saturday,True,2093,0,Long (60+ sec),0.34944522382349197,YouTube engagement-reach proxy,Low,Burnout and Mental Pressure
2KAri3P0YE4,YouTube,UCkJEpR7JmS36tajD34Gp4VA,Long-form,"You Don’t Know What You Feel Anymore

Sometimes the hardest part isn't knowing what to do; it's not even knowing what you feel.

This video explores the experience of feeling emotionally disconnected, overwhelmed, or simply unable to put your emotions into words. If you've ever found yourself saying ""I'm fine"" while feeling completely lost inside, I hope this gives you a quiet moment to reflect.

Thank you for watching and for giving these experiments a chance. We're always trying different styles and topics to see what resonates most with you.

Music Credit: Check out her channel: 
Oneul - https://www.youtube.com/watch?v=pbkodRYwx-E
She has many music library perfect for studying or trying to calm, all the way back to 2018 just like Psych2Go.  We really respect content creators like her who just keeps going no matter how YT has evolved. 

Further Reading (APA 7th Edition)

Lane, R. D., Quinlan, D. M., Schwartz, G. E., Walker, P. A., & Zeitlin, S. B. (1990). The Levels of Emotional Awareness Scale: A cognitive-developmental measure of emotion. Journal of Personality Assessment, 55(1–2), 124–134.

Barrett, L. F. (2017). How emotions are made: The secret life of the brain. Houghton Mifflin Harcourt.

For our own vids, we suggest taking this quiz to see if you're bottling up your emotions: https://youtu.be/QASBKMS8iY4?si=3UG1cf5s9mWA9tF1
And lastly don't forget to check out our wellness store to see what kind of special merch we have for you: https://psych2go.shop",,2026-07-29 08:39:06+00:00,293,395284,27678,3447,,,,7.002054219244898,0.8720312484188584,7.874085467663755,1349.0921501706484,8,Wednesday,False,1485,0,Long (60+ sec),7.795344612987117,YouTube engagement-reach proxy,High,Academic Pressure
9HBfpAK-jUo,YouTube,UCkJEpR7JmS36tajD34Gp4VA,Long-form,"What is Traumatic Intelligence?

Have you ever noticed that some people seem unusually good at sensing danger, reading people's emotions, or noticing subtle changes that others miss?

Sometimes, what looks like strong intuition may actually be something researchers have explored in relation to trauma. Experiences from our past can shape how our brains process the world around us. Sometimes helping us notice things others don't, while also making it harder to feel safe or fully relax.

In this video, we explore the concept of traumatic intelligence, how trauma may influence perception and awareness, and why understanding these patterns can help us better understand ourselves and others.

If this topic resonated with you, we'd love to hear your thoughts in the comments.

Disclaimer:
This video is for educational purposes only and is not intended to diagnose or replace professional mental health advice. If you're struggling, please consider speaking with a qualified mental health professional.

Subscribe for more psychology videos every week:
https://www.youtube.com/@Psych2go

References for self readings: 

van der Kolk, B. A. (2014). The body keeps the score: Brain, mind, and body in the healing of trauma. Viking.

American Psychiatric Association. (2022). Diagnostic and statistical manual of mental disorders (5th ed., text rev.; DSM-5-TR). American Psychiatric Association Publishing.

Levine, P. A. (1997). Waking the tiger: Healing trauma. North Atlantic Books.","psychology, trauma, traumatic intelligence, PTSD, CPTSD, complex trauma, hypervigilance, emotional intelligence, childhood trauma, mental health, neuroscience, trauma healing, therapy, psychology facts, self awareness, psychology explained, emotional regulation, nervous system, Psych2Go, mental wellness",2026-07-26 15:35:36+00:00,325,38350,2660,423,,,,6.936114732724902,1.1029986962190352,8.039113428943939,118.0,15,Sunday,True,1485,0,Long (60+ sec),2.8136897001303782,YouTube engagement-reach proxy,Medium,Relationships and Social Life
bA7mHsBLOQU,YouTube,UCkJEpR7JmS36tajD34Gp4VA,Long-form,"How to Break the Loop You Can't Escape | Live with Monica Taing

If you're acting on unhelpful behaviours and bad habits that keep you stuck, this video is for you. Live on Saturday, 25 July 2026, 08h15 Eastern Time.

Monica Taing http://linkedin.com/in/monicataing (Neuroscience Graduate @ the University of Oxford and Medical Student @ McGill University) unpacks the evidence about how to stop self-defeating patterns. By the end of the stream, you will learn an evidence-based skill to break the cycle. 

Download our free accompanying worksheet: https://forms.gle/uKH61EfQJgQQMujz8
Join our Discord: http://discord.gg/EsWEvrJ

🌱 JOIN OUR CONVERSATION

Leave a comment in the livestream with topic ideas for the next stream — the one with the most engagement will be selected!

🌱 DISCLAIMER

This livestream is intended for psychological education and peer support. It does not provide medical services or professional counselling, and is not a substitute for care. Please speak with a healthcare professional if you're experiencing symptoms of anxiety, any other mental health condition, or an emergency. If you're in crisis, please reach out to a local crisis line or emergency services.

#selfsabotage #mentalhealth #psych2go #therapy","self sabotage, how to self self sabotage, why do i self sabotage, stuck in a loop, breaking bad patterns, repeating the same mistakes, how to break a cycle, feeling stuck, self defeating behaviours, behavioural chain analysis, behavioural chain analyses, behavioral chain analysis, dbt, dbt skills, breaking bad habits, emotional regulation",2026-07-25 13:03:40+00:00,1824,11668,676,73,,,,5.7936235858759,0.6256427836818649,6.419266369557765,6.396929824561403,13,Saturday,True,1240,0,Long (60+ sec),0.06419266369557765,YouTube engagement-reach proxy,Low,Academic Pressure
tsDkpbAtZGE,YouTube,UCkJEpR7JmS36tajD34Gp4VA,Long-form,"Why Some People Find Certain Faces More Attractive than Other

Have you ever met someone once and remembered their face years later, while forgetting so many others?

In this video, we explore some of the psychology behind why certain faces stay with us. From facial distinctiveness to emotional memories and familiarity, our brains are constantly deciding which faces are worth remembering.

What do you think makes someone unforgettable? Let us know in the comments. We'd love to hear your thoughts and experiences.

If you'd like to support Psych2Go and help us continue creating free mental health and psychology content, check out our new shop:

https://psych2go.shop

Thank you for being part of our community.

References

Bruce, V., & Young, A. (1986). Understanding face recognition. British Journal of Psychology, 77(3), 305–327.

Kanwisher, N., McDermott, J., & Chun, M. M. (1997). The fusiform face area: A module in human extrastriate cortex specialized for face perception. Journal of Neuroscience, 17(11), 4302–4311.

Rhodes, G. (2006). The evolutionary psychology of facial beauty. Annual Review of Psychology, 57, 199–226.

Valentine, T. (1991). A unified account of the effects of distinctiveness, inversion, and race in face recognition. Quarterly Journal of Experimental Psychology, 43A(2), 161–204.",,2026-07-24 13:20:25+00:00,466,25357,1444,210,,,,5.694679970028,0.8281736798517175,6.522853649879718,54.41416309012875,13,Friday,False,1319,0,Long (60+ sec),0.8479709744843633,YouTube engagement-reach proxy,Low,Relationships and Social Life
jik2kKvNKPY,YouTube,UCkJEpR7JmS36tajD34Gp4VA,Long-form,Why You Cry At Random Times (And Can’t Explain It),,2026-07-22 21:21:57+00:00,351,40581,2998,604,,,,7.387693748305857,1.488381262167024,8.876075010472881,115.61538461538461,21,Wednesday,False,50,0,Long (60+ sec),3.72795150439861,YouTube engagement-reach proxy,Medium,Other
tCWFULp8YN8,YouTube,UCkJEpR7JmS36tajD34Gp4VA,Short,"How to Improve Your Mental Health with Psych2Go

​@Psych2go's Monica Taing discusses 3 tips to improve your mental health. 

Looking for more tips to improve your mental health? Watch our related video if you're not doing okay (linked in the description): https://www.youtube.com/watch?v=y3qlIaqlJ7A. Let us know in the comments what you think, because your feedback will shape our next videos!","improve your mental health, how to improve your mental health, how to improve your mental health now, improve your psychology, improve your mindset, improve your mental health today, mental health tips",2026-07-14 17:59:24+00:00,59,43848,1894,156,,,,4.319467250501733,0.35577449370552816,4.675241744207261,743.1864406779661,17,Tuesday,False,394,0,Medium (31-60 sec),2.290868454661558,YouTube engagement-reach proxy,Low,Other
iSupToo0e5w,YouTube,UCkJEpR7JmS36tajD34Gp4VA,Long-form,A Letter to the Person Who Wants to End It,,2026-07-13 10:16:17+00:00,237,42940,3900,1334,,,,9.082440614811365,3.1066604564508618,12.189101071262225,181.18143459915612,10,Monday,False,42,0,Long (60+ sec),5.485095482068002,YouTube engagement-reach proxy,High,Other
PMQ_LSwNr5w,YouTube,UCkJEpR7JmS36tajD34Gp4VA,Long-form,HSP and ADHD: What's the Difference?,,2026-07-12 09:12:25+00:00,418,28194,1750,239,,,,6.206994395970774,0.84769809179258,7.0546924877633534,67.44976076555024,9,Sunday,True,36,0,Long (60+ sec),1.19929772291977,YouTube engagement-reach proxy,Low,Other
dGh3oKuV0Dg,YouTube,UCkJEpR7JmS36tajD34Gp4VA,Long-form,"If you see this, Stop Scrolling...",,2026-07-10 12:17:25+00:00,161,35380,2960,555,,,,8.366308648954211,1.5686828716789145,9.934991520633126,219.75155279503105,12,Friday,False,34,0,Long (60+ sec),2.7817976257772754,YouTube engagement-reach proxy,Medium,Other
15V-OJU6-gk,YouTube,UCkJEpR7JmS36tajD34Gp4VA,Long-form,"How to Beat Sexually Intrusive Thoughts

Have you ever experienced intrusive thoughts that left you feeling ashamed, confused, or scared?

Sexually intrusive thoughts and unwanted sexual thoughts are more common than many people realize. Having these thoughts does NOT mean they reflect your desires, values, or intentions. In fact, intrusive thoughts are a common symptom experienced by many people with OCD, OCD intrusive thoughts, sexual OCD (also called Pure O), anxiety disorders, and even people without a mental health condition.

In this video, we'll explore:
• What intrusive thoughts really are
• Why sexually intrusive thoughts happen
• The connection between OCD intrusive thoughts and anxiety
• Why trying to suppress thoughts often makes them stronger
• Healthy, evidence-based ways to stop the cycle of obsessive thoughts and rumination

Remember: thoughts are just thoughts. They do not define who you are.

If intrusive thoughts are causing significant distress or interfering with your daily life, consider speaking with a licensed mental health professional who specializes in Cognitive Behavioral Therapy (CBT) or Exposure and Response Prevention (ERP), two evidence-based treatments for OCD.

If this video helped you, please consider liking, subscribing, and sharing it with someone who may benefit.

APA Sources

Abramowitz, J. S. (2006). The psychological treatment of obsessive-compulsive disorder. Canadian Journal of Psychiatry, 51(7), 407–416.

American Psychiatric Association. (2022). Diagnostic and statistical manual of mental disorders (5th ed., text rev.; DSM-5-TR). American Psychiatric Association Publishing.

Clark, D. A. (2004). Cognitive-behavioral therapy for OCD. Guilford Press.

International OCD Foundation. (n.d.). Sexual obsessions and OCD. https://iocdf.org

Rachman, S. (1997). A cognitive theory of obsessions. Behaviour Research and Therapy, 35(9), 793–802.

Salkovskis, P. M. (1985). Obsessional-compulsive problems: A cognitive-behavioural analysis. Behaviour Research and Therapy, 23(5), 571–583.","intrusive thoughts, sexually intrusive thoughts, how to stop intrusive thoughts, OCD, OCD intrusive thoughts, unwanted sexual thoughts, sexual OCD, obsessive thoughts, anxiety, mental health",2026-07-08 09:14:55+00:00,386,249604,12408,1227,,,,4.971074181503502,0.49157866059838784,5.462652842101889,646.6424870466321,9,Wednesday,False,2050,0,Long (60+ sec),5.189520199996794,YouTube engagement-reach proxy,High,Burnout and Mental Pressure
pvUwAbkgOwI,YouTube,UCkJEpR7JmS36tajD34Gp4VA,Long-form,"You're Not Lonely Because You're Alone | Live with Monica Taing

Let's talk about loneliness and why being around people doesn't always fix it. Live on Wednesday, 1 July 2026, 08h00 Eastern Time.

Monica Taing http://linkedin.com/in/monicataing (Neuroscience Graduate @ the University of Oxford and Medical Student @ McGill University) unpacks the evidence about why we can feel so disconnected (even when we're surrounded by people) and a few small, doable ways to start feeling genuinely connected again.

Watch our last livestream: https://youtube.com/live/gSEyBf7_u_w

🌱 JOIN OUR CONVERSATION

Join our Discord: http://discord.gg/EsWEvrJ
Sign up to receive free psychological resources: https://forms.gle/7MBXWfhFgrEVT2SV7
Leave a comment in the livestream with topic ideas for the next stream — the one with the most engagement will be selected!

🌱 DISCLAIMER

This livestream is intended for psychological education and peer support. It does not provide medical services or professional counselling, and is not a substitute for care. Please speak with a healthcare professional if you're experiencing symptoms of anxiety, any other mental health condition, or an emergency. If you're in crisis, please reach out to a local crisis line or emergency services.

#loneliness #mentalhealth #psych2go #therapy","loneliness, why do i feel lonely, feeling lonely, lonely even with friends, lonely around people, how to stop feeling lonely, feeling disconnected, social isolation, how to feel less lonely, loneliness and mental health, making friends as an adult, hyper independence, emotional loneliness, Monica Taing, Psych2Go, Psych2Go livestream, mental health livestream, mental health, psychology of loneliness, how to feel connected",2026-07-01 12:48:54+00:00,1822,17229,837,184,,,,4.858088107261013,1.0679668001625167,5.92605490742353,9.45609220636663,12,Wednesday,False,1309,0,Long (60+ sec),0.41482384351964713,YouTube engagement-reach proxy,Low,Academic Pressure
QuYdQH8juJ4,YouTube,UCkJEpR7JmS36tajD34Gp4VA,Long-form,"LAST VIDEO Maybe (Maladaptive DayDreaming)

Have you ever caught yourself drifting into vivid fantasy worlds for hours at a time, only to realize you've lost track of reality? While daydreaming is a normal part of being human, sometimes it can become so immersive that it starts interfering with daily life, relationships, work, or school.

In this video, we'll explore maladaptive daydreaming what it is, why it happens, common signs to look out for, and healthy ways to regain balance. If you've ever wondered whether your imagination has become an escape from overwhelming emotions, stress, loneliness, or trauma, this video may help you better understand your experiences.

Please remember that this video is created for educational purposes only and is not intended to diagnose or replace professional mental health care. If these experiences are causing significant distress or affecting your daily life, consider speaking with a licensed mental health professional.

If this video resonated with you, we'd love to hear your thoughts in the comments. Your experiences may help someone else feel a little less alone.

Further Reading

Bigelsen, J., Lehrfeld, J. M., Jopp, D. S., & Somer, E. (2016). Maladaptive daydreaming: Evidence for an under-researched mental health disorder. Consciousness and Cognition, 42, 254–266.
https://doi.org/10.1016/j.concog.2016.03.017

Somer, E. (2002). Maladaptive daydreaming: A qualitative inquiry. Journal of Contemporary Psychotherapy, 32(2–3), 197–212.
https://doi.org/10.1023/A:1020597026919

 #MaladaptiveDaydreaming #Psychology #SelfAwareness #MentalHealthAwareness",,2026-06-29 16:57:27+00:00,324,49300,4024,1251,,,,8.162271805273834,2.537525354969574,10.699797160243406,152.1604938271605,16,Monday,False,1612,0,Long (60+ sec),6.205882352941175,YouTube engagement-reach proxy,High,Relationships and Social Life
pqHERe1cfHg,YouTube,UCkJEpR7JmS36tajD34Gp4VA,Long-form,The Psychology of Healing from Betrayal and Scams,,2026-06-25 04:53:57+00:00,406,23436,1601,302,,,,6.83137054104796,1.288615804744837,8.119986345792798,57.724137931034484,4,Thursday,False,49,0,Long (60+ sec),0.8119986345792798,YouTube engagement-reach proxy,Low,Other
EMLcZ9lI6Nc,YouTube,UCkJEpR7JmS36tajD34Gp4VA,Long-form,"Why Your Country Is Making You Sick (And How to Heal)

Have you ever opened your phone for “just a minute” and somehow ended up feeling anxious, angry, emotionally drained, or completely overwhelmed by the state of the world? If so, you’re not alone. Constant exposure to bad news, online conflict, political stress, social media outrage, and other people’s pain can take a serious toll on your mental health. For some people, it can even lead to symptoms of vicarious trauma, collective distress, doomscrolling-related anxiety, emotional burnout, hypervigilance, sleep problems, or feeling stuck in fight-or-flight mode.

In this Psych2Go video, we explore why world events, political conflict, social media negativity, and nonstop news exposure can feel so psychologically heavy, especially if you already struggle with anxiety, trauma, emotional overwhelm, or a dysregulated nervous system. We’ll also talk about the mental health effects of doomscrolling, the connection between media exposure and stress, and how to set healthier boundaries with distressing content without losing your empathy or compassion.

If you’ve been feeling exhausted by the news, overwhelmed by online arguments, emotionally affected by global events, or mentally drained by everything happening around you lately, this video is for you.

Further Readings: 

American Psychiatric Association. (2022). Diagnostic and statistical manual of mental disorders (5th ed., text rev.). American Psychiatric Association Publishing.

Bendau, A., Petzold, M. B., Pyrkosch, L., Maricic, L. M., Betzler, F., Rogoll, J., Große, J., Ströhle, A., & Plag, J. (2021). Associations between COVID-19 related media consumption and symptoms of anxiety, depression and COVID-19 related fear in the general population in Germany. European Archives of Psychiatry and Clinical Neuroscience, 271, 283–291. https://doi.org/10.1007/s00406-020-01171-6

Holman, E. A., Garfin, D. R., Lubens, P., & Silver, R. C. (2020). Media exposure to collective trauma, mental health, and functioning: Does it matter what you see? Clinical Psychological Science, 8(1), 111–124. https://doi.org/10.1177/2167702619858300

Relihan, D. P., Jones, N. M., Holman, E. A., & Silver, R. C. (2023). Shared social identity and media transmission of trauma. Scientific Reports, 13, 11609. https://doi.org/10.1038/s41598-023-33898-2

Smith, K. B., Hibbing, M. V., & Hibbing, J. R. (2019). Friends, relatives, sanity, and health: The costs of politics. PLOS ONE, 14(9), e0221870. https://doi.org/10.1371/journal.pone.0221870",,2026-06-23 11:00:39+00:00,358,28831,2253,411,,,,7.814505220075612,1.4255488883493463,9.24005410842496,80.53351955307262,11,Tuesday,False,2546,0,Long (60+ sec),1.7556102806007425,YouTube engagement-reach proxy,Low,Burnout and Mental Pressure
v7XQCKs-kuE,YouTube,UCkJEpR7JmS36tajD34Gp4VA,Long-form,"Why Smart People Struggle To Find Love in Today’s World

Animator: Jacqueline",,2026-06-17 03:15:41+00:00,325,45370,2551,534,,,,5.622658144148115,1.176989199911836,6.799647344059951,139.6,3,Wednesday,False,77,0,Long (60+ sec),3.535816618911175,YouTube engagement-reach proxy,Medium,Relationships and Social Life
N5u5Y-bGJ1o,YouTube,UCkJEpR7JmS36tajD34Gp4VA,Long-form,What Type of Intelligence Do You Have?,,2026-06-17 01:17:59+00:00,61,50300,3250,207,,,,6.461232604373758,0.411530815109344,6.872763419483101,824.5901639344262,1,Wednesday,False,38,0,Long (60+ sec),4.12365805168986,YouTube engagement-reach proxy,Medium,Other
J1vgGsonh0U,YouTube,UCkJEpR7JmS36tajD34Gp4VA,Long-form,"How to Be a Better Person (Without Hating Yourself in the Process)

Check out our self guided mediation: https://www.youtube.com/playlist?list=PLD4cyJhQaFwXJcL1xBloJrp8eKWYp_uYU",,2026-06-14 17:21:56+00:00,346,36405,2635,329,,,,7.2380167559401185,0.9037220162065651,8.141738772146683,105.21676300578035,17,Sunday,True,177,0,Long (60+ sec),2.442521631644005,YouTube engagement-reach proxy,Medium,Other
aUTxeBEmBZE,YouTube,UCkJEpR7JmS36tajD34Gp4VA,Long-form,You’re Not Lazy… Your Brain Is Escaping Something,,2026-06-13 22:26:04+00:00,279,46784,4043,426,,,,8.641843365253079,0.9105677154582763,9.552411080711353,167.68458781362008,22,Saturday,True,49,0,Long (60+ sec),5.158301983584131,YouTube engagement-reach proxy,High,Other
fjLQhIqWBSQ,YouTube,UCkJEpR7JmS36tajD34Gp4VA,Long-form,"Do you Feel Lonely Tonight? We Are Here To Help

If you feel like the world is becoming more disconnected, and lonelier, then this video is for you. We share some tips on how to deal with loneliness in today's world, and what we can do to make the world a less lonelier place for everyone. 

──────────────────────────────
🤝 Collaboration with DevAnna - https://youtu.be/kW-YS2cg0R8?si=vo0shy5SAOJTeSuc
@itsdevanna 
──────────────────────────────

This video is a collaboration with DevAnna. Make sure to check them out!

Want to collaborate with us? We'd love to hear from you! Drop us a message and let's connect. Tu@psych2go.net

──────────────────────────────

If this video resonates with you, share it with someone who might need it. You never know who's silently going through the same thing.

#Loneliness #ModernWorld #MentalHealth #Connection #Community #","loneliness, modern loneliness",2026-06-12 08:27:51+00:00,223,26902,1940,275,,,,7.211359750204446,1.0222288305702179,8.233588580774663,120.63677130044843,8,Friday,False,864,0,Long (60+ sec),1.317374172923946,YouTube engagement-reach proxy,Low,Relationships and Social Life
95SKdlqIEQ4,YouTube,UCkJEpR7JmS36tajD34Gp4VA,Long-form,"10 Traits Of People Who Had To Grow Up Too Fast (Even If You Don't Think You Had)

Many people grow up believing that only those who experienced obvious trauma, abuse, neglect, or hardship can carry emotional wounds into adulthood. But human experiences are often more complicated than that. Sometimes people develop certain coping mechanisms, fears, insecurities, or patterns even when their childhood appeared normal from the outside.

This video isn't meant to diagnose anyone or suggest that every difficult trait comes from trauma. Instead, we wanted to explore the idea that emotional struggles don't always need a dramatic origin story to be valid. Sometimes loneliness, emotional disconnection, pressure, sensitivity, or unmet emotional needs can leave lasting effects that are difficult to recognize.

We believe conversations like these are important because they help create space for people who often feel like their experiences ""don't count"" or that they shouldn't seek support because others have had it worse.

If this video resonated with you, we hope you'll consider sharing it with someone who may need to hear this message too. Every share helps the algorithm introduce these conversations to more people who might be quietly struggling with similar feelings.

And as always, we'd love to hear from you.

What topics would you like us to cover next? Have you ever felt affected by experiences that were difficult to explain or understand? Let us know in the comments below.

Take care, and thank you for being part of the Psych2Go community.

We recommend the following if you want to read more about them: 

Kumari, V. (2020). Emotional abuse and neglect: Time to focus on prevention and mental health consequences. The British Journal of Psychiatry, 217(5), 597–599. https://doi.org/10.1192/bjp.2020.140

This paper discusses how emotional neglect is one of the most common forms of childhood maltreatment and is associated with a variety of mental health challenges later in life.

Cohen, J. R., et al. (2017).
Cohen, J. R., Menon, S. V., Shorey, R. C., Le, V. D., & Temple, J. R. (2017). The distal consequences of physical and emotional neglect in emerging adults: A person-centered, multi-wave, longitudinal study. Child Abuse & Neglect, 63, 151–161.

This study examines how emotional neglect is linked to anxiety, depression, and emotional distress later in life.

Daníelsdóttir, H. B., et al. (2024).
Daníelsdóttir, H. B., et al. (2024). Adverse childhood experiences and adult mental health outcomes: A nationwide cohort study. JAMA Network Open, 7(3).

This large-scale study found that adverse childhood experiences are associated with increased risks of psychiatric difficulties in adulthood.

We also recommend checking out this playlist of ours to understand the dynamics that go on for those with difficult upbringings or trauma related environments or situations: 
https://www.youtube.com/watch?v=41-dra66Y0o&list=PLD4cyJhQaFwWVbX79xFMbA9SeUSqRpVWx","childhood trauma, hyper independence, inner child healing",2026-06-11 12:07:44+00:00,272,37409,2713,326,,,,7.252265497607528,0.8714480472613542,8.123713544868883,137.53308823529412,12,Thursday,False,2984,0,Long (60+ sec),2.6808254698067313,YouTube engagement-reach proxy,Medium,Burnout and Mental Pressure
nBvx4IjhPdQ,YouTube,UCkJEpR7JmS36tajD34Gp4VA,Long-form,"If You Feel Like a Bad Person, Watch This

Have you ever replayed a mistake in your head so many times that you started believing it defines who you are? Maybe you've hurt someone. Maybe you've made choices you're not proud of. Or maybe you're carrying guilt, shame, and regret from things you wish you could take back.

If that's where you are right now, this video is for you.

Being human means making mistakes. It means falling short of the person we want to be sometimes. But one mistake, one bad day, or even one chapter of your life does not determine your worth as a person.

In this video, we'll explore why so many of us struggle with self-forgiveness, how shame can distort the way we see ourselves, and what it really means to grow from our mistakes rather than be defined by them.

If you've been feeling stuck in self-blame, we hope this video reminds you that healing is possible—and that you deserve the same compassion you would offer someone you care about.

What is one mistake you've learned from that helped you become a better version of yourself? Share your thoughts in the comments below. Your story might help someone else feel a little less alone.

References for further reading:

Neff, K. D. (2023). Self-compassion: The proven power of being kind to yourself (Updated ed.). William Morrow.

Tangney, J. P., Stuewig, J., & Mashek, D. J. (2007). Moral emotions and moral behavior. Annual Review of Psychology, 58, 345–372. https://doi.org/10.1146/annurev.psych.56.091103.070145

#MentalHealth #SelfCompassion #Psychology #Healing #PersonalGrowth #Psych2Go",,2026-06-10 01:54:26+00:00,345,44280,3491,460,,,,7.883920505871725,1.038843721770551,8.922764227642277,128.34782608695653,1,Wednesday,False,1582,0,Long (60+ sec),4.461382113821139,YouTube engagement-reach proxy,High,Other
b0wkglxN-d8,YouTube,UCkJEpR7JmS36tajD34Gp4VA,Long-form,"If You Can't Cry Easily, This Says A Lot About You

Have you ever experienced a deep emotional weight or a lump in your throat, yet found yourself completely unable to shed a tear? This video dives into the psychology behind emotional numbness, exploring how your body might temporarily block your ability to cry as a protective mechanism. Understanding that a lack of tears is not a measure of your emotional strength is an essential first step toward self-awareness and healing.

Further readings: 

On Emotional Numbing:

Duek, O., Seidemann, R., Pietrzak, R. H., & Harpaz-Rotem, I. (2022). Distinguishing emotional numbing symptoms of posttraumatic stress disorder from major depressive disorder. Journal of Affective Disorders, 324, 294-299. Semantic Scholar Source

On the Psychology and Function of Crying:

American Psychological Association. (2014). Why we cry. Monitor on Psychology, 45(2), 46. APA Official Source

Sugggested videos: 

Emotional Numbness: https://youtu.be/1FqGH7xZlhA?si=4Gns2NGpLowq6H-x
Guided Meditation: https://www.youtube.com/watch?v=t3GcpbXaKQI&list=PLD4cyJhQaFwXJcL1xBloJrp8eKWYp_uYU",,2026-06-08 07:43:13+00:00,309,125531,7017,969,,,,5.589854298938111,0.7719208801013295,6.36177517903944,406.24919093851133,7,Monday,False,1118,0,Long (60+ sec),5.534744405764313,YouTube engagement-reach proxy,High,Burnout and Mental Pressure
02bauxUk_Z0,YouTube,UCkJEpR7JmS36tajD34Gp4VA,Long-form,"Growing Up Without Enough Love Says A Lot About Who You Are Today

Did you grow up feeling unseen, unwanted, or emotionally neglected? Not every childhood wound leaves a visible scar. Sometimes, the effects follow us into adulthood—shaping our self-esteem, relationships, boundaries, and even the way we see ourselves.

In this video, we'll explore some of the lasting psychological effects of growing up without feeling truly loved, emotionally supported, or accepted. If you've ever struggled with people-pleasing, fear of abandonment, difficulty trusting others, or feeling like you're never ""good enough,"" this video may help you better understand where those feelings come from.

Remember, understanding your past isn't about blaming anyone. It's about giving yourself the compassion and awareness needed to heal and move forward.

Which part of this video resonated with you the most? We'd love to hear your thoughts in the comments below.

If you found this video helpful, consider subscribing for more psychology-based content that helps you better understand yourself and others.

#Psych2Go #ChildhoodTrauma #EmotionalNeglect #MentalHealth #Healing #SelfWorth #Psychology #InnerChild #Relationships #selfgrowth 

Kumari, V. (2020). Emotional abuse and neglect: Time to focus on prevention and mental health consequences. BJPsych Bulletin, 44(6), 247–250. https://doi.org/10.1192/bjb.2020.78

Doyle, C., & Cicchetti, D. (2017). The effect of adverse caregiving environments on attachment and relationships throughout the lifespan. Current Opinion in Psychology, 15, 111–117. https://doi.org/10.1016/j.copsyc.2017.03.006

Pereira, A., & Matos, M. (2021). The impact of childhood abuse on adult self-esteem and emotional regulation. Journal of Adult Development, 28(4), 278–289.",,2026-06-07 07:34:01+00:00,344,34083,2845,403,,,,8.347269899950122,1.1824076519085762,9.529677551858699,99.07848837209302,7,Sunday,True,1784,0,Long (60+ sec),2.4777161634832616,YouTube engagement-reach proxy,Medium,Relationships and Social Life
gSEyBf7_u_w,YouTube,UCkJEpR7JmS36tajD34Gp4VA,Long-form,"Why You Isolate When You're Hurting And What Actually Helps (with Psych2Go's Monica Taing)

To everyone who's been quietly struggling, this one's for you. You aren't alone, and you don't have to feel better to act differently.

Monica Taing http://linkedin.com/in/monicataing (Neuroscience Graduate @ the University of Oxford and Medical Student @ McGill University) walks through a framework for approaching difficult situations with a skill from Dialectical Behavioural Therapy (DBT).

Watch our last livestream on how to stop overthinking: https://youtube.com/live/Oy_0-5vM4g4

🌱 JOIN OUR CONVERSATION
1. Join our Discord: http://discord.gg/EsWEvrJ
2. Sign up to receive our FREE opposite action worksheet: https://forms.gle/5cQzZ8tQSmZftJEy5
3. Leave a comment in the livestream with topic ideas for the next stream because the one with the most engagement will be selected!

🌱 DISCLAIMER
This livestream is intended for psychological education and peer support. It does not provide medical services or professional counselling, and is not a substitute for care. Please speak with a healthcare professional if you're experiencing symptoms of anxiety, any other mental health condition, or an emergency.

#mentalhealth #therapy #therapytools #cbt #psych2go","overwhelmed, dealing with challenges, dealing with overwhelm, overwhelming, dealing with challenge, feeling overwhemed, feeling stuck, how to be unstuck, overwhelm, feeling tired, challenging emotions, difficult times",2026-06-06 12:43:19+00:00,1766,14623,930,136,,,,6.359844081241879,0.9300417151063393,7.289885796348218,8.280294450736127,12,Saturday,True,1259,0,Long (60+ sec),0.21869657389044656,YouTube engagement-reach proxy,Low,Academic Pressure
UrSBgrSa6pw,YouTube,UCkJEpR7JmS36tajD34Gp4VA,Long-form,"8 Daily Habits That Help Heal Trauma Responses

Are you really healing... or have you just gotten better at avoiding people? Sometimes what looks like growth on the outside can actually be emotional withdrawal on the inside. After being hurt, betrayed, rejected, or disappointed, it's natural to pull away from others to protect yourself. But over time, self-protection can quietly turn into self-isolation.

In this video, we'll explore the difference between healthy boundaries and emotional barricades, why numbness can masquerade as peace, how self-care can become a performance, and why seeing everyone as a threat may be keeping you stuck in survival mode rather than helping you heal.

If you've ever wondered why you feel lonely despite doing ""all the right things,"" this video may help you understand what's really happening beneath the surface.

💙 WATCH NEXT RELATED VIDEOS

▶️ Signs You're Emotionally Exhausted https://youtu.be/8yVFNnlGYjM
▶️ Hidden Signs of Childhood Trauma https://youtu.be/xQoQdBIVTZ4
▶️ Fear of Abandonment Explained https://youtu.be/h1wmL_VOH6Y
▶️ Why Loneliness Changes Your Brain https://youtu.be/y3gxDIb-Skw

📚 FURTHER READING (APA STYLE)

American Psychological Association. (2023). Building your resilience. APA. www.apa.org/topics/resilience
Bowlby, J. (1988). A secure base: Parent-child attachment and healthy human development. Basic Books.
Brown, B. (2012). Daring greatly: How the courage to be vulnerable transforms the way we live, love, parent, and lead. Gotham Books.
Gilbert, P. (2010). Compassion focused therapy: Distinctive features. Routledge.
Herman, J. L. (2015). Trauma and recovery: The aftermath of violence—from domestic abuse to political terror. Basic Books.
Levine, A., & Heller, R. (2012). Attached: The new science of adult attachment and how it can help you find—and keep—love. TarcherPerigee.
Linehan, M. M. (2015). DBT skills training manual (2nd ed.). Guilford Press.
Neff, K. D. (2011). Self-compassion: The proven power of being kind to yourself. William Morrow.
Porges, S. W. (2011). The polyvagal theory: Neurophysiological foundations of emotions, attachment, communication, and self-regulation. W. W. Norton & Company.
van der Kolk, B. A. (2015). The body keeps the score: Brain, mind, and body in the healing of trauma. Penguin Books.

💬 Have you ever confused healing with isolation?

Share your thoughts in the comments. Your experience might help someone else feel less alone.

If this video resonated with you, please like, subscribe, and share it with someone who may need to hear this today.",,2026-06-06 07:30:46+00:00,528,43575,2976,214,,,,6.82960413080895,0.4911072862880092,7.320711417096959,82.5284090909091,7,Saturday,True,2573,0,Long (60+ sec),3.367527251864601,YouTube engagement-reach proxy,Medium,Relationships and Social Life
4o5KV-iGqm8,YouTube,UCkJEpR7JmS36tajD34Gp4VA,Long-form,"Fun Self Quiz To Find Out What Your Dominant Intelligence Type Is

Ever felt like you weren't ""smart enough"" just because you struggled with a specific school subject or test? Society often treats good grades and test scores as the only real measure of intelligence. But the truth is, intelligence isn't a one-size-fits-all situation—it exists on a beautiful, diverse spectrum!

In today’s video, we explore psychologist Howard Gardner’s groundbreaking Theory of Multiple Intelligences, which suggests humans possess at least eight distinct types of intelligence. Grab your favorite cozy beverage, a pen, and a piece of paper, and join us for this fun, self-reflective quiz to discover where your unique strengths lie!

Are you a deep-thinking logical analyzer, an emotionally intuitive people-person, a vivid creative soul, or a hands-on experiential learner? Let's find out!

#Psych2Go #Psychology #MultipleIntelligences #Quiz


Psych2Go Credits
Voice Over: Amanda Silvera
Writer/Editor: Michelle Rivas
Animator: John Gabriel Martinez
Project Manager: Michelle Rivas
YouTube Manager: Cindy Cheong


0:00 - Rethinking What it Means to be ""Smart""
1:11 - Howard Gardner's Theory of Multiple Intelligences
1:48 - The Quiz Begins! (Questions 1-10)
5:25 - Mostly A's: Logical or Intrapersonal Intelligence
6:23 - Mostly B's: Interpersonal Intelligence
7:19 - Mostly C's: Creative / Artistic Intelligence
8:12 - Mostly D's: Bodily / Experiential Intelligence
9:11 - Emphasizing Your Unique Strengths


Gardner, H. (1983). Frames of mind: The theory of multiple intelligences. Basic Books.

This video challenges the traditional view of intelligence, exploring various forms beyond just academic success. We dive deep into the fascinating world of human psychology and cognitive psychology, presenting Howard Gardner's Multiple Intelligence Theory through engaging questions and scenarios. Discover how different personal strengths manifest and how individuals truly express themselves, making learning an inclusive experience.","Intelligence, Mental health, psychology, quiz, facts, social psychology, IQ, Fun facts, education, human psychology, cognitive psychology, educational content, learning",2026-06-05 20:08:07+00:00,593,116048,5080,948,,,,4.377498965945127,0.8169033503377913,5.194402316282917,195.6964586846543,20,Friday,False,2021,0,Long (60+ sec),4.467185992003309,YouTube engagement-reach proxy,High,Academic Pressure
TVwtwdeYP7A,YouTube,UCkJEpR7JmS36tajD34Gp4VA,Long-form,"The Unspoken Rules of Loving Others (As a Trauma Survivor)

Have you ever pushed someone away even though you cared about them? A while ago, we made a video called ""How to Love Someone with Trauma,"" which focused on understanding and supporting a loved one with a difficult past. But after reading thousands of comments, we noticed many of you were asking a different question:

""What if I'm the one with trauma?""

Why does love feel uncomfortable when it's healthy? Why do you pull away when someone gets too close? Why can trust feel so difficult, even when someone has done nothing wrong?

In this video, we explore some of the unspoken experiences many trauma survivors face when trying to navigate love, connection, trust, and vulnerability.

Watch our previous video:
How to Love Someone with Trauma:
https://youtu.be/6nuBQh5LVX0

If this video resonates with you, we'd love to hear your story.

What's something about loving others after trauma that you wish more people understood?

#psychology #mentalhealth #trauma 

Further Reading & References

American Psychiatric Association. (2022). Diagnostic and Statistical Manual of Mental Disorders (5th ed., text rev.; DSM-5-TR). American Psychiatric Publishing.

Bowlby, J. (1988). A Secure Base: Parent-Child Attachment and Healthy Human Development. Basic Books.

Mikulincer, M., & Shaver, P. R. (2016). Attachment in Adulthood: Structure, Dynamics, and Change (2nd ed.). Guilford Press.

van der Kolk, B. A. (2014). The Body Keeps the Score: Brain, Mind, and Body in the Healing of Trauma. Viking.

Herman, J. L. (2022). Trauma and Recovery: The Aftermath of Violence—From Domestic Abuse to Political Terror (Revised ed.). Basic Books.

Cloitre, M., Cohen, L. R., & Koenen, K. C. (2019). Treating Survivors of Childhood Abuse: Psychotherapy for the Interrupted Life. Guilford Press.

If you believe you may be struggling with trauma-related symptoms, consider reaching out to a licensed mental health professional for support.",,2026-06-04 10:37:51+00:00,475,39921,2870,394,,,,7.189198667368052,0.9869492247188197,8.17614789208687,84.0442105263158,10,Thursday,False,1985,0,Long (60+ sec),3.1886976779138796,YouTube engagement-reach proxy,Medium,Relationships and Social Life
OgYxuCSjwGo,YouTube,UCkJEpR7JmS36tajD34Gp4VA,Long-form,"Weird Habits That Reveal High Intelligence

Do you have some ""weird"" habits that make you wonder if you’re a bit odd? As it turns out, being ""normal"" isn't the only benchmark for being smart. Many of history’s most brilliant minds were known for their quirks. In this video, we explore the psychology behind behaviors that might seem strange on the surface but are actually indicators of a sharp, creative, and highly intelligent mind.

Related Videos to Watch Next:

6 Signs You’re So Intelligent It Intimidates Others. - https://youtu.be/ban7PimYyn4?si=9-gqxePQHVbD84zN
8 Struggles of Being a Highly Intelligent Person - https://youtu.be/BN3KT7IERSw?si=cgUVkYPkSry4ofJo

You might have noticed that we had a very similar project to this released previously: https://www.youtube.com/watch?v=dIIxtmhW69E (Animated by another team member). If so, we're glad that you watched it already. Sometimes, projects get assigned to multiple animators as part of internal data testing, to see if animators affects the viewerships. At other times, cause our animators request the projects. 

APA Sources for further self directed readings: 

On Self-Directed Speech: Winsler, A., & Naglieri, J. (2003). Overt and covert self-talk in high-performing and low-performing children. Early Childhood Research Quarterly, 18(4), 459–487. https://doi.org/10.1016/j.ecresq.2003.09.006

On Openness to Experience & Curiosity: Kaufman, S. B. (2013). The real science of creative intelligence. Scientific American. https://www.scientificamerican.com/article/the-real-science-of-creative-intelligence/ McCrae, R. R. (1987). Creativity, wild fantasies, and openness to experience. Journal of Personality and Social Psychology, 52(6), 1258–1265. https://doi.org/10.1037/0022-3514.52.6.1258

On Incubation & Unconscious Problem Solving: Sio, U. N., & Ormerod, T. C. (2009). Does incubation enhance problem solving? A meta-analytic review. Psychological Bulletin, 135(1), 94–120. https://doi.org/10.1037/a0014212

On Intrapersonal Intelligence & Solitude: Gardner, H. (2011). Frames of mind: The theory of multiple intelligences. Basic Books. (Original work published 1983).

On Intelligence and Social Isolation: Kanazawa, S., & Li, N. P. (2016). Happiness, population density, and adults with high intelligence. British Journal of Psychology, 107(4), 675–695. https://doi.org/10.1111/bjop.12181

Philosophical Reference: Plato. (2007). The Republic (D. Lee, Trans.; 2nd ed.). Penguin Classics. (Original work published ca. 375 B.C.E.).",,2026-06-02 04:09:39+00:00,398,38779,2619,398,,,,6.753655328915134,1.0263286830501044,7.779984011965239,97.43467336683418,4,Tuesday,False,2507,0,Long (60+ sec),2.8785940844271387,YouTube engagement-reach proxy,Medium,Career and Job Anxiety
iHVXt9pcEWA,YouTube,UCkJEpR7JmS36tajD34Gp4VA,Long-form,"How Too Much Self Awareness Leads to a Lower Quality of Life

We're often told that self awareness is the key to everything, from better relationships to a happier life. But what happens when this crucial personal growth tool becomes a prison, turning the inner observer into an inner critic? This video explores the nuanced differences in self reflection, diving into cognitive psychology and metacognitive awareness to help you understand when overthinking becomes a limiting factor. #selfawareness #overthinking #mentalhealth 

We recommend checking out the following meditation playlist: https://www.youtube.com/watch?v=t3GcpbXaKQI&list=PLD4cyJhQaFwXJcL1xBloJrp8eKWYp_uYU

Further Reading:

• Morin, A. (2011). Self-Awareness Part 1: Definition, Measures, Effects, Functions, and Antecedents.
• Silvia, P. J., & Duval, T. S. (2001). Objective Self-Awareness Theory.
• Trapnell, P. D., & Campbell, J. D. (1999). Private Self-Consciousness and the Five-Factor Model of Personality.
• Nolen-Hoeksema, S. (2000). The Role of Rumination in Depressive Disorders and Mixed Anxiety/Depressive Symptoms.
• Grant, A. M., Franklin, J., & Langford, P. (2002). The Self-Reflection and Insight Scale.


Timestamps 
0). Healthy metacognition 0:48
1). Analysis paralysis 1:26
2). Emotional detachment 1:51
3). The ' fixing ' mindset 2:20
4). Strategy 1: Move form analysis to sensation 3:37
5). Strategy 2: Embrace "" good enough "" 4:04
6). Strategy 3: Connect, don't just observe 4:37","self awareness, overthinking, metacognitive awareness, self reflection, cognitive psychology",2026-06-01 08:11:34+00:00,367,43749,3475,398,,,,7.943038698027384,0.9097350796589637,8.852773777686346,119.20708446866485,8,Monday,False,1472,0,Long (60+ sec),4.249331413289446,YouTube engagement-reach proxy,High,Relationships and Social Life
D5YK_vxVxG4,YouTube,UCkJEpR7JmS36tajD34Gp4VA,Long-form,"Signs It's Platonic Feelings, Not Love

Do you have a crush on your best friend… or are you just really close? In this video, we break down the biggest signs that separate platonic love from romantic feelings. From jealousy tests to future daydreams, discover how to tell if your connection is friendship, attraction, or something deeper. If you’ve ever caught yourself overthinking a text message from your best friend, this video is for you.

Whether you're confused about your feelings, stuck in the “what are we?” phase, or trying not to ruin a friendship, these psychology-backed insights can help you understand your emotions better.

Which sign hit the hardest for you? Let us know in the comments below.

Credits:
Voiced by: @amandasilvera 
Animated by: Mei Yamazuki & Darkboy Animation (Rito) @inactivestudio

References: 
Berscheid, E., & Walster, E. H. (1978). Interpersonal attraction (2nd ed.). Addison-Wesley.
Fehr, B. (1996). Friendship processes. Sage Publications.
Hatfield, E., & Rapson, R. L. (1993). Love, sex, and intimacy: Their psychology, biology, and history. HarperCollins College Publishers.
Hendrick, C., & Hendrick, S. S. (2003). Liking, loving, and relating (2nd ed.). Brooks/Cole.
Le, B., Dove, N. L., Agnew, C. R., Korn, M. S., & Mutso, A. A. (2010). Predicting nonmarital romantic relationship dissolution: A meta-analytic synthesis. Personal Relationships, 17(3), 377–390. doi.org/10.1111/j.1475-6811.2010.01285.x
Rawlins, W. K. (1992). Friendship matters: Communication, dialectics, and the life course. Aldine de Gruyter.
Sharpsteen, D. J., & Kirkpatrick, L. A. (1997). Romantic jealousy and adult romantic attachment. Journal of Personality and Social Psychology, 72(3), 627–640. doi.org/10.1037/0022-3514.72.3.627
Sternberg, R. J. (1986). A triangular theory of love. Psychological Review, 93(2), 119–135. doi.org/10.1037/0033-295X.93.2.119
Sternberg, R. J. (1997). Construct validation of a triangular love scale. European Journal of Social Psychology, 27(3), 313–335. doi.org/10.1002/SICI10990992199705273%3C313AIDEJSP824%3E3.0.CO2-4
Weiss, R. S. (1974). The provisions of social relationships. In Z. Rubin (Ed.), Doing unto others (pp. 17–26). Prentice Hall.",,2026-05-25 21:26:08+00:00,291,77793,3940,690,,,,5.06472304706079,0.886969264586788,5.9516923116475775,267.3298969072165,21,Monday,False,2199,0,Long (60+ sec),4.5232861568521585,YouTube engagement-reach proxy,High,Relationships and Social Life
3m0v0ZvxOMg,YouTube,UCkJEpR7JmS36tajD34Gp4VA,Long-form,"The Psychology of People Who Are Always Calm (Beautifully Animated)

A lot of people misunderstand calmness as “not caring,” when in reality, some of the calmest people are carrying battles most others never see. In this video, we explore the psychology and philosophy behind people who stay composed under pressure; including emotional regulation, Stoicism, trauma responses, self-control, overthinking, and the hidden habits that help certain people remain steady even in chaos. If you’ve ever wondered why some people rarely react emotionally, avoid drama, or seem mentally unshaken by life, this video may help you better understand them… and maybe even yourself.

Animated by @ProdeepArts 
Voiced by: @amandasilvera 

We also touch on concepts inspired by Stoicism, mindfulness, emotional resilience, psychology, and modern mental health research. Whether you’re trying to become calmer, heal emotionally, stop overreacting, or understand someone emotionally distant or composed, we hope this video gives you insight, comfort, and something meaningful to reflect on.

What do you think truly makes someone calm? Is it personality, life experience, emotional maturity… or something else entirely?

#psychology #stoicism 

Further Reading / References (APA Style)

Gross, J. J. (1998). The emerging field of emotion regulation: An integrative review. Review of General Psychology, 2(3), 271–299.

Robertson, D. (2019). How to think like a Roman emperor: The Stoic philosophy of Marcus Aurelius. St. Martin’s Press.

Holiday, R., & Hanselman, S. (2016). The daily stoic: 366 meditations on wisdom, perseverance, and the art of living. Portfolio.

Pigliucci, M. (2017). How to be a Stoic: Using ancient philosophy to live a modern life. Basic Books.

Marcus Aurelius. (2002). Meditations (G. Hays, Trans.). Modern Library. (Original work published ca. 180 CE)

Ryan, R. M., & Deci, E. L. (2000). Self-determination theory and the facilitation of intrinsic motivation, social development, and well-being. American Psychologist, 55(1), 68–78.

Kabat-Zinn, J. (2003). Mindfulness-based interventions in context: Past, present, and future. Clinical Psychology: Science and Practice, 10(2), 144–156.

Neff, K. D. (2003). Self-compassion: An alternative conceptualization of a healthy attitude toward oneself. Self and Identity, 2(2), 85–101.

Seligman, M. E. P. (2011). Flourish: A visionary new understanding of happiness and well-being. Free Press.

Levenson, R. W. (1994). Human emotion: A functional view. In P. Ekman & R. J. Davidson (Eds.), The nature of emotion: Fundamental questions (pp. 123–126). Oxford University Press.",,2026-05-24 13:22:07+00:00,440,28896,1931,304,,,,6.682585825027686,1.052048726467331,7.7346345514950166,65.67272727272727,13,Sunday,True,2627,0,Long (60+ sec),1.5469269102990033,YouTube engagement-reach proxy,Low,Career and Job Anxiety
Oy_0-5vM4g4,YouTube,UCkJEpR7JmS36tajD34Gp4VA,Long-form,"Why You Can't Stop Overthinking (with Psych2Go's Monica Taing) LIVESTREAM

You already know you're overthinking. So why won't it stop?

Monica Taing http://linkedin.com/in/monicataing (Neuroscience Graduate @ the University of Oxford's Department of Psychiatry and Medical Student @ McGill University) walks through an evidence-based 3-step framework for breaking the overthinking loop, drawn from Acceptance and Commitment Therapy (ACT) and Mindfulness Based Cognitive Therapy principles.

Watch our last livestream on how to manage anxiety spirals: https://www.youtube.com/watch?v=IJ1uIOLBEcA

🌱 JOIN OUR CONVERSATION
1. Join our Discord: http://discord.gg/EsWEvrJ
2. Build our mental wellness app with us: https://forms.gle/LUSQPYg4Z6ECZ2168
3. Leave a comment in the livestream with topic ideas for the next stream because the one with the most engagement will be selected!

🌱 DISCLAIMER
This livestream is intended for psychological education and peer support. It does not provide medical services or professional counselling, and is not a substitute for care. Please speak with a healthcare professional if you're experiencing symptoms of anxiety, any other mental health condition, or an emergency.

#overthinking #anxiety #mentalhealth #psych2go","overthinking, overthinker, overthink, anxiety, ruminate, rumination, ruminating, anxiety spirals, anxious, overthinks, psych2go",2026-05-23 12:46:07+00:00,2008,16255,806,128,,,,4.958474315595201,0.7874500153798831,5.745924330975084,8.09511952191235,12,Saturday,True,1253,0,Long (60+ sec),0.34475545985850503,YouTube engagement-reach proxy,Low,Academic Pressure
UPJhXRp9dKE,YouTube,UCkJEpR7JmS36tajD34Gp4VA,Long-form,"This Was Never Supposed To Happen To Psych2Go

Hey everyone, we wanted to talk openly for a moment.

Over the last 8 years, Psych2Go has tried to build more than just a YouTube channel. We wanted this to feel like a safe corner of the internet. A place where people could admit they were struggling, cry if they needed to, ask questions they were too scared to ask elsewhere, or simply feel understood for a few minutes.

But lately… some of our community members have been getting harassed for being vulnerable in the comments. We’ve seen people mocked for opening up about depression, anxiety, loneliness, trauma, burnout, emotional abuse, and mental health struggles that genuinely take courage to talk about publicly.

And honestly, it hurts to watch.

At the same time, we also understand this is the internet. Every online community eventually attracts people who want to provoke, troll, sabotage, spread negativity, or build attention around tearing others down. We don’t necessarily blame YouTube or social media platforms entirely either; there are millions of interactions happening every day, and moderation can only go so far.

What’s been especially difficult is seeing entire commentary communities and videos built around Psych2Go controversies, Psych2Go criticism, Psych2Go drama, or narratives designed to paint misleading pictures of who we are and what this channel has always tried to stand for.

Ever since videos started being made about us; often designed to piggyback off the Psych2Go audience, Psych2Go community, and mental health discussions online; we’ve noticed more people entering our spaces specifically to disrupt conversations, harass vulnerable viewers, and damage something our volunteers, moderators, artists, writers, and community members spent years building together.

Our Discord servers were never meant to become “power structures” or drama hubs. They were run by volunteers who genuinely believed in helping others and wanted to create an extension of Psych2Go where people could feel heard, accepted, and emotionally safe.

Now we’re facing a real dilemma.

As a mental health channel, do we aggressively block and remove people, knowing some may be hurting themselves? Or do we keep spaces more open, even when that openness sometimes leads to our own community members being attacked?

We don’t want Psych2Go to become bitter, hostile, or emotionally unsafe. But we also don’t want kindness to become something people are punished for here.

So we wanted to ask you directly:

What do you think is the best course of action for protecting a mental health community online while still staying true to compassion, openness, and understanding?

And to those of you who continue showing kindness to strangers in the comments, checking on each other, defending vulnerable people, and helping this place stay human… thank you. Seriously.

You are a huge part of why Psych2Go still exists today.

#Psych2Go #MentalHealth #Anxiety #Depression #OnlineCommunity #MentalHealthAwareness #Psych2GoCommunity #Psychology #SafeSpace #CommentaryCulture",,2026-05-22 12:35:27+00:00,137,91970,9757,1463,,,,10.608894204631945,1.5907361096009567,12.199630314232902,671.3138686131387,12,Friday,False,3083,0,Long (60+ sec),9.881700554528651,YouTube engagement-reach proxy,High,Burnout and Mental Pressure
qzsdeNEMtFw,YouTube,UCkJEpR7JmS36tajD34Gp4VA,Short,"Why You Can't Stop Overthinking (Let's Figure It Out Together)

🌱 If you're an overthinker looking to understand your thought process and find solutions, we have something for you. Join us for our livestream workshop this Saturday, 23 May, 2026 at 08h00 GMT -4! #mentalhealth #anxiety #overthinking","anxiety, overthinking, how to manage anxiety, overthinker, overthink, psych2go, psychology, anxious, overthinkers, anxieties",2026-05-21 12:17:28+00:00,24,51447,1966,104,,,,3.8214084397535326,0.20214978521585322,4.023558224969386,2143.625,12,Thursday,False,298,0,Short (0-30 sec),2.494606099481019,YouTube engagement-reach proxy,Medium,Career and Job Anxiety
fVtPHViTaCg,YouTube,UCkJEpR7JmS36tajD34Gp4VA,Long-form,"If You’ve Been Feeling This Lately… Please Watch This

In the past, we did a livestream with  Dr. K @HealthyGamerGG HealthyGamerGG on the topic of anxiety and depression, here: https://www.youtube.com/live/wH6ZXWgiX98?si=KXnIJ85Etim7mZ4C But afterward, we realized something surprising… despite covering so many mental health topics over the years, we’ve never really made a dedicated animated version exploring the hidden day-to-day struggles behind anxiety and depression. So we wanted to finally do that here.

Sometimes anxiety and depression aren’t dramatic breakdowns or visible sadness. Sometimes it’s pretending to be okay. Overthinking every interaction. Emotionally shutting down. Losing interest in things you once loved. Feeling exhausted from simply existing. In this video, we explore some of the quieter, less talked-about struggles people may carry behind closed doors; including the ones that are hardest to explain to others.
It’s also been quite a while since we’ve made a video specifically centered around anxiety and depression. Lately, we’ve been wondering whether videos like this are still deeply needed right now… and honestly, based on the conversations happening online and in our own community, it feels like they might be. So we wanted to create this video not only to explore these experiences, but also to better understand what many of you may be silently going through today.

Parts of this video were inspired by conversations with Dr. K from HealthyGamerGG, as well as stories many of you have shared with us over the years. Have you ever seen our interview with Dr. K before, or checked out our livestream playlist? https://www.youtube.com/@Psych2go/streams

We’d love to know what kinds of conversations or topics you’d like us to explore more deeply in the future.

Further Reading:
American Psychiatric Association. (2022). Diagnostic and statistical manual of mental disorders (5th ed., text rev.; DSM-5-TR).
Kroenke, K., Spitzer, R. L., & Williams, J. B. W. (2001). The PHQ-9: Validity of a brief depression severity measure. Journal of General Internal Medicine, 16(9), 606–613.
National Institute of Mental Health. (2024). Anxiety Disorders. https://www.nimh.nih.gov/health/topics/anxiety-disorders

Sometimes the hardest battles are the ones no one else can see.",,2026-05-21 10:27:24+00:00,337,32459,2644,498,,,,8.145660679626605,1.534243199112727,9.679903878739331,96.31750741839762,10,Thursday,False,2307,0,Long (60+ sec),2.3231769308974393,YouTube engagement-reach proxy,Low,Career and Job Anxiety
fTltSulVbs8,YouTube,UCkJEpR7JmS36tajD34Gp4VA,Long-form,"Weird Habits That Actually Reveal High Intelligence (Part 2)

Weird habits. Random quirks. Talking to yourself. Daydreaming too much. Staying up late thinking about life. Some of these habits may seem strange on the surface… but psychology suggests they can sometimes be linked to higher intelligence, creativity, emotional depth, or deeper self-awareness.

In this video, we explore surprising habits that may secretly reveal high intelligence, from self-talk and curiosity to overthinking, solitude, and emotional sensitivity. While intelligence looks different for everyone, understanding these behaviors may help you better understand yourself too.

Watch Part 1 here:
https://youtu.be/dIIxtmhW69E?si=gNTj5ijIq5Z2PeBB

Which habit did you relate to the most? And do you think intelligence is something people are born with… or something they build over time?

Further Reading / References

1. Self-Talk & Cognitive Performance
   Winsler, A., Fernyhough, C., & Montero, I. (Eds.). (2009). Private speech, executive functioning, and the development of verbal self-regulation. Cambridge University Press.

2. Curiosity & Intelligence
   von Stumm, S., Hell, B., & Chamorro-Premuzic, T. (2011). The hungry mind: Intellectual curiosity is the third pillar of academic performance. Perspectives on Psychological Science, 6(6), 574–588. [https://doi.org/10.1177/1745691611421204]

3. Overthinking & Intelligence
   Penney, A. M., & McIsaac, H. K. (2010). Repetitive thought and psychological distress: Rumination and worry as forms of repetitive negative thinking. Behaviour Research and Therapy, 48(5), 446–452.

4. Creativity & Messiness
   Vohs, K. D., Redden, J. P., & Rahinel, R. (2013). Physical order produces healthy choices, generosity, and conventionality, whereas disorder produces creativity. Psychological Science, 24(9), 1860–1867. [https://doi.org/10.1177/0956797613480186]

5. Solitude & Self-Reflection
   Long, C. R., & Averill, J. R. (2003). Solitude: An exploration of benefits of being alone. Journal for the Theory of Social Behaviour, 33(1), 21–44.

6. Night Owls & Intelligence
   Kanazawa, S., & Perina, K. (2009). Why night owls are more intelligent. Personality and Individual Differences, 47(7), 685–690.

And hey… even if some of these signs didn’t feel believable to you, maybe the first step is learning to believe in yourself a little more. Because who else is going to do it for you?

A truly intelligent person fused with unshakeable confidence is honestly a dangerous combination in the best possible way.",,2026-05-19 09:36:12+00:00,447,40291,2614,478,,,,6.487801245935818,1.186369164329503,7.67417041026532,90.13646532438479,9,Tuesday,False,2538,0,Long (60+ sec),3.1464098682087807,YouTube engagement-reach proxy,Medium,Academic Pressure
1nvx-aMYTsI,YouTube,UCkJEpR7JmS36tajD34Gp4VA,Long-form,"Why You Feel Detached From Everyone (Schizoid Personality Disorder)

Ever feel like you’re watching life from the outside looking in? Schizoid Personality Disorder is often misunderstood as “just being cold” or “not caring about people,” but the reality can be far more complex, quiet, and lonely than most realize. In this video, we explore the hidden inner world of schizoid personality disorder, emotional detachment, social withdrawal, and why some people find comfort in solitude while still longing to be understood. If you’ve ever felt disconnected from others, emotionally numb, or like relationships drain you more than fulfill you, this video may resonate with you.

We also touch on related experiences like hikikomori, avoidance, masking, emotional burnout, trauma, and the difference between introversion and deeper psychological withdrawal. Our hope is that this video helps create more compassion and understanding for those who struggle silently behind closed doors.

If this video helped you feel seen, what part resonated with you most?

Further Reading / Sources Referenced:
• American Psychiatric Association. (2022). Diagnostic and Statistical Manual of Mental Disorders (5th ed., text rev.; DSM-5-TR).
• Beck, A. T., Freeman, A., & Davis, D. D. (2015). Cognitive Therapy of Personality Disorders.
• Gunderson, J. G. (1983). Schizoid Personality Disorder and Its Close Relatives.
• Kato, T. A., Kanba, S., & Teo, A. R. (2019). Hikikomori: Multidimensional understanding, assessment, and future international perspectives. Psychiatry and Clinical Neurosciences.
• Mayo Clinic – Personality Disorders Overview
• Cleveland Clinic – Schizoid Personality Disorder Overview

Additional Resources: 

Guided meditation for when you feel overwhelmed, or anxious.. https://www.youtube.com/playlist?list=PLD4cyJhQaFwXJcL1xBloJrp8eKWYp_uYU

Video about Introversion and Extroversion: 
https://youtu.be/7lpDhM-d6f0?si=QKnJFI1ErYSrjy6v

How To Stop Anxiety, the Moment It Starts to Spiral: https://www.youtube.com/live/IJ1uIOLBEcA?si=75Z64f72xqq2gUO8 (Live Stream with Dr. Taing)",,2026-05-18 09:04:36+00:00,509,80427,4339,472,,,,5.394954430726,0.5868675942158728,5.981822024941873,158.0098231827112,9,Monday,False,2086,0,Long (60+ sec),4.6060029592052425,YouTube engagement-reach proxy,High,Relationships and Social Life
juCdEt7_0PQ,YouTube,UCkJEpR7JmS36tajD34Gp4VA,Long-form,"Why You Can’t Enjoy Normal Life Anymore

Ever feel like your brain needs constant stimulation just to feel okay? In this video, we explore the hidden signs your brain may be overstimulated by endless scrolling, notifications, short-form content, and dopamine-seeking habits — and how this can quietly affect your focus, motivation, emotions, and ability to enjoy normal life again. If this topic resonates with you, we’ve also created a 5-part Digital Habits Detox series that you may find helpful too: https://youtu.be/m13DD61-dy8?si=1G6HUxwLwhK1Ovli

What kind of “7-Day Challenge” video would you like to see next? A social media detox? Rebuilding attention span? Leaving the house more? Sleeping earlier? Let us know below.

Further Readings:
Volkow, N. D., Wang, G. J., Fowler, J. S., & Tomasi, D. (2012). Addiction circuitry in the human brain. Annual Review of Pharmacology and Toxicology, 52, 321–336. 

Lembke, A. (2021). Dopamine nation: Finding balance in the age of indulgence. Dutton Press.","dopamine addiction, attention span, doomscrolling, brain rot, phone addiction, overstimulation, digital detox, why nothing feels fun anymore, social media addiction, mental exhaustion",2026-05-17 09:55:40+00:00,323,36680,2794,328,,,,7.617230098146129,0.8942202835332607,8.511450381679388,113.56037151702786,9,Sunday,True,1003,0,Long (60+ sec),2.7236641221374045,YouTube engagement-reach proxy,Medium,Procrastination and Productivity
w9CFntO9jK4,YouTube,UCkJEpR7JmS36tajD34Gp4VA,Long-form,"How to Protect Your Peace Without Cutting People Off

Sometimes protecting your peace doesn’t mean cutting people off completely. In this video, we explore how setting boundaries, protecting your energy, and recognizing emotionally exhausting relationships can help you create healthier connections without losing your kindness. If you’ve been feeling emotionally drained by people or struggling with boundary setting, we hope this video reminds you that taking care of yourself matters too.

We also made this video for guided meditation and we hope you have a chance to watch it: https://www.youtube.com/playlist?list=PLD4cyJhQaFwXJcL1xBloJrp8eKWYp_uYU

Further Reading (APA Sources)
Cloud, H., & Townsend, J. (2017). *Boundaries: When to say yes, how to say no to take control of your life*. Zondervan.
Neff, K. D. (2011). *Self-compassion: The proven power of being kind to yourself*. William Morrow.","how to protect your peace, how to set boundaries, protecting your energy, emotionally exhausted by people, boundary setting",2026-05-14 07:59:24+00:00,379,28499,2375,364,,,,8.333625741254078,1.2772377978174674,9.610863539071545,75.1952506596306,7,Thursday,False,904,0,Long (60+ sec),1.729955437032878,YouTube engagement-reach proxy,Low,Relationships and Social Life
_pVADxjfkZs,YouTube,UCkJEpR7JmS36tajD34Gp4VA,Long-form,"That “What Am I Doing With My Life ” Feeling Explained

Have you ever asked yourself: “What am I doing with my life?” If you’ve been feeling lost, stuck, emotionally drained, or uncertain about your future, you may be experiencing an existential crisis.

In this video, we explore the psychology behind feeling lost in life, existential anxiety, and the late-night overthinking that keeps so many people awake at 3 AM. We’ll break down existentialism in simple terms and explain why feelings of emptiness, lack of purpose, burnout, and emotional disconnection are becoming more common today.

We’ll also explore:

Why people experience existential crises
The psychology of feeling directionless
Quarter-life crisis and identity struggles
Overthinking and fear of the future
Meaninglessness and emotional burnout
How Existential Therapy and Logotherapy help
How to find meaning and purpose in life

Using examples from Death Note, Mob Psycho 100, and The Matrix, this video explains the universal feeling of questioning your life path and searching for meaning.

If you’ve ever felt:
“What is the point of all this?”
“Why do I feel so lost?”
“Am I falling behind in life?”
“Why do I feel empty even when life looks okay?”

…this video is for you.

Remember: feeling lost doesn’t mean you’re broken. Sometimes, it’s the beginning of self-discovery.

💙 If this video helped you feel understood, leave a comment below and share your experience.

#ExistentialCrisis #FeelingLost #Psychology #MentalHealth #Existentialism #QuarterLifeCrisis #PurposeInLife #Overthinking #SelfDiscovery #Psych2Go",,2026-05-12 00:57:46+00:00,498,37682,2790,399,,,,7.404065601613502,1.0588609946393504,8.462926596252853,75.66666666666667,0,Tuesday,False,1588,0,Long (60+ sec),2.8773950427259702,YouTube engagement-reach proxy,Medium,Burnout and Mental Pressure
2UBBpe2zD28,YouTube,UCkJEpR7JmS36tajD34Gp4VA,Long-form,"Why You Keep Thinking About Them (Even When You Don’t Want To)

Why do some people stay stuck in our minds… even when we desperately want to move on? In this video, we explore the psychology behind emotional attachment, obsessive thoughts, limerence, and why your brain keeps replaying memories of someone long after they’re gone. If you’ve been struggling to stop thinking about someone, this video may help you better understand what’s happening emotionally and psychologically.

We’ve also linked playlists below on attachment, heartbreak, emotional healing, and guided meditations for those who may need extra support while processing difficult emotions.

Important Playlists: 1) https://www.youtube.com/playlist?list=PLD4cyJhQaFwVaYKSqrbB_Uv3JWyHDxVCu 2) https://www.youtube.com/playlist?list=PLD4cyJhQaFwXTyhPfeX4uFPson-1WUr-R

Guided Meditations: https://www.youtube.com/playlist?list=PLD4cyJhQaFwXJcL1xBloJrp8eKWYp_uYU

You guys have been asking @rosielam to do a voice over and we've heard you. Hopefully you enjoy this. She also animated this project for you :0","why can’t i stop thinking about someone, how to stop thinking about someone, obsessive thoughts about someone, limerence psychology, why do i miss someone who hurt me, attachment psychology, why your brain obsesses over people",2026-05-10 02:58:32+00:00,528,43592,2429,545,,,,5.572123325380804,1.250229399889888,6.822352725270692,82.56060606060606,2,Sunday,True,1071,0,Long (60+ sec),3.206505780877225,YouTube engagement-reach proxy,Medium,Other
o6YmRje-Wv0,YouTube,UCkJEpR7JmS36tajD34Gp4VA,Long-form,Why You’re Getting Angry So Easily (It’s Not What You Think),,2026-05-09 01:24:53+00:00,384,49778,3591,456,,,,7.214030294507613,0.9160673389850937,8.130097633492708,129.63020833333334,1,Saturday,True,60,0,Long (60+ sec),4.796757603760698,YouTube engagement-reach proxy,High,Other
fi8Dw2UeBM0,YouTube,UCkJEpR7JmS36tajD34Gp4VA,Long-form,5 Types of Friends You’ll Meet… But One Is Rare,,2026-05-08 01:18:37+00:00,271,25139,1631,315,,,,6.487927125183977,1.2530331357651459,7.740960260949123,92.76383763837639,1,Friday,False,47,0,Long (60+ sec),0.9289152313138948,YouTube engagement-reach proxy,Low,Relationships and Social Life
ymmbpl1Q_yQ,YouTube,UCkJEpR7JmS36tajD34Gp4VA,Long-form,"This Video Found You For A Reason

If you’ve been wondering how to keep living when you’d rather not, or what to do when life feels pointless, this video is for you. We talk about feeling hopeless, depression and hopelessness, and why life feels exhausting sometimes in a gentle, honest, and psychology-based way that may help you feel a little more understood. Below, we’ve also added playlists for those struggling with hopelessness, including a guided meditation playlist, along with free worldwide mental health resources like https://findahelpline.com and https://www.7cups.com for anyone who may need extra support right now.

Guided meditation playlist for when life becomes a bit too much: https://www.youtube.com/playlist?list=PLD4cyJhQaFwXJcL1xBloJrp8eKWYp_uYU

When Life Becomes Difficult and You want more people to understand: https://www.youtube.com/playlist?list=PLD4cyJhQaFwXP1Wc43okFNdQX6dQH3BZW

May is Mental Health Awareness Month. Sometimes people are fighting battles you can’t see at all, so what’s something you wish more people understood about mental health, loneliness, burnout, or simply trying to keep going? We’d love for this comment section to become a place where people feel heard, understood, and maybe even a little less alone today.","how to keep living when you’d rather not, what to do when life feels pointless, feeling hopeless, depression and hopelessness, why life feels exhausting",2026-05-07 01:56:08+00:00,338,149753,14326,1574,,,,9.566419370563528,1.051064085527502,10.61748345609103,443.0562130177515,1,Thursday,False,1269,0,Long (60+ sec),9.661909945042838,YouTube engagement-reach proxy,High,Relationships and Social Life
x4XzoV1tzVQ,YouTube,UCkJEpR7JmS36tajD34Gp4VA,Long-form,"How OCD Quietly Drains Your Mental Health

This video is sponsored by NOCD. If you struggle with intrusive thoughts or OCD, NOCD connects you with licensed therapists trained in Exposure and Response Prevention (ERP), the gold-standard treatment. You can access care from home, and many therapists are covered by insurance. Link below!

https://www.treatmyocd.com/

Researcher / Writer: Dylan Swanepoel  
Editor: Tai Khuong
Voice Artist: Amanda Silvera
Animator / Storyboarder: Rosie Lam @rosielam 
Animation lead and Voice Director: Cindy Cheong 
Project Manager: Tai Khuong
Producer: Yours Truly Psych2Go

To join our team, you can email us at tu@psych2go.net","Mental health, Psychology, psych2go, OCD",2026-05-05 15:21:29+00:00,444,26167,1652,348,,,,6.313295372033477,1.329919364084534,7.6432147361180105,58.93468468468468,15,Tuesday,False,661,0,Long (60+ sec),1.0700500630565215,YouTube engagement-reach proxy,Low,Other
YjtoGWswqcU,YouTube,UCkJEpR7JmS36tajD34Gp4VA,Long-form,"If You Feel Like You Don’t Belong Anywhere, Watch This

Ever felt like a puzzle piece in the wrong box?  This video dives into the common experience of loneliness and isolation, especially for those who feel like an ""old soul"" in a modern world. We explore why some individuals might feel like an outsider and grapple with the question of ""i dont belong here."" If you've been having existential thoughts about not fitting in, this one's for you. Remember, understanding these feelings is the first step.

Animated by: Animated by  @wieverofpassion
Channels mentioned in this video: @Jerma985 @MrBeast 
Playlist to check out for when you feel alone in your path: https://www.youtube.com/playlist?list=PLD4cyJhQaFwVaYKSqrbB_Uv3JWyHDxVCu
Highly recommend! 

00:00 - The Puzzle Piece Metaphor: Why You Feel Different
01:15 - Understanding the Root of Chronic Loneliness
02:30 - What it Means to be an ""Old Soul"" in a Modern World
03:45 - The Difference Between Isolation and Being an Outsider
04:50 - Navigating Existential Thoughts of Not Belonging
05:55 - First Steps Toward Self-Acceptance and Connection

Our tumblr page if you are ever interested, though it's in active now: https://psych2go.me","loneliness, isolation, feeling lonely, i dont belong here, not fitting in, how to cope with loneliness, how to handle loneliness, social isolation, how to deal with loneliness when you have no friends, not belonging",2026-05-04 01:08:26+00:00,397,89113,6296,892,,,,7.06518689753459,1.0009762885325375,8.066163186067127,224.46599496221663,1,Monday,False,1195,0,Long (60+ sec),6.452930548853702,YouTube engagement-reach proxy,High,Other
6nuBQh5LVX0,YouTube,UCkJEpR7JmS36tajD34Gp4VA,Long-form,The Unspoken Rules of Dating Someone with These Traits,,2026-04-28 03:01:30+00:00,577,380771,22926,1947,,,,6.020941720876852,0.5113309574521169,6.53227267832897,659.9150779896014,3,Tuesday,False,54,0,Long (60+ sec),6.40162722476239,YouTube engagement-reach proxy,High,Relationships and Social Life
8zjMazxxCdg,YouTube,UCkJEpR7JmS36tajD34Gp4VA,Long-form,"You Were NEVER In Love, It Was Limerance

Psych2Go Credits
Voice Over: Amanda Silvera
Writer/Editor: Michelle Rivas
Animator: John Martinez
Project Manager: Michelle Rivas
YouTube Manager: Cindy Cheong","Psych2go, Psychology, Love, mental health, Limerance",2026-04-27 06:05:56+00:00,290,66764,3810,504,,,,5.7066682643340725,0.7548978491402552,6.461566113474328,230.2206896551724,6,Monday,False,201,0,Long (60+ sec),4.716943262836259,YouTube engagement-reach proxy,High,Relationships and Social Life
CFUNbMP-V0s,YouTube,UCkJEpR7JmS36tajD34Gp4VA,Short,"Psychology of Nostalgia: How Memories Affect Our Well-being

Going through a tough time? Revisiting memories from your past might just be the boost of motivation you need. Nostalgia is a sentimental feeling of affection for the past that invokes happy memories, and it can provide comfort and happiness. Dr. Batcho at LeMoyne College suggests that reconnecting with your past can improve self-identity and increase a sense of social connectedness, inspiring you to keep pushing forward. By taking a trip down memory lane, you may find new inspiration and a renewed sense of purpose for your future.

Researcher/Writer: Max Feng
Editor: Brie Villanueva
Script Manager: Kelly Soong
Voice Over:Amanda Silvera www.youtube.com/amandasilvera
Animation:Kzanng
Project Manager: Cindy Cheong

Official Discord: https://discord.gg/EsWEvrJ",,2026-04-26 21:03:09+00:00,57,42864,2172,78,,,,5.0671892497200455,0.18197088465845465,5.249160134378499,752.0,21,Sunday,True,828,0,Medium (31-60 sec),2.3096304591265397,YouTube engagement-reach proxy,Low,Academic Pressure
l1GK5M8hLUA,YouTube,UCkJEpR7JmS36tajD34Gp4VA,Long-form,"7 Signs You’re Lonely in Your Relationship

Have you ever felt lonely… even while being in a relationship? In this video, we explore the subtle signs of emotional loneliness, why it happens, and what it might mean for your connection. If this resonates, check out our merch at https://psych2go.shop and let us know—what part of this felt a little too real?",,2026-04-26 08:38:37+00:00,421,20672,1144,208,,,,5.53405572755418,1.0061919504643964,6.540247678018576,49.1021377672209,8,Sunday,True,356,0,Long (60+ sec),0.5886222910216719,YouTube engagement-reach proxy,Low,Relationships and Social Life
KnF94fgsQec,YouTube,UCkJEpR7JmS36tajD34Gp4VA,Long-form,"Why You Feel Unloved (Even When People Care About You)

If you’ve ever wondered “what if I was never truly loved?”, this video explores why feeling unloved, unlovable, or emotionally distant can happen — and how emotional neglect or past experiences may shape the way you see love today. Sometimes it’s not that love was never there, but that it didn’t feel the way you needed it to.

If you enjoy the characters and messages we create, you can also check out our latest merch at https://psych2go.shop — every bit of support helps us keep making content like this.

Further Reading (APA):
Spinazzola, J., Hodgdon, H., Liang, L. J., Ford, J. D., Layne, C. M., Pynoos, R., Lee, R., & Stolbach, B. (2014). Unseen wounds: The contribution of psychological maltreatment to child and adolescent mental health and risk outcomes. Psychological Trauma: Theory, Research, Practice, and Policy, 6(S1), S18–S28. https://doi.org/10.1037/a0037766

Kim, J., Cicchetti, D., Rogosch, F. A., & Manly, J. T. (2009). Child maltreatment and trajectories of personality and behavioral functioning: Implications for the development of personality disorder. Development and Psychopathology, 21(3), 889–912. https://doi.org/10.1017/S0954579409000480

Crowell, S. E., Fraley, R. C., & Shaver, P. R. (2016). Measurement of individual differences in adolescent and adult attachment. In J. Cassidy & P. R. Shaver (Eds.), Handbook of attachment: Theory, research, and clinical applications (3rd ed., pp. 598–635). Guilford Press.","what if I was never loved, why do I feel unloved, feeling unlovable, emotional neglect, why I push people away",2026-04-25 22:18:13+00:00,333,54158,3574,461,,,,6.599209719709,0.8512131171756712,7.4504228368846706,162.63663663663664,22,Saturday,True,1499,0,Long (60+ sec),4.842774843975036,YouTube engagement-reach proxy,High,Relationships and Social Life
HUsgv2ASrhY,YouTube,UCkJEpR7JmS36tajD34Gp4VA,Short,"Day in the Life of a Psych2Go Animator @rosielam

Take a look Behind the Scenes
♫ Music by WABI SABI - a bit of sugar - https://thmatc.co/?l=CC08C39F",,2026-04-25 02:38:25+00:00,27,69951,3051,89,,,,4.361624565767466,0.12723191948649767,4.488856485253963,2590.777777777778,2,Saturday,True,149,0,Short (0-30 sec),3.3666423639404726,YouTube engagement-reach proxy,Medium,Other
1yO_qw5dJpY,YouTube,UCkJEpR7JmS36tajD34Gp4VA,Long-form,"10 Breakup Regrets You’ll Realize Too Late

You asked, and we listened. After our behind-the-scenes video on how people pretend to be okay, many of you shared how much you loved @rosielam's voice. So as promised, we brought it to life—this video is fully animated to her voiceover.

If this is something you’d like to see more of, your support really helps us keep creating and experimenting with new styles.

Curious how it all comes together? You can watch the behind-the-scenes of how we animate our videos here: https://youtu.be/3k7XeDq_ZZk?si=TDE1ppLzr6HYZcBb

Timestamps 
1). I regret staying too long 0:59
2). I regret not trusting my gut 1:21
3). I regret how I let it end 1:41
4). I regret not fighting for them 2:00
5). I regret losing myself 2:19
6). I regret the things I said yes to 2:39
7). I regret taking emotional intimacy for granted 3:00
8). I regret letting them isolate me 3:23
9). I regret the revenge phase 3:42
10). I regret breaking up 4:00
11). You have to stop treating regret like a life sentence 4:45
12). Practice self-compassion 5:04
13). Reframe it 5:33","i regret breaking up, did i make a mistake breaking up, why do i regret my breakup, breakup regret signs, missing my ex after breakup, how to know if breaking up was wrong, why do i still miss my ex even if it was toxic, break up",2026-04-24 23:03:53+00:00,395,19070,1062,197,,,,5.568956476140534,1.0330361824855794,6.601992658626115,48.278481012658226,23,Friday,False,1085,0,Long (60+ sec),0.5281594126900891,YouTube engagement-reach proxy,Low,Relationships and Social Life
Ns4FWdgoykI,YouTube,UCkJEpR7JmS36tajD34Gp4VA,Long-form,"Why You Can’t Stop Replaying Conversations (Even Years Later)

Do you find yourself overthinking conversations or replaying past conversations in your head, even years later? This video explores the psychology behind rumination, intrusive thoughts, and why your brain won’t let go of embarrassing memories or moments you wish you could change. If you’ve ever wondered “why do I replay conversations?” or struggle with social anxiety overthinking, this might help you understand what’s really going on.

Further Readings: 

Nolen-Hoeksema, S., Wisco, B. E., & Lyubomirsky, S. (2008). Rethinking rumination. Perspectives on Psychological Science, 3(5), 400–424. https://doi.org/10.1111/j.1745-6924.2008.00088.x

Watkins, E. R. (2008). Constructive and unconstructive repetitive thought. Psychological Bulletin, 134(2), 163–206. https://doi.org/10.1037/0033-2909.134.2.163

Timestamps 
1). Reason 1: Our brain's desperate need for closure 1:04
2). Reason 2: It's a core symptom of social anxiety 1:37
3). Reason 3: Mental compulsion OCD, the 'double disorder' 2:10
4). Reason 4: Perfectionism 2:41
5). How do you break the cycle 3:11
6). Strategy 1: Label it 3:24
7). Strategy 2: Schedule a check-in 3:43
8). Strategy 3: Ground yourself in the present 4:06","overthinking conversations, replaying conversations in head, why do I replay conversations, rumination psychology, intrusive thoughts conversations, social anxiety overthinking, embarrassing memories won’t go away, overthinking past mistakes, why I can’t stop thinking about the past, anxiety and rumination",2026-04-24 13:20:54+00:00,310,26178,1655,191,,,,6.322102528841011,0.7296202918481167,7.051722820689128,84.44516129032257,13,Friday,False,1253,0,Long (60+ sec),1.0577584231033692,YouTube engagement-reach proxy,Low,Relationships and Social Life
qeO2aPmUZbg,YouTube,UCkJEpR7JmS36tajD34Gp4VA,Long-form,"Why Loving Your Parents Still Hurts (And You Don’t Know Why)

We're often taught to love our parents unconditionally, but what happens when that love feels like a cage? This video explores the complex dynamics of family, especially when parental love comes with conditions or leads to emotional abuse. We discuss the importance of setting boundaries in toxic family relationships and prioritizing your mental health for your self worth. Remembering that healing is possible.

Guided meditation playlist for when life becomes overwhelming: https://youtu.be/VWBnZ_FJ6NA?si=IoFNR0nq7TXEMLmT

Why Some People Don't Feel Attachment to Family: https://youtu.be/xK4UfcXr8Hk?si=HHMs2sw3oiRNXtpi

Read these credible sources when you have time to learn more exactly on this topic. 

1. Helicopter Parenting
Segrin, C., Woszidlo, A., Givertz, M., Bauer, A., & Murphy, M. T. (2012).
The association between overparenting, parent-child communication, and entitlement and adaptive traits in adult children. Family Relations, 61(2), 237–252.
https://doi.org/10.1111/j.1741-3729.2011.00689.x

2. Reparenting / Inner Child / Self-Development
Arnett, J. J. (2000).
Emerging adulthood: A theory of development from the late teens through the twenties. American Psychologist, 55(5), 469–480.
https://doi.org/10.1037/0003-066X.55.5.469

Want to reach out and support the channel or provide helpful feedback? tu@ psych2go.net 
Join our team as an artist!","parenting, emotional abuse, toxic family relationships, boundaries, emotionally abusive parents, emotional abuse signs, emotional abuse from parents, helicopter parenting effects on adults, ow to set boundaries with parents, healing from childhood trauma parents",2026-04-22 12:57:28+00:00,470,24207,1610,413,,,,6.6509687280538685,1.706118065022514,8.357086793076384,51.50425531914894,12,Wednesday,False,1433,0,Long (60+ sec),0.9192795472384022,YouTube engagement-reach proxy,Low,Relationships and Social Life
axwa6OGx3Kw,YouTube,UCkJEpR7JmS36tajD34Gp4VA,Short,"If You’re Born in April… Watch This

April babies, this one’s for you 🌸

We know… this came a little late.
But maybe… it found you exactly when you needed it.

Whether your birthday already passed, or it’s still coming up,
we just wanted to take a small moment to celebrate you —
your growth, your strength, and everything you’ve quietly made it through this year.

Sometimes the right message doesn’t come on time…
it comes when it matters.

Happy birthday, April babies 💛
We’re really glad you’re here.

Special guest VO: Lily, Andrew's Cousin (artist) :0
@PancakeStudioZA","april birthday, aries, born in april",2026-04-21 12:50:22+00:00,6,56494,1779,223,,,,3.1490069741919493,0.3947321839487379,3.543739158140687,9415.666666666666,12,Tuesday,False,574,0,Short (0-30 sec),2.3743052359542607,YouTube engagement-reach proxy,Medium,Other
pAw1DdX_7d4,YouTube,UCkJEpR7JmS36tajD34Gp4VA,Long-form,"What Happens To Your Brain When You Stop Having Sex?

Ever wondered about the effects of no sex or what actually happens when you stop having sex? From brain chemistry changes to mood shifts, this video breaks down how a lack of sex can affect your mental health (and no, your brain doesn’t just dramatically quit on you overnight). Turns out, your dopamine might miss it… but your body has a few plot twists too. Curious about the extreme side of this topic? Check out our video on What Happens When You Never Have Sex for a deeper dive into long-term effects and misconceptions. https://youtu.be/qdfrEk2vPBE?si=x-qsGGnQ7tLlsuLK

0:00 Intro
0:27 What happens to your brain
1:05 Dopamine and motivation
1:52 Stress and mood changes
2:34 Physical effects
3:15 Relationships and emotional connection
3:45 Is it actually bad for you?
4:00 Outro

Further Reading (APA):
Brody, S. (2010). The relative health benefits of different sexual activities. Journal of Sexual Medicine, 7(4), 1336–1361. https://doi.org/10.1111/j.1743-6109.2009.01677.x

Prause, N., & Pfaus, J. (2015). Viewing sexual stimuli associated with greater sexual responsiveness, not erectile dysfunction. Sexual Medicine, 3(2), 90–98. https://doi.org/10.1002/sm2.58


Writer & Editor: Michelle Rivas
Voice Over: Amanda Silvera
Animator: Luke Lee
Project Manager: Michelle Rivas
YouTube Manager: Cindy Cheong

Contact us to join our team at tu@psych2go.net","effects of no sex, what happens when you stop having sex, benefits of abstinence, lack of sex mental health, sex and brain chemistry",2026-04-20 14:05:18+00:00,248,145255,2452,510,,,,1.6880658152903516,0.3511066744690372,2.039172489759389,585.7056451612904,14,Monday,False,1418,0,Long (60+ sec),1.8148635158858561,YouTube engagement-reach proxy,Low,Relationships and Social Life
R7p8Y7vdMPA,YouTube,UCkJEpR7JmS36tajD34Gp4VA,Long-form,"Why Modern Women Feel Empty

Why do so many women feel empty, overwhelmed, or emotionally disconnected today? In this Psych2Go video, we explore the psychology behind why modern women feel empty, including emotional burnout, identity pressure, people-pleasing, and the constant expectation to “do it all.” If you’ve ever felt drained, lost, or like something is missing—even when everything seems okay on the outside—this video helps unpack what may be happening beneath the surface.

As promised, this is the companion to our “Why Modern Men Feel Empty” video, where we explored similar patterns from a different perspective: https://youtu.be/uU2TPLd1lLI

Many women silently struggle with emotional exhaustion, anxiety, and the pressure to meet unrealistic standards in relationships, careers, and self-image. Society often rewards women for being everything to everyone, which can lead to losing touch with their own needs, identity, and sense of fulfillment. Understanding why women feel empty is an important step toward self-awareness, healing, and rebuilding a more authentic connection with yourself.

Watch to explore the hidden psychological reasons behind emotional emptiness in women—and what you might begin to notice in your own life.

Further readings on your own time: 

Dijkstra, M. T. M., & Barelds, D. P. H. (2011). Women’s well-being: The role of self-discrepancy and social comparison. Personality and Individual Differences, 50(4), 517–521. https://doi.org/10.1016/j.paid.2010.11.019

Tolman, D. L. (2002). Dilemmas of desire: Teenage girls talk about sexuality. Harvard University Press.

Fredrickson, B. L., & Roberts, T. A. (1997). Objectification theory: Toward understanding women’s lived experiences and mental health risks. Psychology of Women Quarterly, 21(2), 173–206. https://doi.org/10.1111/j.1471-6402.1997.tb00108.x

Any questions? Email us at tu@psych2go.net","why modern women feel empty, emotional numbness in women, why women feel lonely, female loneliness epidemic, womens mental health, why do women feel empty, emotional burnout women, depression in women, people pleasing women, identity crisis women",2026-04-19 17:46:52+00:00,323,54262,2799,391,,,,5.158305996830194,0.7205779366776013,5.878883933507796,167.9938080495356,17,Sunday,True,1894,0,Long (60+ sec),3.8800633961151454,YouTube engagement-reach proxy,Medium,Burnout and Mental Pressure
PCczfSPUw5E,YouTube,UCkJEpR7JmS36tajD34Gp4VA,Long-form,"You're Not Lazy, It's Something DARKER

If you're wondering if you're lazy, it really is not. Sometimes, life just gets in your way.. But it's the little things that can help you get back on your feet.",,2026-04-19 12:52:55+00:00,89,63026,3868,63,,,,6.137149747723162,0.09995874718370197,6.237108494906864,708.1573033707865,12,Sunday,True,201,0,Long (60+ sec),4.428347031383873,YouTube engagement-reach proxy,High,Other
Yp3Mn9u_wT8,YouTube,UCkJEpR7JmS36tajD34Gp4VA,Long-form,"Do Not Skip This Video, Here's Why

Not gonna lie… this one hurts a bit. Our artist worked incredibly hard on this video, but with a more “normal” title, YouTube just isn’t pushing it the same way (it’s even underperforming the trailer). If it resonates with you, sharing it might help it reach someone who really needs this right now. Also… anime references throughout—was it a yay or nah? @KJTCORNER 

Trailer: https://youtu.be/WcgcPWo7tO0?si=-Jin1fJEX2OGoXfd

1:08 stop waiting to feel ready
2:01 learn to see failure as a feedback 
2:50 expect life to be hard sometimes 
3:40 Focus on what you can control
4:25 take care of your mind like it's an athelete
 5:07 change the way you talk to yourself 
5:54 keep going even slowly",,2026-04-19 09:11:52+00:00,441,44578,4588,496,,,,10.292072322670375,1.1126564673157162,11.404728789986091,101.08390022675736,9,Sunday,True,730,0,Long (60+ sec),5.816411682892906,YouTube engagement-reach proxy,High,Career and Job Anxiety
pD6ebSzER4w,YouTube,UCkJEpR7JmS36tajD34Gp4VA,Long-form,"Why Broken People Can Still Feel Okay

Feeling broken can feel like walking through life with invisible cracks—like something inside you shattered, even if everything looks fine on the outside. In this video, we explore why you feel broken, what emotional healing actually looks like, and how trauma and self-worth issues can quietly shape your inner world. If you've ever wondered “why am I not okay” or struggled with feeling empty inside, this might help you understand what’s really happening beneath the surface. Healing isn’t about fixing yourself—it’s about learning how to carry your pieces differently.

If things have been feeling overwhelming, you can explore our guided meditation series here:
https://www.youtube.com/watch?v=t3GcpbXaKQI&list=PLD4cyJhQaFwXJcL1xBloJrp8eKWYp_uYU

And if you’re trying to rebuild after a difficult time, you might find this helpful:
https://youtu.be/7jcWQoIxnDM?si=aeWTnzPDlpt99KAG

If you're not feeling okay.. https://youtu.be/y3qlIaqlJ7A?si=M6ddUeg2fPS_HNCv

Key-points covered in this video: 
Why feeling “broken” is often a response to emotional overwhelm, not a flaw
How trauma and past experiences shape your sense of self
The difference between being broken vs. being in the process of healing
Why you might feel empty, numb, or disconnected
Small ways to begin emotional healing and reconnect with yourself","feeling broken, why do I feel broken, emotional healing, mental health recovery, how to heal emotionally, trauma healing, feeling empty inside, self worth issues, why am I not okay, coping with pain",2026-04-19 02:13:28+00:00,258,35920,2306,328,,,,6.419821826280623,0.913140311804009,7.332962138084633,139.2248062015504,2,Sunday,True,1358,0,Long (60+ sec),2.1265590200445432,YouTube engagement-reach proxy,Low,Other
l3Gs33-_LJE,YouTube,UCkJEpR7JmS36tajD34Gp4VA,Short,"The Benefits of Crying #psychology

Crying helps release emotional tension, regulate stress, and support your mental well-being in a healthy, natural way. Are you crying enough? 
Full video: https://youtu.be/vAxVkcBLI2s?si=MgkjVGGwQBf1Pg-d",,2026-04-18 11:47:29+00:00,29,48206,2329,80,,,,4.831348794755839,0.16595444550470898,4.997303240260549,1662.2758620689656,11,Saturday,True,239,0,Short (0-30 sec),2.7984898145459076,YouTube engagement-reach proxy,Medium,Burnout and Mental Pressure
7jcWQoIxnDM,YouTube,UCkJEpR7JmS36tajD34Gp4VA,Long-form,"When Life Gets Difficult, Watch This (I Promise It Will Help You)

Why is it so hard to stay mentally strong, even when you’re trying your best? In this video, we explore the psychology behind mental strength, emotional burnout, and why you might feel overwhelmed or more sensitive than usual. If you’ve been wondering how to be mentally strong or how to stop feeling overwhelmed, this might explain what’s really going on. We also recommend this video to watch when you feel so very overwhelmed: https://youtu.be/t3GcpbXaKQI?si=2BefMKT8xV8LDPZR

Check out our shop for freebies: https://psych2go.shop 
Note from our animator Yoki: Hi, Yoki here! I'm an animator based in Indonesia that is obsessed with Anime & Tokusatsu.  I mix Japanese-inspired aesthetics with high-energy motion to make cool things move. @amandasilvera youtube.com/@UCmu0X9_CYEwNVRTcgmhxoTw 

When you have time read these on your own: 

APA Sources:

American Psychological Association. (2020). Building your resilience. https://www.apa.org/topics/resilience

Maslach, C., & Leiter, M. P. (2016). Understanding the burnout experience: Recent research and its implications for psychiatry. World Psychiatry, 15(2), 103–111. https://doi.org/10.1002/wps.20311

Gross, J. J. (2015). Emotion regulation: Current status and future prospects. Psychological Inquiry, 26(1), 1–26. https://doi.org/10.1080/1047840X.2014.940781","mental strength, how to be mentally strong, emotional burnout, why am I so sensitive, how to stop feeling overwhelmed",2026-04-18 00:45:22+00:00,441,34682,2682,518,,,,7.733118043942103,1.4935701516636872,9.226688195605789,78.64399092970521,0,Saturday,True,1387,0,Long (60+ sec),2.491205812813563,YouTube engagement-reach proxy,Medium,Burnout and Mental Pressure
r__0tKEvoCo,YouTube,UCkJEpR7JmS36tajD34Gp4VA,Long-form,"Crying Easily Isn't Weakness; It Means You've Been Strong for Too LONG

Sometimes, crying easily isn’t a weakness… it’s what happens when you’ve been strong for too long. Watch the full video here:
https://youtu.be/vAxVkcBLI2s?si=5IzBLGqagGP6u9Lt

If you find yourself tearing up over small things, feeling overwhelmed, or wondering “why am I so emotional lately?” — this video explores the psychology behind it. From emotional burnout to suppressed stress, there are real reasons your mind and body respond this way.

In this Short, we touch on what it means when emotions finally surface… and why it might actually be a sign that your mind is trying to heal.

We’re also working on more worksheets, workshops, and wellness tools to help you better understand yourself. If you’d like to support what we do, you can check out our merch here:
https://psych2go.shop

What’s been weighing on you lately?",,2026-04-17 02:35:42+00:00,75,38501,2493,93,,,,6.475156489441833,0.24155216747616942,6.716708656918002,513.3466666666667,2,Friday,False,900,0,Long (60+ sec),2.418015116490481,YouTube engagement-reach proxy,Medium,Burnout and Mental Pressure
cL0IF5IYhXQ,YouTube,UCkJEpR7JmS36tajD34Gp4VA,Short,"ADHD & Anxiety  Are You Struggling With Both?

Struggling with both ADHD and anxiety… and not sure where one ends and the other begins? They can overlap in ways that feel confusing, overwhelming, and honestly… exhausting. In this Short, we break down a few signs that might help you better understand what’s going on.

Watch the full video here: https://youtu.be/lIor2GRveXI?si=FryFsNGssg5qfWIR

Have you ever felt both at the same time?",,2026-04-16 15:01:05+00:00,53,40184,1552,42,,,,3.862233724865618,0.104519211626518,3.9667529364921363,758.188679245283,15,Thursday,False,437,0,Medium (31-60 sec),1.5867011745968547,YouTube engagement-reach proxy,Low,Burnout and Mental Pressure
YAPBM2_AkPk,YouTube,UCkJEpR7JmS36tajD34Gp4VA,Long-form,"This Is Why Rest Isn’t Working Anymore

If you sleep 7–8 hours and still feel tired… this might explain why. In this video, we explore the psychology behind sleep quality, hidden fatigue, and what your body might actually be trying to tell you. Which part felt the most relatable to you? Mental Health Resources and worksheets will be updated to the shop soon: https://psych2go.net
Stay tune! But for now... 

Further readings you can do on your own when you have time; We highly recommend reading the first one. 

1. Sleep quality vs duration (core concept)
Buysse, D. J. (2014). Sleep health: Can we define it? Does it matter? Sleep, 37(1), 9–17. https://doi.org/10.5665/sleep.3298

2. Why you still feel tired (sleep inertia & fatigue)
Tassi, P., & Muzet, A. (2000). Sleep inertia. Sleep Medicine Reviews, 4(4), 341–353. https://doi.org/10.1053/smrv.2000.0098

3. Hidden sleep disruption (fragmentation, quality issues)
Medic, G., Wille, M., & Hemels, M. E. H. (2017). Short- and long-term health consequences of sleep disruption. Nature and Science of Sleep, 9, 151–161. https://doi.org/10.2147/NSS.S134864

4. Vitamin D and sleep quality & mental health
Gao, Q., Kou, T., Zhuang, B., Ren, Y., Dong, X., & Wang, Q. (2018). The association between vitamin D deficiency and sleep disorders: A systematic review and meta-analysis. Nutrients, 10(10), 1395. https://doi.org/10.3390/nu10101395

Want to collaborate on an idea? Reach out to us at tu@ psych2go.net 
Animated by @PancakeStudioZA , Andrew :)","why am I still tired after sleeping, sleep 8 hours but still tired, how to wake up feeling refreshed, sleep quality vs sleep duration, why do I feel tired all the time",2026-04-16 03:44:07+00:00,408,41239,2822,373,,,,6.843036931060404,0.9044836198743907,7.747520550934794,101.07598039215686,3,Thursday,False,1502,0,Long (60+ sec),3.3314338369019616,YouTube engagement-reach proxy,Medium,Career and Job Anxiety
flX7ewPPgiA,YouTube,UCkJEpR7JmS36tajD34Gp4VA,Long-form,"How to Quiet Sexual Thoughts Gently

Sudden sexual thoughts can feel confusing, especially when they show up out of nowhere—but there’s often a deeper psychological reason behind them. In a previous video, we explored why you get these intrusive sexual thoughts. In this video, we’ll focus on how to stop sexual thoughts, break the cycle, and regain control in a healthy, realistic way—without shame or judgment. Previous video: https://youtu.be/vP6DbSjjQ1E?si=SE41si_XSwz8WAry

Further readings: 

1. Intrusive thoughts (including sexual thoughts)
Rachman, S. (2007). The nature of intrusive thoughts. Behaviour Research and Therapy, 45(7), 1619–1630. https://doi.org/10.1016/j.brat.2006.10.009

2. Thought suppression + why trying to “stop thoughts” backfires
Wegner, D. M. (1994). Ironic processes of mental control. Psychological Review, 101(1), 34–52. https://doi.org/10.1037/0033-295X.101.1.34

3. Mindfulness / acceptance-based approaches (helpful for managing thoughts)
Hayes, S. C., Strosahl, K. D., & Wilson, K. G. (1999). Acceptance and commitment therapy: An experiential approach to behavior change. Guilford Press.

Guided meditation video to help with intrusive thoughts: https://youtu.be/WmpXj-P_vCA?si=tKpt67ktzR7yU0MW

1:37 - 1. Stop feeding the algorithm in your brain
2:28 - 2. Train your brain to shift gears
3:01 - 3. Build other sources of dopamine
3:38 - 4. Humanize instead of objectify 
4:18 - 5. Let the thought pass","how to stop sexual thoughts, why do i keep thinking about sex, how to control sexual urges, intrusive sexual thoughts help, how to stop being horny, why am i always horny, how to reduce sexual thoughts, overthinking sex, sexual thoughts ocd, intrusive thoughts explained, how to calm your mind, psychology of sexual thoughts",2026-04-15 22:58:54+00:00,328,97867,5872,600,,,,5.999979564102302,0.6130769309368838,6.613056495039187,298.375,22,Wednesday,False,1443,0,Long (60+ sec),5.422706325932133,YouTube engagement-reach proxy,High,Other
Tev5Q60LC30,YouTube,UCkJEpR7JmS36tajD34Gp4VA,Long-form,"Please Watch This (It Means A Lot To Us)

If you’re watching this, thank you for being here. Psych2Go started as a small idea… and somehow, it grew into a space where millions of people come to feel understood, learn about themselves, and find a little comfort on hard days.

This video is just a small message from us to you.

If our videos have ever helped you, made you feel seen, or even just kept you company when things felt quiet… sharing this video could help someone else find that same feeling too.

We’re working on building more for you—guided meditations, worksheets, workshops, and even more ways to make mental wellness feel accessible and real, both online and offline.

If you’d like to support what we do, you can also check out our merch at https://psych2go.shop — every bit helps us keep creating and growing this space together.

Thank you for being part of this journey with us.

And if you feel comfortable… what’s one video that helped you the most?

Current guided meditation vids: https://www.youtube.com/watch?v=VWBnZ_FJ6NA&t=1s
Recent Live Stream On dealing with Anxiety: https://www.youtube.com/watch?v=IJ1uIOLBEcA&t=115s
Recent Behind our Animation Videos Process: https://www.youtube.com/watch?v=3k7XeDq_ZZk

So much more coming, the more the channel grows.",,2026-04-14 17:03:35+00:00,72,52690,8421,851,,,,15.982159802619092,1.6151072309736194,17.59726703359271,731.8055555555555,17,Tuesday,False,1288,0,Long (60+ sec),11.086278231163408,YouTube engagement-reach proxy,High,Career and Job Anxiety
t3GcpbXaKQI,YouTube,UCkJEpR7JmS36tajD34Gp4VA,Long-form,"When Your Brain Can’t Handle Life Anymore

Feeling overwhelmed can sneak up on you in ways you don’t always expect. In this video, we explore gentle, practical ways to help you slow down, breathe, and find a sense of calm again when everything feels like too much. If you need a moment to reset, you can also check out our guided meditation playlist for extra support. Guided meditation playlist by psych2go: https://www.youtube.com/watch?v=VWBnZ_FJ6NA&list=PLD4cyJhQaFwXJcL1xBloJrp8eKWYp_uYU

At Psych2Go, we’ve been working on creating more meaningful ways to support your mental wellness. We recently hosted a live session with Dr. Monica Taing on CBT for anxiety, and we’re currently building worksheets and workshops to help you apply these ideas in your daily life. Our goal is to expand both our online and offline wellness experiences—making them more accessible, more frequent, and more impactful for everyone. Live anxiety and CBT session yesterday: https://www.youtube.com/watch?v=IJ1uIOLBEcA&t=1911s

If you resonate with what we do and want to support our mission, you can check out our merch at https://psych2go.shop. Each piece is designed with uplifting messages to remind you that growth, healing, and self-understanding are journeys worth taking. We’re also always open to new design ideas, topic suggestions, and artists who want to collaborate and be part of this community.

What’s one thing that’s been overwhelming you lately—and what helps you get through it?

Music: Moonrise – Purple Planet Music
Music: Rings of Saturn – Purple Planet Music
https://www.purple-planet.com/
Licensed under Creative Commons Attribution 4.0 License
https://creativecommons.org/licenses/by/4.0/
Purple Planet Music

Further Reading & Sources: 
Linehan, M. M. (2015). DBT skills training manual (2nd ed.). Guilford Press.
Hofmann, S. G., et al. (2012). Cognitive behavioral therapy: A review of meta-analyses. Cognitive Therapy and Research, 36(5), 427–440.
Gross, J. J. (2015). Emotion regulation: Current status and future prospects. Psychological Inquiry, 26(1), 1–26.
Kabat-Zinn, J. (2003). Mindfulness-based interventions in context. Clinical Psychology: Science and Practice, 10(2), 144–156.
SAMHSA. (2014). Trauma-informed care in behavioral health services (TIP 57).

Here's how we animate these vids with @rosielam: https://youtu.be/3k7XeDq_ZZk?si=DGiJG_Z0LK9N532M

Contact us at tu@psych2go.net if you want to join forces.",,2026-04-13 12:41:37+00:00,490,47286,3097,506,,,,6.549507253732606,1.0700841686757179,7.619591422408324,96.50204081632653,12,Monday,False,2436,0,Long (60+ sec),4.190775282324578,YouTube engagement-reach proxy,Medium,Career and Job Anxiety
IJ1uIOLBEcA,YouTube,UCkJEpR7JmS36tajD34Gp4VA,Long-form,"LIVE: How to Stop an Anxiety Spiral the Moment It Starts (with Psych2Go's Monica Taing)

If you've ever felt your heart spike during an anxiety spiral before your thoughts even caught up, this is for you.

Psych2Go's Monica Taing (http://linkedin.com/in/monicataing) will break down what's happening in your body and mind when an anxiety spiral starts, why it feels impossible to stop, and one evidence-based skill you can use the moment it takes over.

🌱 JOIN OUR CONVERSATION
1. Build our mental wellness app with us: https://forms.gle/LUSQPYg4Z6ECZ2168
2. Join our Discord: http://discord.gg/psych2go

🌱 DISCLAIMER
This livestream is intended to be for psychological education and peer support purposes. It does not provide medical services or professional counselling, and is not a substitute for care. Please speak with a healthcare professional if you're experiencing symptoms of anxiety, any other mental health condition, or an emergency.

#anxietyrelief #anxiety #mentalhealth #psych2go","anxiety, anxiety spirals, how to manage anxiety, anxiety management, STOP skill, how to deal with anxiety, anxieties, anxiety spiral, panic attack, anxiety attack, anxiety attacks, anxious, psych2go",2026-04-12 22:35:56+00:00,2262,13889,828,101,,,,5.961552307581539,0.7271941824465404,6.68874649002808,6.140141467727674,22,Sunday,True,995,0,Long (60+ sec),0.1337749298005616,YouTube engagement-reach proxy,Low,Burnout and Mental Pressure
y3qlIaqlJ7A,YouTube,UCkJEpR7JmS36tajD34Gp4VA,Long-form,"If You See This Video… It’s a Sign You’re Not Okay

When someone asks ""how are you,"" do you automatically say ""I'm fine"" even when you're feeling exhausted or numb? This video explores the common human experience of outwardly appearing okay while internally struggling with complex emotions and feelings. It highlights that this isn't a sign of being broken, but a normal part of life, especially when dealing with stress management and overthinking. What's your experience with this?

Animated by https://www.youtube.com/@WieverOfPassion (New artist) 

Take our How Are You Quiz here: https://youtu.be/mod3W-63VcA?si=okvddchOWYETdcM8
It's always good to check in with yourself to see how you're really doing. 
With love, psych2go.

On Guided Meditation with Psych2Go Here: https://youtu.be/VWBnZ_FJ6NA?si=zg_J8r4zBq9uzqSE","emotions, feelings, mental health, anxiety, stress management",2026-04-12 06:30:44+00:00,231,362208,16506,1767,,,,4.557050092764379,0.48784124039226084,5.044891333156639,1568.0,6,Sunday,True,822,0,Long (60+ sec),4.8935445931619395,YouTube engagement-reach proxy,High,Burnout and Mental Pressure
gh-zXu-mnYI,YouTube,UCkJEpR7JmS36tajD34Gp4VA,Long-form,"Please Watch This Video When You Have Time

Trauma doesn’t always look like pain… sometimes it looks like overthinking, people-pleasing, or shutting down—and you might not even realize it’s still there. Please watch Signs You're Actually Healing https://youtu.be/DmWBKSagvSE?si=uh32ltDMOn8lJb6i and  11 traits of people who have suffered too much: https://youtu.be/k3XepyzIMG4?si=8Bc4cxWkHbt8KwHy

Sources in APA: 

American Psychiatric Association. (2022). Diagnostic and statistical manual of mental disorders (5th ed., text rev.; DSM-5-TR). American Psychiatric Publishing.
van der Kolk, B. A. (2015). The body keeps the score: Brain, mind, and body in the healing of trauma. Penguin Books.
Felitti, V. J., Anda, R. F., Nordenberg, D., Williamson, D. F., Spitz, A. M., Edwards, V., Koss, M. P., & Marks, J. S. (1998). Relationship of childhood abuse and household dysfunction to many of the leading causes of death in adults. American Journal of Preventive Medicine, 14(4), 245–258. https://doi.org/10.1016/S0749-3797(98)00017-8",,2026-04-11 13:48:14+00:00,354,102058,9045,822,,,,8.862607536890788,0.8054243665366753,9.668031903427462,288.2994350282486,13,Saturday,True,1031,0,Long (60+ sec),8.024466479844794,YouTube engagement-reach proxy,High,Academic Pressure
OlJjXawz-dk,YouTube,UCkJEpR7JmS36tajD34Gp4VA,Long-form,"Behaviors That Actually Reveal High IQ

Have you ever wondered if being quiet means you're not as smart as others? This video explores subtle behaviors that are often linked to higher cognitive ability, challenging common misconceptions. We look at the psychology of intelligence and discuss signs of high intelligence, such as strong intellectual curiosity and independent thinking. It turns out that some habits of intelligent people might be different from what you expect, suggesting that a desire for continuous learning is a key indicator of a capable mind. 🤔✨

Psych2Go Credits:
Voice Over: Amanda Silvera
Writer/Editor: Michelle Rivas
Animator: Patrick Lao
Project Manager: Michelle Rivas
YouTube Manager: Cindy Cheong

Peer Reviewed Sources for Further Readings: 

1. Curiosity & Intelligence (great for “always asking questions”)
von Stumm, S., Hell, B., & Chamorro-Premuzic, T. (2011). The hungry mind: Intellectual curiosity is the third pillar of academic performance. Perspectives on Psychological Science, 6(6), 574–588.
→ Shows curiosity is a core trait of intelligent people—not just IQ.

2. Being Quiet / Introverted ≠ Less Intelligent
Ackerman, P. L., & Heggestad, E. D. (1997). Intelligence, personality, and interests: Evidence for overlapping traits. Psychological Bulletin, 121(2), 219–245.
→ Explains how introversion, reflection, and deep thinking often overlap with intelligence.

3. Mind Wandering & Intelligence (this one feels “unusual” and clickable)
Smallwood, J., & Schooler, J. W. (2015). The science of mind wandering: Empirically navigating the stream of consciousness. Annual Review of Psychology, 66, 487–518.
→ Suggests that frequent mind-wandering can be linked to higher cognitive ability and problem solving.

1). You ask a lot of questions 0:31
2). You are comfortable saying ""I don't know"" 1:08
3). Your mind wonders a lot 1:45
4). You notice small details others miss 2:20
5). You overthink social situations (sometimes) 2:57
6). You enjoy being alone to think 3:42
7). You're often aware of how much you still have to learn 4:19","Psychology, Intelligence, IQ, intelligent, Smart, psych2go, mental health, brain, Education, high iq signs, psychology of intelligence, signs of high intelligence, habits of intelligent people, independent thinking",2026-04-10 19:26:42+00:00,325,49154,2726,367,,,,5.545835537290963,0.7466330308825325,6.292468568173495,151.24307692307693,19,Friday,False,2073,0,Long (60+ sec),3.586707083858892,YouTube engagement-reach proxy,Medium,Academic Pressure
DmWBKSagvSE,YouTube,UCkJEpR7JmS36tajD34Gp4VA,Long-form,"Why Healing Feels Like You’re Getting Worse

Healing from trauma doesn’t always feel like progress, but sometimes the quietest trauma recovery signs—like emotional exhaustion, setting boundaries, or needing rest—are proof that your nervous system healing trauma journey is already underway, and we worked really hard on this video because we truly believe this message needs to be seen. If this emotional healing journey resonates with you, visit our shop at https://psych2go.shop for supportive merch made with care, and watch next: 11 Traits of People Who Suffered Too Much https://youtu.be/k3XepyzIMG4?si=gQI2MZvDezZllyaW

Sources for further self explorations; I recommend the first 2 links. 

Hoeboer, C. M., de Kleine, R. A., Molendijk, M. L., Schoorl, M., Oprel, D. A. C., Mouthaan, J., van der Does, W., & van Minnen, A. (2020). Impact of dissociation on the effectiveness of psychotherapy for post-traumatic stress disorder: Meta-analysis. Depression and Anxiety, 37(5), 442–458. https://doi.org/10.1002/da.22999

Lynch, J. M., Bogen, K. W., Fritz, J., & Osofsky, J. D. (2025). The sense of safety theoretical framework: A trauma-informed model for healing and recovery. Frontiers in Psychology, 16, 1441493. https://doi.org/10.3389/fpsyg.2024.1441493 ()

Zoromba, M. A., Alenazi, A. M., Alenezi, M. H., Almutairi, M. S., & Alshammari, F. A. (2024). Advancing trauma studies: A narrative literature review of complex trauma, resilience, and culturally sensitive recovery frameworks. Heliyon, 10(24), e4122888. https://www.sciencedirect.com/science/article/pii/S2405844024122888

Want to reach out to us? Contact info@psych2go.net   
Join our team too! Spread more positivity!

Timestamps 
1). You start setting healthier boundaries 1:21
2). You allow yourself to rest without guilt 2:36
3). You start trusting your inner voice again 3:42
4). Small moments begin to feel meaningful again 4:33
5). You begin asking for help 5:39
6). You stop blaming yourself for everything 6:23
7). You begin seeing your pain as part of your story - not your identity 7:04","healing from trauma, signs you are healing emotionally, trauma recovery signs, childhood trauma healing, emotional healing journey, nervous system healing trauma, trauma symptoms getting better",2026-04-10 12:27:12+00:00,542,57341,4225,354,,,,7.368200763851346,0.6173593066043495,7.985560070455695,105.79520295202953,12,Friday,False,2063,0,Long (60+ sec),5.430180847909873,YouTube engagement-reach proxy,High,Burnout and Mental Pressure
mcxygKzsgS8,YouTube,UCkJEpR7JmS36tajD34Gp4VA,Long-form,"BEFORE YOU GIVE UP ON LOVE, WATCH THIS

Why love fades in relationships can feel confusing, especially when the connection that once felt effortless starts to change. In this video, we explore why couples lose feelings, what falling out of love signs really mean, and whether a relationship losing spark is always the end—or a sign something deeper needs attention. If you've ever wondered why attraction disappears in relationships, this video will help you understand the psychology behind it with clarity and compassion. 

May the force be with you. Also, we have a merch shop now: https://psych2go.shop. There are some goodies in here! 

Read these sources to learn more about what might be going on: 

Sprecher, S. (1999). “I love you more today than yesterday”: Romantic partners’ perceptions of changes in love and related affect over time. Journal of Personality and Social Psychology, 76(1), 46–53. https://doi.org/10.1037/0022-3514.76.1.46
Acevedo, B. P., Aron, A., Fisher, H. E., & Brown, L. L. (2012). Neural correlates of long-term intense romantic love. Social Cognitive and Affective Neuroscience, 7(2), 145–159. https://doi.org/10.1093/scan/nsq092
Huston, T. L., Caughlin, J. P., Houts, R. M., Smith, S. E., & George, L. J. (2001). The connubial crucible: Newlywed years as predictors of marital delight, distress, and divorce. Journal of Personality and Social Psychology, 80(2), 237–252. https://doi.org/10.1037/0022-3514.80.2.237

Reach out to me at tu@psych2go.net","why love fades in relationships, why couples lose feelings, falling out of love signs, relationship losing spark, why attraction disappears in relationships",2026-04-09 08:58:22+00:00,406,32236,2338,425,,,,7.252760888447699,1.3184017868221865,8.571162675269886,79.39901477832512,8,Thursday,False,1484,0,Long (60+ sec),1.9713674153120737,YouTube engagement-reach proxy,Low,Relationships and Social Life
fKNkdUGapSk,YouTube,UCkJEpR7JmS36tajD34Gp4VA,Short,"Don’t Skip This If Anxiety Is Taking Over

If you're experiencing racing thoughts, sweaty palms, or any other feelings of anxiety, we see you, and this video is for you. This Sunday at 8am Eastern, we're doing a live workshop covering techniques on how to deal with anxiety. Together we'll explore dialectical behavioral therapy coping skills and more, so hope to see you there. Bye! - Monica 
Your Host: https://youtu.be/REtcF5qjm7Q?si=KY195tO822XUWqVL","anxiety reduction, how to deal with anxiety, dbt, coping skills for teenagers, stress management, dbt skills, mental health awareness",2026-04-09 05:17:45+00:00,29,36623,968,62,,,,2.643147748682522,0.16929252109330203,2.812440269775824,1262.8620689655172,5,Thursday,False,453,0,Short (0-30 sec),0.8718564836305054,YouTube engagement-reach proxy,Low,Career and Job Anxiety
8CUnDgnCEis,YouTube,UCkJEpR7JmS36tajD34Gp4VA,Long-form,"You WANT to DISAPPEAR, but Not Die

Ever wonder why canceling plans feels so good? This video explores the psychology behind that dopamine release and how it can contribute to a cycle of isolation, potentially leading to addiction psychology. We also discuss the growing loneliness epidemic among young adults and what it means for our mental health, especially for those with introversion.

Animated by: https://www.instagram.com/apikreelstudio/
Read these sources if you want to learn more about yourself: 

1. Solitude & well-being (core concept)
Nguyen, T. T., Ryan, R. M., & Deci, E. L. (2018). Solitude as an approach to affective self-regulation. Personality and Social Psychology Bulletin, 44(1), 92–106. https://doi.org/10.1177/0146167217733073

2. Social fatigue / overstimulation
Hall, J. A. (2019). The social costs of solitude: A systematic review. Journal of Social and Personal Relationships, 36(10), 3309–3336. https://doi.org/10.1177/0265407518806440

3. Introversion & energy drain (audience will resonate hard)
Cain, S. (2012). Quiet: The power of introverts in a world that can’t stop talking. Crown Publishing Group.

Also, check out our meditation guided series here: https://www.youtube.com/watch?v=VWBnZ_FJ6NA","alone time, introvert vs antisocial, social battery drained, why i like being alone, overstimulation anxiety",2026-04-07 13:59:25+00:00,197,39919,2546,588,,,,6.37791527843884,1.4729827901500538,7.850898068588892,202.63451776649745,13,Tuesday,False,1233,0,Long (60+ sec),2.983341266063779,YouTube engagement-reach proxy,Medium,Relationships and Social Life
tRMs7ncnIMA,YouTube,UCkJEpR7JmS36tajD34Gp4VA,Long-form,"The ONE VIDEO that we hope you watch IS THIS

Struggling with self forgiveness, letting go of guilt, or healing from mistakes? This video explores how to forgive yourself, rebuild your personal growth mindset, and move forward after hardship. We also collaborated with @TherapyinaNutshell on derealization here—where we dive deeper into why we can feel “off” when horrible things happen to us: https://www.youtube.com/live/mpVKpYraRms?si=HSIML1eANrFBpP3s

Feel free to go to our LIVE TAB on our channel for a full list of other highly informed topics around psychology and mental health.

Further readings and sources used for this video: 

Wohl, M. J. A., DeShea, L., & Wahkinney, R. L. (2008). Looking within: Measuring state self-forgiveness and its relationship to psychological well-being. Canadian Journal of Behavioural Science, 40(1), 1–10. https://doi.org/10.1037/0008-400X.40.1.1

Fisher, M. L., Exline, J. J., & Self, T. L. (2020). Self-forgiveness, guilt, shame, and well-being: A meta-analytic review. Journal of Counseling Psychology, 67(3), 387–401. https://doi.org/10.1037/cou0000419

Toussaint, L., Worthington, E. L., & Williams, D. R. (2015). Forgiveness and health: Scientific evidence and theories relating forgiveness to better health. Springer

Meditate and you will be free, they say.","self forgiveness, how to forgive yourself, letting go of guilt, healing from mistakes, personal growth mindset",2026-04-07 00:03:50+00:00,553,159552,12297,838,,,,7.707205174488569,0.525220617729643,8.23242579221821,288.5207956600362,0,Tuesday,False,1308,0,Long (60+ sec),7.573831728840754,YouTube engagement-reach proxy,High,Relationships and Social Life
7tsmqaLMBrc,YouTube,UCkJEpR7JmS36tajD34Gp4VA,Long-form,"This Isn’t Love… It’s Lust (And It’s Fooling You)

Why does lust hit so hard… and make you ignore every red flag like it’s optional DLC? In this video, we break down lust psychology, why lust is addictive, and how dopamine and attraction can trick your brain into thinking “this is fine” (it’s not). If you’ve ever confused what is lust vs love or missed the signs of lust not love… yeah, this one might hurt a little. Most importantly, we will cover some solutions on dealing with lust. Support our shop here: https://psych2go.shop

Are you interested in a video about how to deal with your lust? If so, we're working on it soon! So stay tune. 

Videos mentioned: 
Compatibility Vid: https://youtu.be/np1zUPI7Fdo?si=wx_Y9XvKvtIWkXuW
Lust vs Love: https://youtu.be/UfPmiGjooRs?si=TY466RmK0UnAZTWk

Peer reviewed sources used: 

Fisher, H. E. (2004). Why we love: The nature and chemistry of romantic love. Henry Holt and Company.
Acevedo, B. P., Aron, A., Fisher, H. E., & Brown, L. L. (2012). Neural correlates of long-term intense romantic love. Social Cognitive and Affective Neuroscience, 7(2), 145–159. https://doi.org/10.1093/scan/nsq092
Berridge, K. C., & Robinson, T. E. (2016). Liking, wanting, and the incentive-sensitization theory of addiction. American Psychologist, 71(8), 670–679. https://doi.org/10.1037/amp0000059

Want to reach out to us? You can email us at tu@Psych2go.net","lust psychology, what is lust vs love, why lust is addictive, signs of lust not love, dopamine and attraction",2026-04-06 02:13:06+00:00,400,102818,5144,510,,,,5.003015036277694,0.4960220972981384,5.499037133575833,257.045,2,Monday,False,1392,0,Long (60+ sec),4.619191192203699,YouTube engagement-reach proxy,High,Relationships and Social Life
yYHKboSA7jE,YouTube,UCkJEpR7JmS36tajD34Gp4VA,Long-form,"What Happens If You've Been Through Too Much

Been through too much? Your brain might be running on “emotional numbness mode” without telling you. Here, we break down trauma response, the signs of trauma, and what trauma does to your brain—because feeling nothing is somehow still… a feeling. If you’ve ever wondered why you feel nothing anymore, we’ll also explore what healing from trauma can actually look like. https://youtu.be/qrPb0nutBrg?si=hZIlAIfUfcRRcmbN

How Are You Quiz, mentioned in this video: https://youtu.be/mod3W-63VcA?si=Ty-tU-g-EzyaVnoz

Animated by @rosielam from Behind the Scenes: https://youtu.be/3k7XeDq_ZZk?si=QdhC-VAf289rYe5y
Previous video: https://youtu.be/NG4oOf4SX_M?si=VXyMJ4Z52iLwTiiV

Our merch shop: https://psych2go.shop

Peer reviewed sources used in this video: 

American Psychiatric Association. (2022). Diagnostic and statistical manual of mental disorders (5th ed., text rev.; DSM-5-TR). American Psychiatric Publishing.
van der Kolk, B. A. (2014). The body keeps the score: Brain, mind, and body in the healing of trauma. Viking.
Lanius, R. A., Vermetten, E., & Pain, C. (2010). The impact of early life trauma on health and disease: The hidden epidemic. Cambridge University Press.","trauma response, emotional numbness, signs of trauma, what trauma does to your brain, been through too much psychology, why you feel nothing anymore, healing from trauma",2026-04-05 09:11:55+00:00,494,160760,11725,888,,,,7.2934809654142825,0.5523762129883055,7.8458571784025875,325.4251012145749,9,Sunday,True,1225,0,Long (60+ sec),7.296647175914407,YouTube engagement-reach proxy,High,Other
fR4D09QshsY,YouTube,UCkJEpR7JmS36tajD34Gp4VA,Long-form,"Why You Feel Overwhelmed in Public (Even If You’re “Fine”)

If you’ve ever wondered why you hate crowds or why crowds make you anxious, this video explores the psychology behind feeling overwhelmed in public spaces. From social anxiety in crowded places to sensory overload and introversion, we break down what might really be happening beneath the surface. If you often feel overwhelmed in public or drained after being around too many people, you’re not alone—and there may be deeper reasons why. What do crowds feel like for you?

OUR MERCH SHOP NOW AVAILABLE: https://psych2go.shop 
If you bought something, email us at tu@psych2go.net to get in touch. 
Want to be part of our design team? Email us as well. 

The sources used for this vid: 

American Psychiatric Association. (2022). Diagnostic and statistical manual of mental disorders (5th ed., text rev.; DSM-5-TR). American Psychiatric Publishing.
Aron, E. N., & Aron, A. (1997). Sensory-processing sensitivity and its relation to introversion and emotionality. Journal of Personality and Social Psychology, 73(2), 345–368. https://doi.org/10.1037/0022-3514.73.2.345
Stein, M. B., & Stein, D. J. (2008). Social anxiety disorder. The Lancet, 371(9618), 1115–1125. https://doi.org/10.1016/S0140-6736(08)60488-2","why do I feel overwhelmed in public, social anxiety symptoms, sensory overload symptoms, why do I get anxious around people, how to deal with crowds anxiety, why crowds make me anxious, feeling drained after being around people, introvert overwhelmed in public, why people exhaust me, overstimulation anxiety",2026-04-04 16:01:03+00:00,256,30837,2220,215,,,,7.199143885591984,0.6972143853163407,7.896358270908324,120.45703125,16,Saturday,True,1268,0,Long (60+ sec),1.658235236890748,YouTube engagement-reach proxy,Low,Burnout and Mental Pressure
vP6DbSjjQ1E,YouTube,UCkJEpR7JmS36tajD34Gp4VA,Long-form,"Why Am I Always Horny - Sexual Intrusive Thoughts Explained

Sudden sexual urges can feel confusing, especially when they show up out of nowhere—but there’s actually a psychological reason behind them. In this video, we explore why you get random sexual thoughts, the role of intrusive sexual thoughts in psychology, and what it really means if you’re thinking “why am I always horny.” We’ll also talk about how to control sexual urges in a healthy, realistic way—without shame or judgment.

References and sources used in this video: 

Baumeister, R. F., & Vohs, K. D. (2007). Self-regulation, ego depletion, and motivation. Social and Personality Psychology Compass, 1(1), 115–128.

Bancroft, J., & Vukadinovic, Z. (2004). Sexual addiction, sexual compulsivity, sexual impulsivity, or what? Toward a theoretical model. Journal of Sex Research, 41(3), 225–234.

Georgiadis, J. R., & Kringelbach, M. L. (2012). The human sexual response cycle: Brain imaging evidence linking sex to other pleasures. Progress in Neurobiology, 98(1), 49–81.

Do you have a topic you would like to request from us? Let us know in the comments. 
Also, you can reach out to us here: tu@psych2go.net   
Also, don't forget to check out our: Meditation Series here: https://youtu.be/WmpXj-P_vCA?si=NkIBG12VBMv0Mtm9","sudden sexual urges, why do I get random sexual thoughts, intrusive sexual thoughts psychology, why am I always horny psychology, how to control sexual urges",2026-04-04 03:45:39+00:00,295,506583,31189,1523,,,,6.156740356466758,0.3006417507101502,6.457382107176909,1717.2305084745763,3,Saturday,True,1289,0,Long (60+ sec),6.457382107176909,YouTube engagement-reach proxy,High,Procrastination and Productivity
WcgcPWo7tO0,YouTube,UCkJEpR7JmS36tajD34Gp4VA,Short,"How To BUILD an UNBREAKABLE mindset (PREVIEW)

The full video will be released next week. Do check out our other videos on the channel for now.",,2026-04-03 11:53:48+00:00,25,14644,998,116,,,,6.815077847582628,0.7921332969134116,7.6072111444960395,585.76,11,Friday,False,143,0,Short (0-30 sec),0.3042884457798416,YouTube engagement-reach proxy,Low,Other
y3gxDIb-Skw,YouTube,UCkJEpR7JmS36tajD34Gp4VA,Long-form,"7 Signs You’re Lonely in Your Relationship

Ever felt lonely in a relationship… even when you’re not actually alone? If you’ve been feeling emotionally disconnected, unseen, or like something just feels off, this video explores 7 subtle signs of loneliness in relationships—the quiet kind that’s easy to miss but hard to ignore.

💛 Take our compatibility quiz: https://youtu.be/XDs2u8GHbsk?si=bEjGLqzlQ9CFDtOS
🛍 Our shop: https://psych2go.shop


Which sign hit closest to home for you?","relationship loneliness, feeling alone in a relationship, emotional disconnection, relationship problems, signs of loneliness, mental health relationships",2026-04-01 23:22:46+00:00,447,31291,1531,193,,,,4.892780671758653,0.616790770509092,5.509571442267744,70.00223713646533,23,Wednesday,False,485,0,Long (60+ sec),1.2121057172989038,YouTube engagement-reach proxy,Low,Relationships and Social Life
tna5aQEcieQ,YouTube,UCkJEpR7JmS36tajD34Gp4VA,Long-form,"Your Dating Style Might be Keeping You Single

Struggling to find love? This video explores how your dating style might be shaping your relationships — and why compatibility isn’t just about finding the “right person,” but understanding how you approach love. This video is a special collaboration between Psych2Go and @chloeshyboba - something we have been quietly working on for the past 3 months. Special thanks to @gracecardone4802 for helping bring this project to life and the amazing @amandasilvera .

This project is an extension of the ""Why So Many People Struggle to Find Love"" here: https://youtu.be/a2WXiwg36P8?si=JI130KFXbFbAWJal

For the first time, we wanted to experiment beyond our usual format by blending animation with real human storytelling. It’s a new direction for us, and honestly… it took a lot longer than expected. But we really wanted to create something that feels more personal, more alive, and closer to real experiences.

This is just the beginning of us exploring new ways to tell meaningful stories — not the end.

If you enjoyed this video, we’d really appreciate your support. And please take a moment to check out Chloe Shy’s work — she’s an incredible filmmaker and storyteller who brought so much heart into this project.

Thank you for being here with us as we try something new. What did you think of this style?",,2026-04-01 10:36:53+00:00,443,148348,2928,356,,,,1.9737374282093454,0.2399762720090598,2.2137137002184053,334.87133182844246,10,Wednesday,False,1354,0,Long (60+ sec),1.9923423301965648,YouTube engagement-reach proxy,Low,Relationships and Social Life
wIdClKb_8VE,YouTube,UCkJEpR7JmS36tajD34Gp4VA,Long-form,"You Help Everyone… But No One Helps You

If you’ve been feeling drained, we dive into emotional burnout, people pleasing, emotional exhaustion, compassion fatigue, and burnout from helping others—and why constantly showing up for everyone can leave you feeling empty inside.

If this resonates, take a moment to check out our “How Are You Really?” video and see where you’re at right now. https://youtu.be/mod3W-63VcA?si=gA7Fa6hAGUFwroCo This is a newer version so be sure to try it. You won't regret the time invested. 

—

💛 We also design wellness products to support your mental health journey:
https://psych2go.shop

💬 Need someone to talk to? Get 10% off your first month of therapy with BetterHelp:
https://betterhelp.com/psych2go

🎧 Take a moment to reset with our guided meditations:
https://www.youtube.com/watch?v=WmpXj-P_vCA&list=PLD4cyJhQaFwXJcL1xBloJrp8eKWYp_u

📌 Watch next:
How to Deal With Overwhelming Feelings
https://www.youtube.com/watch?v=t3GcpbXaKQI

—

🧠 References & Further Reading:

Fasola, C. (2025). The Co-Regulation Effect — Relationship Restoration.
https://relationshiprestoration.org/blog/the-co-regulation-effect 

Seppala, E. (2017). How to Give to Others Without Burning Out. Greater Good Science Center.
https://greatergood.berkeley.edu/article/item/how_to_give_to_others_without_burning_out 

Cohen, I. S. (2023). How to Be There for Others Without Burning Out. Psychology Today.
https://www.psychologytoday.com/us/blog/your-emotional-meter/202308/how-not-to-get-pulled-into-the-problems-of-others 

Brodsky, S. (2025). How to Be There for Someone Without Emotionally Draining Yourself. Wondermind.
https://www.wondermind.com/article/being-there-for-someone/ 

Smith, M., & Reid, S. (2026). Burnout: Symptoms, Treatment, and Coping Strategies. HelpGuide.
https://www.helpguide.org/mental-health/stress/burnout-prevention-and-recovery 

—

If this resonated with you…
when was the last time someone supported you?

Let us know in the comments — we’d really like to hear your story.
You can reach us at tu@psych2go.net","emotional burnout, people pleasing, emotional exhaustion, compassion fatigue, burnout from helping others",2026-03-31 13:13:47+00:00,554,106946,3362,576,,,,3.1436425859779704,0.5385895685673143,3.682232154545285,193.043321299639,13,Tuesday,False,2055,0,Long (60+ sec),3.1298973313634924,YouTube engagement-reach proxy,Medium,Burnout and Mental Pressure
vhCPLbCBzp8,YouTube,UCkJEpR7JmS36tajD34Gp4VA,Long-form,"Too Tired, so You Procrastinate

why am i procrastinating and why can’t i get anything done? in this video, we explore the psychology behind procrastination and how to stop procrastinating without falling into the trap of self-blame…
This video builds on a previous video on how to beat laziness and procrastination. We really recommend you watch it as well: https://youtu.be/f1RQZEvjICg

💛 We also design wellness products to support your mental health journey — you can explore them here:
https://psych2go.shop

We are still working on the free downloadable worksheet, but when it's ready, we will upload it to the shop for you to download for free. 

Some peer reviewed sources for further explorations:

Procrastination & emotion regulation (avoidance of negative feelings)
Sirois, F. M., & Pychyl, T. A. (2013). Procrastination and the priority of short-term mood regulation: Consequences for future self. Social and Personality Psychology Compass, 7(2), 115–127. https://doi.org/10.1111/spc3.12011
Temporal discounting & “present bias” (why we choose now over later)
Steel, P. (2007). The nature of procrastination: A meta-analytic and theoretical review of quintessential self-regulatory failure. Psychological Bulletin, 133(1), 65–94. https://doi.org/10.1037/0033-2909.133.1.65
Self-control & task avoidance (why starting feels so hard)
Tice, D. M., & Baumeister, R. F. (1997). Longitudinal study of procrastination, performance, stress, and health: The costs and benefits of dawdling. Psychological Science, 8(6), 454–458. https://doi.org/10.1111/j.1467-9280.1997.tb00460.x

As always, you can reach out to us at tu@psych2go.net","why am I procrastinating, how to stop procrastinating, procrastination psychology, why I can’t get anything done, procrastination vs laziness",2026-03-30 05:46:36+00:00,281,50363,3864,346,,,,7.672299108472489,0.6870122907690169,8.359311399241506,179.22775800711744,5,Monday,False,1637,0,Long (60+ sec),5.099179953537318,YouTube engagement-reach proxy,High,Career and Job Anxiety
_eXcyAywVK8,YouTube,UCkJEpR7JmS36tajD34Gp4VA,Long-form,"Why You Feel Sexual Urges Without Wanting Sex

Have you ever wondered, “why am I feeling sexual urges even when I don’t want sex?” Or experienced intrusive sexual thoughts that seem to appear out of nowhere? In this video, we explore the psychology behind sexual urges vs sexual desire, and why your body can feel aroused even when your mind isn’t interested. From unwanted sexual thoughts to arousal without desire, these experiences are more common—and more misunderstood—than most people think.

The referenced video mentioned in this is here: https://youtu.be/ZTjqHsjg2W4?si=__IpSZnulxvfXWIj

💛 We also design wellness products to support your mental health journey — you can explore them here:
https://psych2go.shop

Some peer reviewed sources for further explorations: 

1. Arousal vs. desire (why your body reacts without wanting sex)
Bancroft, J., & Janssen, E. (2000). The dual control model of male sexual response: A theoretical approach to centrally mediated erectile dysfunction. Neuroscience & Biobehavioral Reviews, 24(5), 571–579. https://doi.org/10.1016/S0149-7634(00)00024-8

2. Spontaneous arousal & mood (urges without emotional intent)
Lykins, A. D., Janssen, E., & Graham, C. A. (2006). The relationship between negative mood and sexuality in heterosexual college women and men. Journal of Sex Research, 43(2), 136–143. https://doi.org/10.1080/00224490609552308

3. Hormones & sexual desire (biological drivers of urges)
van Anders, S. M. (2012). Testosterone and sexual desire in healthy women and men. Archives of Sexual Behavior, 41(6), 1471–1484. https://doi.org/10.1007/s10508-012-9946-2

As always, you can reach out to us at tu@psych2go.net

We are also thinking about a video on the relationship between obsessive thoughts and sexual desires. If that's a topic you want us to work on, let us know or privately email us your experiences and we will try to include them in the script.","sexual urges, intrusive sexual thoughts, why am I horny for no reason, unwanted sexual thoughts, arousal without desire",2026-03-29 08:03:56+00:00,501,126728,4916,491,,,,3.8791742945521115,0.38744397449655954,4.266618269048672,252.95009980039922,8,Sunday,True,1912,0,Long (60+ sec),3.754624076762831,YouTube engagement-reach proxy,Medium,Academic Pressure
mod3W-63VcA,YouTube,UCkJEpR7JmS36tajD34Gp4VA,Long-form,"Quiz: How Are You Really Doing? (You Might Be Wrong)

What if you’re not as “okay” as you think… and just haven’t noticed it yet?
After the response to our first quiz, “Are You Okay, Really?”, we saw how many of you used it as a way to pause, reflect, and better understand your emotional wellbeing. So we wanted to take it further.

This time, we’ve expanded from 10 to 15 questions to improve accuracy and give you a clearer, more honest look at your mental and emotional state. We also read through your feedback carefully—and used it to make this quiz feel more personal, more thoughtful, and more helpful for you.
Whether you’re feeling overwhelmed, numb, or just unsure lately… this is your space to check in.

Take your time. Be honest with yourself.
Previous quiz: https://youtu.be/61jbsio1vhM?si=cMTTbNaImKXQLqh7
Self Help Quiz Playlist: https://www.youtube.com/watch?v=4RA56LepytM&list=PLD4cyJhQaFwUgCclDU565TvnFNVV-LzUq
If you feel comfortable, share your result in the comments—we read them all, and your experiences help shape future videos.

If there are any other quizzes you would like us to create, do let us know. We put a lot of time and heart into these quizzes. The team take them too while creating them!","mental health quiz, am i depressed or just tired, emotional burnout symptoms, how to check your mental health, signs you are not okay",2026-03-27 23:53:43+00:00,540,178416,5725,1406,,,,3.208792933369205,0.7880459151645594,3.996838848533764,330.4,23,Friday,False,1226,0,Long (60+ sec),3.757028517621738,YouTube engagement-reach proxy,Medium,Career and Job Anxiety
f1RQZEvjICg,YouTube,UCkJEpR7JmS36tajD34Gp4VA,Long-form,"It Is NOT Laziness, It Is Something DARKER

Sometimes what looks like laziness is actually burnout, anxiety, or even depression. In this video, we explore the science behind motivation, dopamine, and task paralysis — and why forcing yourself often makes it worse. Instead, we share a smarter, kinder way to rebuild momentum using proven psychology concepts like behavioral activation and energy management.

If this resonated with you, you might also want to check out our “mentally tough” videos — designed to help you build resilience, handle stress, and feel more in control during difficult moments.

The secrets to be mentally tough :) 
https://youtu.be/hUA_k76x2uE?si=W0_uCAs2AXbMaDC7

💛 We also design wellness products to support your mental health journey — you can explore them here:
https://psych2go.shop

Some peer reviewed sources for further explorations: 

1. Burnout & “laziness” as depletion (energy conservation idea)
Maslach, C., & Leiter, M. P. (2016). Understanding the burnout experience: Recent research and its implications for psychiatry. World Psychiatry, 15(2), 103–111. https://doi.org/10.1002/wps.20311

2. Behavioral activation (momentum before motivation)
Dimidjian, S., Barrera, M., Martell, C., Muñoz, R. F., & Lewinsohn, P. M. (2011). The origins and current status of behavioral activation treatments for depression. Annual Review of Clinical Psychology, 7, 1–38. https://doi.org/10.1146/annurev-clinpsy-032210-104535

3. Dopamine & motivation (reward-driven behavior)
Berridge, K. C. (2012). From prediction error to incentive salience: Mesolimbic computation of reward motivation. European Journal of Neuroscience, 35(7), 1124–1143. https://doi.org/10.1111/j.1460-9568.2012.07990.x

4. Executive dysfunction & task initiation (ADHD / “can’t start”)
Barkley, R. A. (2012). Executive functions: What they are, how they work, and why they evolved. Guilford Press.

As always, you can reach out to us at tu@psych2go.net",,2026-03-26 11:24:46+00:00,393,324081,20365,1494,,,,6.283922846448882,0.4609958621455747,6.744918708594456,824.6335877862596,11,Thursday,False,1952,0,Long (60+ sec),6.475121960250678,YouTube engagement-reach proxy,High,Burnout and Mental Pressure
VDmfHz_n6v8,YouTube,UCkJEpR7JmS36tajD34Gp4VA,Long-form,"The psychology of animal lovers

Why do some people feel closer to animals than humans? In this video, we explore why people love animals more than humans, why animals understand us better, and the psychology behind the human animal bond. If you’ve ever wondered why you connect better with animals, this may relate to emotional safety, empathy, and the role of emotional support animals in mental health. We’ll also look at subtle signs you love animals more than people and what this connection says about your emotional world. Which part resonated with you the most?

This video is a bit different from the ones we usually post; it's meant to be more light hearted, but also true about our psychology. Especially, the psychology of how we interact with pets and what pets mean to us. 

If you're a pet lover, then we hope this video helped you feel seen and heard! 
Also, we hope you can watch this video about ""Quirky Signs That You Might Be Intelligent"" https://youtu.be/dIIxtmhW69E?si=9U1iKB3V5YEJ3YQC

Sources for further readings: 

Beetz, A., Uvnäs-Moberg, K., Julius, H., & Kotrschal, K. (2012). Psychosocial and psychophysiological effects of human-animal interactions: The possible role of oxytocin. Frontiers in Psychology, 3, 234. https://doi.org/10.3389/fpsyg.2012.00234

Fine, A. H. (Ed.). (2019). Handbook on animal-assisted therapy: Foundations and guidelines for animal-assisted interventions (5th ed.). Academic Press.

McConnell, A. R., Brown, C. M., Shoda, T. M., Stayton, L. E., & Martin, C. E. (2011). Friends with benefits: On the positive consequences of pet ownership. Journal of Personality and Social Psychology, 101(6), 1239–1252. https://doi.org/10.1037/a0024506

Do you have any questions? Email us at info@psych2go.net","why people love animals more than humans, why animals understand us better, human animal bond psychology, why I connect better with animals, emotional support animals psychology, signs you love animals more than people",2026-03-19 19:12:37+00:00,443,33668,2836,590,,,,8.423428775098015,1.7524058453130569,10.175834620411074,76.0,19,Thursday,False,1751,0,Long (60+ sec),2.5439586551027684,YouTube engagement-reach proxy,Medium,Relationships and Social Life
Y-YLQZwEycQ,YouTube,UCkJEpR7JmS36tajD34Gp4VA,Short,"How We Animate Psych2Go Videos #mentalhealth

Last week, we made a video showing the work flow of our animator @rosielam. Many of you expressed gratitude for the work we do despite the semi clickbaitish title. That said, we making a shorts, because we hope that if you've not seen it yet, that you will be able to. 

Link to the video: https://youtu.be/3k7XeDq_ZZk",,2026-03-16 20:42:22+00:00,24,53213,2320,121,,,,4.359836881964934,0.22738804427489523,4.587224926239829,2217.2083333333335,20,Monday,False,364,0,Short (0-30 sec),2.9358239527934904,YouTube engagement-reach proxy,Medium,Career and Job Anxiety
J2fzVQh-jCc,YouTube,UCkJEpR7JmS36tajD34Gp4VA,Long-form,"When Someone Has Suffered Too Much, They Start Doing This

Have you ever wondered why some people never share personal things about themselves? In this video, we explore the psychology of private people and why some individuals struggle to open up emotionally. If you’ve ever asked why someone doesn’t open up emotionally, or why certain people keep everything about their lives hidden, there are often deeper psychological reasons behind it. We’ll also talk about why people hide their feelings, the signs someone may be emotionally closed off, and how past experiences can shape how safe someone feels sharing their inner world. 

Mikulincer, M., & Shaver, P. R. (2016).
Attachment in adulthood: Structure, dynamics, and change (2nd ed.). New York, NY: Guilford Press.
https://doi.org/10.4324/9781315621365

Gross, J. J. (2015).
Emotion regulation: Current status and future prospects. Psychological Inquiry, 26(1), 1–26.
https://doi.org/10.1080/1047840X.2014.940781

Barrett, L. F., Lewis, M., & Haviland-Jones, J. M. (Eds.). (2016).
Handbook of emotions (4th ed.). New York, NY: Guilford Press.

Want to reach out to our team? Contact us at info@psych2go.net","why some people never share personal things, why people are so private about their life, psychology of private people, why someone doesn't open up emotionally, signs someone is emotionally closed off, emotionally unavailable psychology, why people hide their feelings",2026-03-16 08:20:50+00:00,362,88767,5465,876,,,,6.1565671927630765,0.9868532224813275,7.143420415244404,245.21270718232043,8,Monday,False,1162,0,Long (60+ sec),5.6433021280430795,YouTube engagement-reach proxy,High,Career and Job Anxiety
oLbmMcG_od8,YouTube,UCkJEpR7JmS36tajD34Gp4VA,Long-form,"When You Feel Lonely, You Might Do This #mentalhealth #empty

Have you ever wonder if you like shopping because you are secretly lonely? Not because you love the items, but because deep down, you feel alone and buying is a way to fill that aloneness.",,2026-03-14 19:03:20+00:00,85,60443,3397,159,,,,5.620171070264546,0.26305775689492583,5.883228827159472,711.0941176470589,19,Saturday,True,250,0,Long (60+ sec),4.059427890740036,YouTube engagement-reach proxy,Medium,Relationships and Social Life
